image,caption
1022454428_b6b660a67b.jpg,"A couple and an infant , being held by the male , sitting next to a pond with a near by stroller ."
1022454428_b6b660a67b.jpg,A couple sit on the grass with a baby and stroller .
1022454428_b6b660a67b.jpg,A couple with their newborn baby sitting under a tree facing a lake .
1022454428_b6b660a67b.jpg,A man and woman care for an infant along the side of a body of water .
1022454428_b6b660a67b.jpg,Couple with a baby sit outdoors next to their stroller .
102351840_323e3de834.jpg,A man drilling a hole in the ice .
102351840_323e3de834.jpg,A man is drilling through the frozen ice of a pond .
102351840_323e3de834.jpg,A person in the snow drilling a hole in the ice .
102351840_323e3de834.jpg,A person standing on a frozen lake .
102351840_323e3de834.jpg,Two men are ice fishing .
1028205764_7e8df9a2ea.jpg,A man and a baby are in a yellow kayak on water .
1028205764_7e8df9a2ea.jpg,A man and a little boy in blue life jackets are rowing a yellow canoe .
1028205764_7e8df9a2ea.jpg,A man and child kayak through gentle waters .
1028205764_7e8df9a2ea.jpg,A man and young boy ride in a yellow kayak .
1028205764_7e8df9a2ea.jpg,Man and child in yellow kayak
103195344_5d2dc613a3.jpg,A man in black is sitting next to a modern art structure in front of a glass building .
103195344_5d2dc613a3.jpg,A man sits and reads a newspaper by a sculpture outside of an office building .
103195344_5d2dc613a3.jpg,a man sits near a large statue .
103195344_5d2dc613a3.jpg,A man sitting in front of a metal sculpture in front of a building .
103195344_5d2dc613a3.jpg,The man with the backpack is sitting in a buildings courtyard in front of an art sculpture reading .
104136873_5b5d41be75.jpg,People sit on the mountainside and check out the view .
104136873_5b5d41be75.jpg,Three people are on a hilltop overlooking a green valley .
104136873_5b5d41be75.jpg,Three people hang out on top of a big hill .
104136873_5b5d41be75.jpg,Three people overlook a green valley .
104136873_5b5d41be75.jpg,Three people rest on a ledge above the moutains .
1042590306_95dea0916c.jpg,A man and woman pose for the camera while another man looks on .
1042590306_95dea0916c.jpg,A man is holding the hand of a woman up to his mouth in front of some buildings while another man looks on .
1042590306_95dea0916c.jpg,A multiracial couple posing for a picture
1042590306_95dea0916c.jpg,"Asian man and blond woman holding hands outdoors , man in background watches ."
1042590306_95dea0916c.jpg,Guy in blue shirt biting hand of girl in black striped jacket while another guy watches
105342180_4d4a40b47f.jpg,"A girl paddling down a large river , as seen from behind her ."
105342180_4d4a40b47f.jpg,A woman kayaking down a river .
105342180_4d4a40b47f.jpg,A woman paddles a boat down a river .
105342180_4d4a40b47f.jpg,A woman with a paddle .
105342180_4d4a40b47f.jpg,A woman with a paddle sits in a boat on the water .
1056249424_ef2a2e041c.jpg,The children are playing in the water .
1056249424_ef2a2e041c.jpg,"Two boys , one with a yellow and orange ball , play in some water in front of a field ."
1056249424_ef2a2e041c.jpg,Two boys play in a puddle .
1056249424_ef2a2e041c.jpg,Two children play with a balloon in mud on a sunny day .
1056249424_ef2a2e041c.jpg,Two kids are running and playing in some water .
106490881_5a2dd9b7bd.jpg,A boy in his blue swim shorts at the beach .
106490881_5a2dd9b7bd.jpg,A boy smiles for the camera at a beach .
106490881_5a2dd9b7bd.jpg,A young boy in swimming trunks is walking with his arms outstretched on the beach .
106490881_5a2dd9b7bd.jpg,Children playing on the beach .
106490881_5a2dd9b7bd.jpg,The boy is playing on the shore of an ocean .
1067180831_a59dc64344.jpg,A black and white dog is attempting to catch a yellow and purple object in a low cut yard .
1067180831_a59dc64344.jpg,A black and white dog jumps after a yellow toy .
1067180831_a59dc64344.jpg,a black and white dog jumps to get the Frisbee .
1067180831_a59dc64344.jpg,A black dog is jumping up to catch a purple and green toy .
1067180831_a59dc64344.jpg,A dog jumps to catch a toy .
107582366_d86f2d3347.jpg,A group of eight people are gathered around a table at night .
107582366_d86f2d3347.jpg,A group of people gathered around in the dark .
107582366_d86f2d3347.jpg,A group of people sit around a table outside on a porch at night .
107582366_d86f2d3347.jpg,A group of people sit outdoors together at night .
107582366_d86f2d3347.jpg,A group of people sitting at a table in a darkened room .
1075867198_27ca2e7efe.jpg,A man in a brown shirt and dark shorts plays on the beach with his two black dogs .
1075867198_27ca2e7efe.jpg,A man in shorts with two black dogs holds a ball throwing toy at the beach .
1075867198_27ca2e7efe.jpg,a man playing with two black dogs on the beach
1075867198_27ca2e7efe.jpg,A man with two dogs on a beach
1075867198_27ca2e7efe.jpg,Man at the beach with two dogs .
1075881101_d55c46bece.jpg,a boy cleans the bubbles off his face .
1075881101_d55c46bece.jpg,A boy covered in suds has his face wiped clean .
1075881101_d55c46bece.jpg,A boy is covered in bubbles .
1075881101_d55c46bece.jpg,A child covered in foam is climbing on a black inflatable ramp .
1075881101_d55c46bece.jpg,A person covered in soapy water is getting cleaned off .
1079274291_9aaf896cc1.jpg,A little boy sticks his tongue out for the camera . Another boy looks on .
1079274291_9aaf896cc1.jpg,Two boys make faces .
1079274291_9aaf896cc1.jpg,"Two young boys are looking at the camera , one smiling , the other sticking his tongue out ."
1079274291_9aaf896cc1.jpg,Two young boys look up at the camera as one sticks out his tongue .
1079274291_9aaf896cc1.jpg,two young boys making silly faces .
1084040636_97d9633581.jpg,A closeup of a white dog that is laying its head on its paws .
1084040636_97d9633581.jpg,a large white dog lying on the floor .
1084040636_97d9633581.jpg,A white dog has its head on the ground .
1084040636_97d9633581.jpg,A white dog is resting its head on a tiled floor with its eyes open .
1084040636_97d9633581.jpg,A white dog rests its head on the patio bricks .
1088767354_2acee738cf.jpg,A woman in a red costume to the left of a man and woman standing together .
1088767354_2acee738cf.jpg,A woman wearing a red costume looks at two other people standing on a street .
1088767354_2acee738cf.jpg,A young woman in a red sequined costume and feather stands on the sidewalk .
1088767354_2acee738cf.jpg,The girl in the salmon colored bikini is standing next to two young people ; one is wearing a black outfit and the other is drinking pop .
1088767354_2acee738cf.jpg,Two young people are approached by a flamboyant young woman dressed in a red bikini and a red feathered headress .
1089755335_0bfbfd30e6.jpg,A mother and children is fishing on a boardwalk at night .
1089755335_0bfbfd30e6.jpg,A woman and three children stand on a deck with a fishing pole .
1089755335_0bfbfd30e6.jpg,A woman stands with children on a boardwalk at night overlooking the sea .
1089755335_0bfbfd30e6.jpg,Some people on a pier at night with one girl fishing off it .
1089755335_0bfbfd30e6.jpg,Woman with three children fishing over boardwalk in the evening .
1093737381_b313cd49ff.jpg,A woman in a blue dress stands with a chalk portrait of two children playing by a stream .
1093737381_b313cd49ff.jpg,A woman standing in front of a chalk drawing
1093737381_b313cd49ff.jpg,A woman stands next to a chalk drawing in front of a barn-like structure .
1093737381_b313cd49ff.jpg,A woman stands outside near an elaborate chalk illustration .
1093737381_b313cd49ff.jpg,A woman wearing a blue dress is drawing a picture of a boy and a girl on the sidewalk with sidewalk chalk .
1094462889_f9966dafa6.jpg,A brown dog plays in a deep pile of snow .
1094462889_f9966dafa6.jpg,A dog looking at the camera in snow .
1094462889_f9966dafa6.jpg,a dog runs through the snow .
1094462889_f9966dafa6.jpg,A tan dog stand in the snow and looks up .
1094462889_f9966dafa6.jpg,The brown dog is out in the snow .
1095980313_3c94799968.jpg,A little girl in a blue swimsuit is walking along a wooden fence next to a sandy beach .
1095980313_3c94799968.jpg,A little girl with arms outstretched is posing at the beach .
1095980313_3c94799968.jpg,A young girl walks on a railing in front of the beach .
1095980313_3c94799968.jpg,Little girl in blue swimsuit standing on a handrail near a beach .
1095980313_3c94799968.jpg,The little girl in the blue bathing suit is posing at the beach .
1096395242_fc69f0ae5a.jpg,A boy with a toy gun .
1096395242_fc69f0ae5a.jpg,A little boy in orange shorts playing with a toy .
1096395242_fc69f0ae5a.jpg,A young boy with his foot outstretched aims a toy at the camera in front of a fireplace .
1096395242_fc69f0ae5a.jpg,A young child plays with his new light-up toy .
1096395242_fc69f0ae5a.jpg,Boy with toy gun pointed at the camera .
109671650_f7bbc297fa.jpg,A boy in yellow shorts is standing on top of a cliff .
109671650_f7bbc297fa.jpg,A boy wearing blue and yellow walking on a cliff edge .
109671650_f7bbc297fa.jpg,A little boy standing high in the air on a rock .
109671650_f7bbc297fa.jpg,A young child is standing alone on some jagged rocks .
109671650_f7bbc297fa.jpg,Child stands near edge of cliff .
109823394_83fcb735e1.jpg,Three people drive ATVs .
109823394_83fcb735e1.jpg,Three people on ATVs in a brown field turn their heads to look at the camera .
109823394_83fcb735e1.jpg,Three people on ATV 's outside .
109823394_83fcb735e1.jpg,three people on four wheel ATV 's in a field .
109823394_83fcb735e1.jpg,Three people ride their four wheelers through the field .
109823397_e35154645f.jpg,A man jumps gin the air while riding an ATV
109823397_e35154645f.jpg,A man on a four-wheeler jumps near a small building .
109823397_e35154645f.jpg,An ATV is airborne over a field in front of a white structure .
109823397_e35154645f.jpg,A person dressed in a tan jacket jumps a quad over a harvested cornfield in front of a small out building .
109823397_e35154645f.jpg,Man on four wheeler in the air .
1104133405_c04a00707f.jpg,A boy carrying a soccer ball .
1104133405_c04a00707f.jpg,A boy walks with a ball tucked under his arm .
1104133405_c04a00707f.jpg,A boy walks with a soccer ball near a fence .
1104133405_c04a00707f.jpg,A boy wearing a white t-shirt walks on the grass and carries a soccer ball .
1104133405_c04a00707f.jpg,Small boy carries a soccer ball on a field .
1105959054_9c3a738096.jpg,A child painting a picture .
1105959054_9c3a738096.jpg,An artist paints clouds onto a canvas .
1105959054_9c3a738096.jpg,A young girl painting a picture .
1105959054_9c3a738096.jpg,A young girl with braids is painting with water colors on a white paper on the wall .
1105959054_9c3a738096.jpg,The child paints on a large paper with water colors .
1110208841_5bb6806afe.jpg,A black and white Border Collie catches a Frisbee in front of an audience .
1110208841_5bb6806afe.jpg,a brown and white dog catches a Frisbee in it mouth in front of a group of people .
1110208841_5bb6806afe.jpg,A brown and white dug jumping up to catch a Frisbee while an audience watches .
1110208841_5bb6806afe.jpg,"A dog jumps to catch a Frisbee , while many people watch ."
1110208841_5bb6806afe.jpg,An agile dog catches a Frisbee while a crowd of onlookers watches closely .
1112212364_0c48235fc2.jpg,A baby is sitting on and playing with smooth rocks .
1112212364_0c48235fc2.jpg,A baby is stacking rocks on the beach .
1112212364_0c48235fc2.jpg,A small boy is playing with rocks
1112212364_0c48235fc2.jpg,A toddler sitting on a pile of rocks holding a rock at a beach .
1112212364_0c48235fc2.jpg,Toddler sits on a pile of rocks .
1115679311_245eff2f4b.jpg,A black dog is jumping over a log along a beach .
1115679311_245eff2f4b.jpg,A black dog runs along the beach and jumps over a wood barrior .
1115679311_245eff2f4b.jpg,A dog is running on the beach .
1115679311_245eff2f4b.jpg,a dog jumping over a small wall at a beach near the water .
1115679311_245eff2f4b.jpg,An animal is running on the beach .
1129704496_4a61441f2c.jpg,A brown and white and a black and white dog hauling in a floating toy from the ocean .
1129704496_4a61441f2c.jpg,Both dogs retrieve the play toy from the water .
1129704496_4a61441f2c.jpg,Two dogs in the ocean playing with a toy
1129704496_4a61441f2c.jpg,Two dogs run through the water with a rope in their mouths .
1129704496_4a61441f2c.jpg,Two dogs tug at a chew toy in the surf .
1141718391_24164bf1b1.jpg,"A bridge through high green plants , a man and a woman on it ."
1141718391_24164bf1b1.jpg,A man and a woman are crossing over a rope bridge with greenery all over them .
1141718391_24164bf1b1.jpg,A man and a woman are walking across a rope bridge .
1141718391_24164bf1b1.jpg,A man and a woman crossing a suspension bridge in a tropical setting .
1141718391_24164bf1b1.jpg,Woman and man walking across wooden rope bridge with a caution sign beside it .
1141739219_2c47195e4c.jpg,A family gathered at a painted van
1141739219_2c47195e4c.jpg,A girl climbing down from the side of a bright blue truck while others watch .
1141739219_2c47195e4c.jpg,A man is helping a girl step down from a colorful truck whilst a woman and three children watch .
1141739219_2c47195e4c.jpg,A very colorful bus is pulled off to the side of the road as its passengers load .
1141739219_2c47195e4c.jpg,Two women and four children standing next to a brightly painted truck .
116409198_0fe0c94f3b.jpg,A man eats near a tent in the snow .
116409198_0fe0c94f3b.jpg,A man sitting near a tent in the snow and ice .
116409198_0fe0c94f3b.jpg,A mountaineer sits in the snow in front of a yellow tent under clear blue sky .
116409198_0fe0c94f3b.jpg,Person wearing a hooded jacket sitting on snow in front of a yellow tent .
116409198_0fe0c94f3b.jpg,Young man in hooded jacket sitting on snow in mountain area .
1174525839_7c1e6cfa86.jpg,A girl in blue is jumping on the shore as small waves approach her .
1174525839_7c1e6cfa86.jpg,A girl leaps into the air while standing by the ocean .
1174525839_7c1e6cfa86.jpg,"A young , long-haired , girl on the beach , is jumping in the air ."
1174525839_7c1e6cfa86.jpg,The girl is running into the ocean from the shore .
1174525839_7c1e6cfa86.jpg,The girls is jumping into the air on the beach .
1174629344_a2e1a2bdbf.jpg,A crowd of people walk down a busy sidewalk .
1174629344_a2e1a2bdbf.jpg,A group of different people are walking in all different directions in a city .
1174629344_a2e1a2bdbf.jpg,A group of people walking a city street in warm weather .
1174629344_a2e1a2bdbf.jpg,Busy intersection in the summer time in a city
1174629344_a2e1a2bdbf.jpg,People in summer clothes are walking on the sidewalk of a large city .
1191338263_a4fa073154.jpg,A little old lady sitting next to an advertisement .
1191338263_a4fa073154.jpg,An Asian woman waiting at an underground train stop .
1191338263_a4fa073154.jpg,An old woman sits in a transit station next to a backlit advertisement .
1191338263_a4fa073154.jpg,A woman sits in a subway station .
1191338263_a4fa073154.jpg,"A woman with an umbrella is sitting at a station , with an Aquos commercial on the wall ."
1193116658_c0161c35b5.jpg,A girl rides a unicycle as another rides a scooter next to her .
1193116658_c0161c35b5.jpg,A girl rides a unicycle with a child who rides a scooter .
1193116658_c0161c35b5.jpg,A young girl rides a unicycle next to another riding a scooter on a busy street .
1193116658_c0161c35b5.jpg,The girl on the unicycle reaches out for the child on the scooter .
1193116658_c0161c35b5.jpg,There is a girl on a unicycle and a child on a scooter .
119534510_d52b3781a3.jpg,A man in a brown shirt sitting on a dock and reading .
119534510_d52b3781a3.jpg,"A man is sitting next to the water , reading ."
119534510_d52b3781a3.jpg,A man reading a book on the dock near a post .
119534510_d52b3781a3.jpg,A person in a brown jacket is sitting on a pier by the water reading .
119534510_d52b3781a3.jpg,Person sitting on concrete landing next to body of water
1204996216_71d7519d9a.jpg,A boy lays on a picnic table bench .
1204996216_71d7519d9a.jpg,A child is laying down on a wooden bench .
1204996216_71d7519d9a.jpg,A child is on a bench with arms stretched out .
1204996216_71d7519d9a.jpg,A little boy in a red shirt sitting on a wooden picnic table bench .
1204996216_71d7519d9a.jpg,A little boy lies down on a picnic table bench .
1213336750_2269b51397.jpg,A man in a black jacket is taking a photo of a man in a red jacket .
1213336750_2269b51397.jpg,A man in a black outfit is taking a photograph of a man in a red jacket .
1213336750_2269b51397.jpg,A man takes a picture of another man in an open area just off of a busy street .
1213336750_2269b51397.jpg,A young man taking a picture of another young man outdoors
1213336750_2269b51397.jpg,Young man takes picture of another young man in front of church .
1215334959_b1970965f7.jpg,A family sits on a bench near a beach .
1215334959_b1970965f7.jpg,A family sits on a bench overlooking the beach .
1215334959_b1970965f7.jpg,"A man , woman , girl , and boy sit on a concrete bench by a beach ."
1215334959_b1970965f7.jpg,Family sitting on a bench near the beach .
1215334959_b1970965f7.jpg,Taking a break while vacationing at the beach
121971540_0a986ee176.jpg,two men cleaning the outside windows of a yacht
121971540_0a986ee176.jpg,Two men climb the side of a boat .
121971540_0a986ee176.jpg,Two men on the side of a barge
121971540_0a986ee176.jpg,Two people outside cleaning windows while on a ledge of a boat .
121971540_0a986ee176.jpg,Two people stand on the side of a large white and red boat .
1222322358_225067636e.jpg,A boy in a red and white shirt is on a swing .
1222322358_225067636e.jpg,A child looking back on a fast moving swing .
1222322358_225067636e.jpg,A litlle boy playing on a swing
1222322358_225067636e.jpg,A young boy in orange and white swings in a playground at a park .
1222322358_225067636e.jpg,A young boy plays on a swing .
1229756013_94663527d7.jpg,A brown dog jumping in the air on a brown plain .
1229756013_94663527d7.jpg,A brown dog jumping into the air to catch a ball .
1229756013_94663527d7.jpg,A brown dog leaping to catch a ball .
1229756013_94663527d7.jpg,A coppery dog leaps to catch a ball .
1229756013_94663527d7.jpg,A dog leaps into the air in a grassy field surrounded by trees .
1240297429_c36ae0c58f.jpg,A dog in a number six jersey is running through a field .
1240297429_c36ae0c58f.jpg,A dog is leaping through the grass .
1240297429_c36ae0c58f.jpg,A dog is wearing a red number 6 and running through a field of green grass while being chased by a bird .
1240297429_c36ae0c58f.jpg,A white and tan dog leaps through the air .
1240297429_c36ae0c58f.jpg,The dog in a vest leaps in the air and there is a bird flying .
124195430_d14028660f.jpg,A brown horse and a black foal on the beach
124195430_d14028660f.jpg,A brown horse stands near a black horse that is sitting on the ground .
124195430_d14028660f.jpg,A large brown horse stands over a small black colt that is kneeling on the sand .
124195430_d14028660f.jpg,An adult horse approaching a foal on a sandy plain .
124195430_d14028660f.jpg,A thin brown horse standing and a small black horse sitting on sand .
1248940539_46d33ed487.jpg,Three children are playing in sand near to the beach .
1248940539_46d33ed487.jpg,Three children playing in sand at beach
1248940539_46d33ed487.jpg,Three girls play in the sand .
1248940539_46d33ed487.jpg,"Three little blond girls , two in blue , one in pink , play on a sunny beach ."
1248940539_46d33ed487.jpg,Three young girls dance on the beach in the sand .
1255504166_f2437febcb.jpg,A boy playing in a lake
1255504166_f2437febcb.jpg,A child is splashing in the water
1255504166_f2437febcb.jpg,A little boy is playing in the water with a beautiful sunset and mountains in the background .
1255504166_f2437febcb.jpg,A small child in water with a splash encircling him while the white clouds float over the mountains .
1255504166_f2437febcb.jpg,A young boy plays in the water with the mountains in the background .
1262454669_f1caafec2d.jpg,A girl in a white shirt is sitting on a park bench with a dog next to her .
1262454669_f1caafec2d.jpg,A woman eats on a bench while a brown and white leashed dog stands next to her .
1262454669_f1caafec2d.jpg,a woman is sitting on a bench with a latte in her lap and a white dog on a blue leash to her side .
1262454669_f1caafec2d.jpg,A woman sits on a bench at the park with her dog in front of her .
1262454669_f1caafec2d.jpg,Woman sitting on bench and holding the leash of a large white and brown dog .
1271210445_7f7ecf3791.jpg,girls seated at table with a candle covered with lit candles
1271210445_7f7ecf3791.jpg,A birthday celebration taking place for a girl who has reached age 5 .
1271210445_7f7ecf3791.jpg,Boy and his family celebrating his birthday with a brightly lit cake .
1271210445_7f7ecf3791.jpg,Smiling children gathered around a birthday cake
1271210445_7f7ecf3791.jpg,"Woman and four little girls , near cake with candles ."
1273001772_1585562051.jpg,About 12 kids and a few adults get splashed by an off camera source .
1273001772_1585562051.jpg,A group of children are in a water fountain .
1273001772_1585562051.jpg,A group of children standing in a shallow pool of water .
1273001772_1585562051.jpg,A group of young kids play in the water on a sunny day .
1273001772_1585562051.jpg,Children and adults play with a sprinkler .
127490019_7c5c08cb11.jpg,A girl is getting ready to swing the club .
127490019_7c5c08cb11.jpg,A woman in shorts and a blue sleeveless shirt leans over a golf club .
127490019_7c5c08cb11.jpg,A woman is taking a swing with a golf club .
127490019_7c5c08cb11.jpg,A woman wearing a blue shirt and hat with khaki shorts plays golf .
127490019_7c5c08cb11.jpg,A woman wearing blue begins a golf swing .
12830823_87d2654e31.jpg,Children sit and watch the fish moving in the pond
12830823_87d2654e31.jpg,people stare at the orange fish .
12830823_87d2654e31.jpg,Several people are standing near a fish pond .
12830823_87d2654e31.jpg,Some children watching fish in a pool .
12830823_87d2654e31.jpg,There are several people and children looking into water with a blue tiled floor and goldfish .
1287475186_2dee85f1a5.jpg,A boy sitting in water .
1287475186_2dee85f1a5.jpg,A small boy is sitting in the water and water is splashing up through his legs .
1287475186_2dee85f1a5.jpg,A young boy in a swimming suit sits in water .
1287475186_2dee85f1a5.jpg,A young boy sitting on a water jet in a pool .
1287475186_2dee85f1a5.jpg,Little boy sitting in water with a fountain coming up through his lap .
1287931016_fb015e2e10.jpg,A black and a white dog on the snow .
1287931016_fb015e2e10.jpg,A black dog and a white dog are standing on snow .
1287931016_fb015e2e10.jpg,"Two dogs , one black and one white , face the camera in a field of snow ."
1287931016_fb015e2e10.jpg,Two dogs standing in the snow .
1287931016_fb015e2e10.jpg,two dogs stand in the snow .
1287982439_6578006e22.jpg,A big brown dog is jumping in the water and has his mouth wide open .
1287982439_6578006e22.jpg,A brown dog barks over its shoulder in the water .
1287982439_6578006e22.jpg,A dog jumping in the water at a beack .
1287982439_6578006e22.jpg,A dog runs through the water as he looks up at the sky with his mouth open .
1287982439_6578006e22.jpg,A dog with a collar running through the water
1289142574_2bd6a082dd.jpg,A boy jumps from one picnic table to another .
1289142574_2bd6a082dd.jpg,A boy jumps from one table to another at a park .
1289142574_2bd6a082dd.jpg,A child is walking from one picnic table to another .
1289142574_2bd6a082dd.jpg,A young boy is running on picnic tables at a park .
1289142574_2bd6a082dd.jpg,The boy hops from one picnic table to the other in the park .
129599450_cab4e77343.jpg,A backpacker in the mountains wearing an american flag .
129599450_cab4e77343.jpg,A hiker carring an American flag .
129599450_cab4e77343.jpg,A hiker with an American flag on his backpack walks through the woods .
129599450_cab4e77343.jpg,A man is hiking on a mountain path with an American flag on his backpack .
129599450_cab4e77343.jpg,A person hikes on a mountain .
1299459562_ed0e064aee.jpg,"Three boys in baggy bathing suits play in splashing water in front a of grey , block wall ."
1299459562_ed0e064aee.jpg,three boys in size order getting wet next to a wall
1299459562_ed0e064aee.jpg,Three boys play in a spray of water .
1299459562_ed0e064aee.jpg,Three boys playing in some water .
1299459562_ed0e064aee.jpg,Three shirtless boys are playing in the water .
1313961775_824b87d155.jpg,A girl floating wearing a life vest .
1313961775_824b87d155.jpg,A girl wearing a life vest floats in water .
1313961775_824b87d155.jpg,A young girl floats on her back in water and peers over her life jacket .
1313961775_824b87d155.jpg,a young girl wearing a bulky red life jacket floating in a lake .
1313961775_824b87d155.jpg,The little girl is wearing a floating device in the water .
1322323208_c7ecb742c6.jpg,A boy and a girl playing on the beach .
1322323208_c7ecb742c6.jpg,A small boy and girls are playing in the sand on the beach .
1322323208_c7ecb742c6.jpg,"Two children , one of which is holding a stick , are standing on the beach as the sun begins to set ."
1322323208_c7ecb742c6.jpg,Two children on the beach silhouetted by the setting sun .
1322323208_c7ecb742c6.jpg,Two young children playing with sticks at the beach .
1329832826_432538d331.jpg,"People stand on a street corner at dusk , with a pharmacy in the background ."
1329832826_432538d331.jpg,People stand outside of the Rite Aid pharmacy on Broadway .
1329832826_432538d331.jpg,People waiting to cross the street in front of a pharmacy with lit up sign .
1329832826_432538d331.jpg,Some people look to cross the street in front of a drug store .
1329832826_432538d331.jpg,This is a picture of a Broadway Rite Aid Pharmacy that has a bright neon sign and people are prepared to cross the street in front of it .
1338523142_57fce8229b.jpg,A backpacker walks down a rocky mountain .
1338523142_57fce8229b.jpg,A hiker walks down a rocky path towards land with water .
1338523142_57fce8229b.jpg,A man with a black and blue backpack hikes down a rock face .
1338523142_57fce8229b.jpg,Hiker climbing down a snow and rock covered mountain .
1338523142_57fce8229b.jpg,The man climbs through the rocks and snow .
1346051107_9cdc14e070.jpg,A man is playing a saxophone next to a fire hydrant .
1346051107_9cdc14e070.jpg,A man plays saxophone next to a yellow fire hydrant .
1346051107_9cdc14e070.jpg,A man stands by a wall playing a saxophone .
1346051107_9cdc14e070.jpg,Man playing musical instrument standing beside a yellow and red fire hydrant
1346051107_9cdc14e070.jpg,The man is standing next to a fire hydrant and playing a saxophone .
1347519824_e402241e4f.jpg,A few girls with green foam statue of liberty hats on a train
1347519824_e402241e4f.jpg,Some young adults are wearing green foam statute of liberty crowns .
1347519824_e402241e4f.jpg,Some young people take photos of each other while in New York .
1347519824_e402241e4f.jpg,Three woman with statue of liberty hats and taking a picture .
1347519824_e402241e4f.jpg,Two woman wearing statue of liberty hats get their picture taken in a subway .
1348113612_5bfc5f429e.jpg,A black and white dog jumping into a pool after tennis balls .
1348113612_5bfc5f429e.jpg,a black and white dog jumping into a pool with a lot of tennis balls in it .
1348113612_5bfc5f429e.jpg,A black dog jumps into a pool that has many yellow balls in it .
1348113612_5bfc5f429e.jpg,A dog jumps into a swimming pool to retrieve some floating tennis balls .
1348113612_5bfc5f429e.jpg,A dog swims in a pool .
1348891916_ebd4413033.jpg,A brown dog on a leash runs through the white water .
1348891916_ebd4413033.jpg,A soaked dog is playing in the water .
1348891916_ebd4413033.jpg,A tan dog on a leash running in shallow ocean water .
1348891916_ebd4413033.jpg,A wet dog on a leash is running through some water .
1348891916_ebd4413033.jpg,Brown dog running through shallow water .
1348947380_14f0fc1237.jpg,A man and a dog stand on a hill overlooking water .
1348947380_14f0fc1237.jpg,a man walks his dog near the ocean .
1348947380_14f0fc1237.jpg,an elderly man is walking a brown dog using a red leash .
1348947380_14f0fc1237.jpg,An elderly man takes his dog for a walk near the water .
1348947380_14f0fc1237.jpg,An old man holding a camera while walking a small brown dog .
1348957576_c4a78eb974.jpg,A blonde woman in a white tank top and sunglasses is talking to a man sitting next to boats on a rock surface .
1348957576_c4a78eb974.jpg,A man and a woman are sitting on the ground and surrounded by boats .
1348957576_c4a78eb974.jpg,A man and a woman sitting near small boats .
1348957576_c4a78eb974.jpg,The man and woman are sitting by the boats .
1348957576_c4a78eb974.jpg,Two people sitting beside a few small boats .
1351764581_4d4fb1b40f.jpg,A firefighter extinguishes a fire under the hood of a car .
1351764581_4d4fb1b40f.jpg,a fireman spraying water into the hood of small white car on a jack
1351764581_4d4fb1b40f.jpg,"A fireman sprays inside the open hood of small white car , on a jack ."
1351764581_4d4fb1b40f.jpg,A fireman using a firehose on a car engine that is up on a carjack .
1351764581_4d4fb1b40f.jpg,Firefighter uses water to extinguish a car that was on fire .
1354318519_2f9baed754.jpg,A baby is laughing .
1354318519_2f9baed754.jpg,A baby laughs at his reflection in a mirror .
1354318519_2f9baed754.jpg,A blonde haired toddler in a burgundy hoodie smiling .
1354318519_2f9baed754.jpg,a boy in a red hooded top is smiling whilst looking away from his reflection .
1354318519_2f9baed754.jpg,A child in front of his own reflection turning towards the camera and smiling .
1355703632_5683a4b6fb.jpg,A female softball player making a pitch .
1355703632_5683a4b6fb.jpg,A girl is winding up to throw a softball .
1355703632_5683a4b6fb.jpg,A teenage girl is catching a softball during a game .
1355703632_5683a4b6fb.jpg,Kids playing softball .
1355703632_5683a4b6fb.jpg,Young girl playing softball with white house in background
1361420539_e9599c60ae.jpg,A black dog is running in the grass .
1361420539_e9599c60ae.jpg,A black poodle is running through the grass .
1361420539_e9599c60ae.jpg,A small black dog is in the grass .
1361420539_e9599c60ae.jpg,The black dog is running through the grass .
1361420539_e9599c60ae.jpg,The black dog is walking through the tall grass .
1363924449_487f0733df.jpg,A boy holds his hands on his head .
1363924449_487f0733df.jpg,A child with his hands on his head .
1363924449_487f0733df.jpg,A little boy in a striped shirt has his hands on his head .
1363924449_487f0733df.jpg,A little boy stands with his hands on top of his head
1363924449_487f0733df.jpg,The blond boy wearing a striped shirt is walking through the grass .
136639119_6040b00946.jpg,A climber is attempting to climb around an overhang above the woods .
136639119_6040b00946.jpg,A man climbs up a cliff and reaches an overhang .
136639119_6040b00946.jpg,A man is rock climbing under a large cliff .
136639119_6040b00946.jpg,A person is rock climbing .
136639119_6040b00946.jpg,Climber on rock formation using ropes .
136644885_f7d2bbf546.jpg,A group of people walking across a rope bridge .
136644885_f7d2bbf546.jpg,A woman is crossing a rope bridge .
136644885_f7d2bbf546.jpg,A woman is crossing a rope bridge in the trees with other people waiting at one end .
136644885_f7d2bbf546.jpg,A woman wearing a white shirt and jeans crosses a rope bridge in a wooded area .
136644885_f7d2bbf546.jpg,three people are crossing a rope bridge hung between pine trees .
1368338041_6b4077ca98.jpg,Three dogs looking at a cement ledge .
1368338041_6b4077ca98.jpg,Three dogs on a sidewalk .
1368338041_6b4077ca98.jpg,Three small dogs sniff at somthing .
1368338041_6b4077ca98.jpg,"Three small dogs , two white and one black and white , on a sidewalk ."
1368338041_6b4077ca98.jpg,Two white dogs look at one black dog on a paved walkway .
138705546_be7a6845dd.jpg,Two girls looking out over a lake towards a man fishing .
138705546_be7a6845dd.jpg,Two girls on the shore watch people in a boat fish .
138705546_be7a6845dd.jpg,Two girls sit along a lake while a man in the background fishes
138705546_be7a6845dd.jpg,"Two little girls in bathing suits sit on the shore of a lake , watching someone fishing from a boat ."
138705546_be7a6845dd.jpg,Two little girls in pink bathing suit tops sit on rocks by the water .
1390268323_2c8204e91c.jpg,Two children climb into the back of a vehicle from the front seat .
1390268323_2c8204e91c.jpg,Two children in swim trunks climb through a car
1390268323_2c8204e91c.jpg,two small boys wearing only their underwear climbing a bench in a van
1390268323_2c8204e91c.jpg,Two young boys are climbing over the seat in a vehicle .
1390268323_2c8204e91c.jpg,"Two young boys , wearing just underwear , climb around a vehicle ."
1394396709_65040d97ab.jpg,A brown dog carrying a black object .
1394396709_65040d97ab.jpg,A dog retrieving in the water .
1394396709_65040d97ab.jpg,A dog with a water pack is walking through clear green water .
1394396709_65040d97ab.jpg,The dog is running through the water carrying a black and yellow object in its mouth .
1394396709_65040d97ab.jpg,The Irish Setter is retrieving a flashlight from the pond .
1400424834_1c76e700c4.jpg,A lady dressed in shades of black waits on the sidewalk for a train .
1400424834_1c76e700c4.jpg,A skinny girl in large boots is standing by the roadside .
1400424834_1c76e700c4.jpg,"A tall , thin , brunette girl wearing combat boots standing on a sidewalk ."
1400424834_1c76e700c4.jpg,A woman standing by a wire fence on a sidewalk .
1400424834_1c76e700c4.jpg,Woman in zebra print top and tight jeans standing on a curb .
1402843760_d30f1dbf0f.jpg,a dog trots through the grass .
1402843760_d30f1dbf0f.jpg,A fluffy white dog is outside .
1402843760_d30f1dbf0f.jpg,A white dog competing in an agility event .
1402843760_d30f1dbf0f.jpg,A white dog lifts its paw as it stands on the grass near striped poles .
1402843760_d30f1dbf0f.jpg,The small furry white dog is walking in the green grass .
140430106_2978fda105.jpg,A dog is running along a beach on a sunny day .
140430106_2978fda105.jpg,A dog running at the beach in front of the ocean and a bright blue cloudy sky .
140430106_2978fda105.jpg,A dog runs along the short at a beach .
140430106_2978fda105.jpg,A lean dog runs along the beach .
140430106_2978fda105.jpg,Slender dog running in the sand on a sunny day .
1410193619_13fff6c875.jpg,A baby stands on the side of a couch and knocks over a lamp .
1410193619_13fff6c875.jpg,A small child climbs onto the arm of a red couch .
1410193619_13fff6c875.jpg,"Baby indoors , climbing on red couch arm , reaching for lamp ."
1410193619_13fff6c875.jpg,Small girl in a teal dress on the arm of a chair reaching for a floor lamp .
1410193619_13fff6c875.jpg,Woman sitting on a red couch inside the house .
1414820925_3504c394e1.jpg,A man in red shorts jumping in back of a volleyball net .
1414820925_3504c394e1.jpg,A man in red shorts jumps behind a volleyball net .
1414820925_3504c394e1.jpg,A man in red swim trunks playing volleyball .
1414820925_3504c394e1.jpg,Athletic man spiking volleyball .
1414820925_3504c394e1.jpg,Guy in red shorts jumping up in front of volleyball net
141755290_4b954529f3.jpg,A vendor in all pink and red clothing is preparing her wears while looking forward .
141755290_4b954529f3.jpg,A woman in an red tracksuit squeezing lemons in a press .
141755290_4b954529f3.jpg,A woman wearing a floral necklace makes a drink and smiles .
141755290_4b954529f3.jpg,The lady is selling freshly squeezed lemonade .
141755290_4b954529f3.jpg,The woman is squeezing juice to make drinks .
1418503947_953d373632.jpg,A man in an orange hat pulls a cigarette out of a box .
1418503947_953d373632.jpg,A man reaches into his pack for a cigarette .
1418503947_953d373632.jpg,A man takes out a cigarette .
1418503947_953d373632.jpg,A man with a orange hat and a brown jacket has a cigarette in his mouth .
1418503947_953d373632.jpg,There is a man with a brown hat lighting a cigarette .
1420060118_aed262d606.jpg,A child dressed as a ninja is jumping through the air under a large tree .
1420060118_aed262d606.jpg,A child in a ninja outfit does a jumping kick .
1420060118_aed262d606.jpg,A man wearing a martial arts uniform is jumping through the air .
1420060118_aed262d606.jpg,A person with a black and red outfit and a black hood is up in the air .
1420060118_aed262d606.jpg,a young ninja jumps into the air .
1425069308_488e5fcf9d.jpg,A dog on two legs with its mouth opened toward a blue ball in the air .
1425069308_488e5fcf9d.jpg,A white dog catching a blue ball
1425069308_488e5fcf9d.jpg,A white dog jumps to catch a blue ball in a living room .
1425069308_488e5fcf9d.jpg,The dog is jumping in the air to catch a ball .
1425069308_488e5fcf9d.jpg,"Two dogs in a family room are playing , one is catching a ball in its mouth ."
1425485485_d7c97a5470.jpg,A girl touches a boys face ; both are smiling .
1425485485_d7c97a5470.jpg,A girl with her eyes closed is touching a boy 's cheeks .
1425485485_d7c97a5470.jpg,Little girl laughing and touching a boy 's face as they lean toward each other .
1425485485_d7c97a5470.jpg,"Two children , a boy and a girl ."
1425485485_d7c97a5470.jpg,Two children facing each other and laughing .
1429546659_44cb09cbe2.jpg,A white dog and a black dog in a field .
1429546659_44cb09cbe2.jpg,A white dog with a branch in his mouth and a black dog .
1429546659_44cb09cbe2.jpg,A white dog with a stick in his mouth standing next to a black dog .
1429546659_44cb09cbe2.jpg,"Two dogs are standing next to each other , and the white dog has a stick in its mouth ."
1429546659_44cb09cbe2.jpg,Two dogs stand in the brown grass .
1429814475_0b592b9995.jpg,A lady sitting down and someone with black shorts and shoes
1429814475_0b592b9995.jpg,A lady with a scooter sits on the side of the sidewalk .
1429814475_0b592b9995.jpg,A woman sits on the curb next to a scooter talking to a man .
1429814475_0b592b9995.jpg,The lady rest on the curb after riding her razer .
1429814475_0b592b9995.jpg,The woman is sitting on a short concrete wall next to a scooter .
1433142189_cda8652603.jpg,A hiker is walking a treeless path up a hill .
1433142189_cda8652603.jpg,A man is backpacking up a grassy hill .
1433142189_cda8652603.jpg,A man with a big backpack is walking through a grass trail up a hill .
1433142189_cda8652603.jpg,Person hiking up a grassy trail toward a large hill .
1433142189_cda8652603.jpg,The hiker is following a trail uphill .
1434607942_da5432c28c.jpg,A child rides on a man 's shoulders .
1434607942_da5432c28c.jpg,A child wearing a red jacket is sitting on the man 's shoulders .
1434607942_da5432c28c.jpg,A man carrying a girl on his shoulders .
1434607942_da5432c28c.jpg,A small child in a red jacket is sitting on a man 's shoulders and holding his head .
1434607942_da5432c28c.jpg,A white man with carrying hair and a beard with a child on his shoulders .
143688283_a96ded20f1.jpg,a man in a harness climbing a rock wall
143688283_a96ded20f1.jpg,A man with a white shirt and helmet is climbing a mountain .
143688283_a96ded20f1.jpg,A man in a white shirt and helmet is using climbing equipment .
143688283_a96ded20f1.jpg,a young man wearing a white helmet climbing up a rock wall
143688283_a96ded20f1.jpg,Man rock climbing looking up the rock
1439282131_3814d6ae04.jpg,The two dogs are in the water retrieving a stick .
1439282131_3814d6ae04.jpg,Two dogs are holding the same stick in their mouths while in the water .
1439282131_3814d6ae04.jpg,Two dogs in the surf holding on to the same stick .
1439282131_3814d6ae04.jpg,Two dogs in the water fighting over a stick .
1439282131_3814d6ae04.jpg,Two dogs swimming with a stick .
1440024115_129212c988.jpg,A man plays Frisbee with his dog .
1440024115_129212c988.jpg,A man with a Frisbee and a dog in the air with a Frisbee in his mouth .
1440024115_129212c988.jpg,A tri-colored dog jumps and catches a pink frisbeen that a man in shorts has thrown .
1440024115_129212c988.jpg,Small dog catching a Frisbee .
1440024115_129212c988.jpg,"The man and dog , which is leaping into the air , are playing Frisbee ."
1445754124_647168f211.jpg,A black and white dog climbs a leaning tree trunk .
1445754124_647168f211.jpg,A black and white dog is walking up a bent tree .
1445754124_647168f211.jpg,A gray dog climbs up a slanted tree .
1445754124_647168f211.jpg,A gray dog is climbing up a low tree branch in a park .
1445754124_647168f211.jpg,A gray mottled dog stands on the sloping trunk of a tree overlooking a grassy field .
1446053356_a924b4893f.jpg,Children participate in a sport on a green field while in uniforms .
1446053356_a924b4893f.jpg,The young soccer player enjoys the game .
1446053356_a924b4893f.jpg,Two girls in soccer strips are playing on a sports field .
1446053356_a924b4893f.jpg,Two girls play on a fenced in field .
1446053356_a924b4893f.jpg,Two girls wearing black and white uniforms run down a grassy field .
1449370354_380c4123c9.jpg,Kids running across the grass .
1449370354_380c4123c9.jpg,Three young boys are running on grass .
1449370354_380c4123c9.jpg,"Two boys , one wearing glasses , run across grass . Third child partially in shot ."
1449370354_380c4123c9.jpg,two young boys running on a grassy field
1449370354_380c4123c9.jpg,Young boys running on grass .
1449692616_60507875fb.jpg,A girl takes a picture with her hand over the camera lens .
1449692616_60507875fb.jpg,A little girl holding a camera .
1449692616_60507875fb.jpg,a small child wearing a grey and purple shirt playing with a black camera .
1449692616_60507875fb.jpg,Little girl looking through a camera .
1449692616_60507875fb.jpg,Thie little girl is taking a picture with a camera .
1456393634_74022d9056.jpg,A boy doing a handstand on the beach .
1456393634_74022d9056.jpg,A child does a handstand on the sand at the beach .
1456393634_74022d9056.jpg,A child doing a handstand on the beach .
1456393634_74022d9056.jpg,A little boy does a cartwheel on the beach .
1456393634_74022d9056.jpg,A little boy doing a handstand on the beach .
145721498_a27d2db576.jpg,A man in a blue canoe battling through rough waves
145721498_a27d2db576.jpg,A man kayaks through rough water .
145721498_a27d2db576.jpg,A man rows a blue kayak through white water rapids .
145721498_a27d2db576.jpg,Man paddling in blue kayak in the water .
145721498_a27d2db576.jpg,The kayaker braces himself as he goes down the river .
1457762320_7fe121b285.jpg,A group of bicyclists getting ready for a ride .
1457762320_7fe121b285.jpg,A group of cyclists is pausing nearby a green and tan sign .
1457762320_7fe121b285.jpg,A group of men are standing around and drinking water with their bikes .
1457762320_7fe121b285.jpg,A group of men chat and drink water from water bottles while standing by their bicycles .
1457762320_7fe121b285.jpg,Men in athletic clothing stand near bicycles .
1460500597_866fa0c6f3.jpg,A man is sitting in room made up of wood panelling .
1460500597_866fa0c6f3.jpg,A man sits at a table in a room .
1460500597_866fa0c6f3.jpg,Man sitting at a table in a restaurant .
1460500597_866fa0c6f3.jpg,The man in the button up shirt is sitting at a table .
1460500597_866fa0c6f3.jpg,There is a man sitting in a restaurant at night .
1461667284_041c8a2475.jpg,A guitarist plays while people play with hula-hoops in the background .
1461667284_041c8a2475.jpg,"A guitarist sits playing before microphones , while a man and a boy dance and a woman stands by ."
1461667284_041c8a2475.jpg,A man in a white hat plays guitar on a stage .
1461667284_041c8a2475.jpg,A man plays guitar on a stage while another woman smiles
1461667284_041c8a2475.jpg,Four people performing music outdoors .
1464120327_d90279ca3a.jpg,A little boy presses his face a window .
1464120327_d90279ca3a.jpg,A little boy puts his face up to the uniquely-shaped window .
1464120327_d90279ca3a.jpg,A little boy stands up next to a window and cries .
1464120327_d90279ca3a.jpg,A young boy in a blue shirt presses against the glass for a better look at desserts .
1464120327_d90279ca3a.jpg,Little boy peering into a glass display case .
146577646_9e64b8c2dc.jpg,A kayaker is battling waves in a purple boat while wearing rain gear .
146577646_9e64b8c2dc.jpg,A man is paddling in whitewater rapids .
146577646_9e64b8c2dc.jpg,A man kayaks in rough water .
146577646_9e64b8c2dc.jpg,Man in a kayak swimming in rough waters .
146577646_9e64b8c2dc.jpg,Person kayaking in white water .
1468389504_c724bdcad0.jpg,Two girls in pink are playing on yellow playground bars .
1468389504_c724bdcad0.jpg,Two girls on a jungle gym .
1468389504_c724bdcad0.jpg,Two little girls in pink outfits play on a yellow and red playground .
1468389504_c724bdcad0.jpg,Two young girls on a playground .
1468389504_c724bdcad0.jpg,two young girls wearing pink outfits playing on yellow monkey bars .
1468962616_5803b4397f.jpg,A boy in a pool squirts a bright green water gun .
1468962616_5803b4397f.jpg,A child plays with a water gun in a pool .
1468962616_5803b4397f.jpg,A child wearing yellow goggles uses a squirt gun .
1468962616_5803b4397f.jpg,a little boy is squirting a yellow water pistol in the swimming pool .
1468962616_5803b4397f.jpg,a young boy in a pool playing with a green water gun
1472230829_803818a383.jpg,"A group of people in a boat , white water rafting ."
1472230829_803818a383.jpg,A group of seven people are rafting in the rapids in a green boat .
1472230829_803818a383.jpg,Rafting boat on river .
1472230829_803818a383.jpg,seven people are riding a green raft in a white water river .
1472230829_803818a383.jpg,Seven rafters are paddling and riding the rapids in a green raft .
1478294229_7e1c822fea.jpg,A closeup of a bicycle rider 's leg .
1478294229_7e1c822fea.jpg,A man in shorts on a black bicycle .
1478294229_7e1c822fea.jpg,A man wearing white socks is pedaling a bicycle .
1478294229_7e1c822fea.jpg,A man wears white socks with beat up brown shoes on a black bicycle .
1478294229_7e1c822fea.jpg,Closeup of man 's legs on a bicycle peddal .
1479028910_3dab3448c8.jpg,A boy skateboards and does a jump over another skateboard .
1479028910_3dab3448c8.jpg,A skateboarder attempts to do a trick over a homemade ramp .
1479028910_3dab3448c8.jpg,A skateboarder in gray clothes jumps over a boot in front of an apartment .
1479028910_3dab3448c8.jpg,A skateboarder is jumping over an obstacle in front of a white house .
1479028910_3dab3448c8.jpg,A skateboarder jumps another skateboard .
1479124077_17dcc0d5d7.jpg,A barefoot boy in shorts and a t-shirt jumps in muddy grass .
1479124077_17dcc0d5d7.jpg,A child plays in the mud .
1479124077_17dcc0d5d7.jpg,A muddy child jumps into more mud on the ground .
1479124077_17dcc0d5d7.jpg,a wet boy jumping around on dirty wet grass
1479124077_17dcc0d5d7.jpg,Young boy covered in grass jumping near a wooden fence .
1479513774_70c94cf9d3.jpg,A girl wearing a green jacket is standing at a stop light .
1479513774_70c94cf9d3.jpg,A longhaired woman in a green coat is standing and pushing a cross-walk signal button .
1479513774_70c94cf9d3.jpg,A woman in a green jacket is pushing the button to cross the street .
1479513774_70c94cf9d3.jpg,A woman in a green jacket is waiting to cross the street at a light .
1479513774_70c94cf9d3.jpg,A woman in a green jacket presses the Do Not Walk button so she can cross the road .
1479679558_d0a01bc62b.jpg,A creek winds through the woods .
1479679558_d0a01bc62b.jpg,A narrow stream runs between leaf-covered hills .
1479679558_d0a01bc62b.jpg,A river is winding through a wooded area that is heavily leaf covered .
1479679558_d0a01bc62b.jpg,A small brook meanders through the autumn woods .
1479679558_d0a01bc62b.jpg,This is a small creek surrounded by autumn leaves that have fallen and bare trees .
1481062342_d9e34366c4.jpg,A little girl in pajamas runs down a hall with hardwood floors .
1481062342_d9e34366c4.jpg,A little girl is running down a hardwood floored hallway .
1481062342_d9e34366c4.jpg,A little girl running down a brighly lit hallway .
1481062342_d9e34366c4.jpg,A toddler is running down a hallway .
1481062342_d9e34366c4.jpg,A young girl runs down a hallway with wooden floors .
148512773_bae6901fd6.jpg,A couple enjoys a quiet moment near the river .
148512773_bae6901fd6.jpg,A few people sit out on rocks overlooking the water below .
148512773_bae6901fd6.jpg,Two people are sitting on a rock overlooking the river .
148512773_bae6901fd6.jpg,Two people sit on top of a cliff overlooking a river .
148512773_bae6901fd6.jpg,Two people sit upon large rocks next to a river .
1490213660_9ea45550cf.jpg,A dog is trotting through a shallow stream
1490213660_9ea45550cf.jpg,A light colored dog is walking through a stream .
1490213660_9ea45550cf.jpg,A male weimaraner with a clipped tail is walking through a river .
1490213660_9ea45550cf.jpg,a tan dog walking along in a stream
1490213660_9ea45550cf.jpg,The brown dog is walking through a river surrounded by bushes .
1490670858_e122df2560.jpg,A child on a red slide .
1490670858_e122df2560.jpg,A little boy sits on a slide on the playground .
1490670858_e122df2560.jpg,A little boy slides down a bright red corkscrew slide .
1490670858_e122df2560.jpg,A little boy slides down a red slide .
1490670858_e122df2560.jpg,a young boy wearing a blue outfit sliding down a red slide .
1499554025_a8ffe0e479.jpg,A group of females in white suits are in a petting zoo with two goats .
1499554025_a8ffe0e479.jpg,A group of people in white stand with white goats .
1499554025_a8ffe0e479.jpg,People dressed in all white are looking at some shaved lambs .
1499554025_a8ffe0e479.jpg,The people have some animals with them .
1499554025_a8ffe0e479.jpg,Two light-colored female goats in an indoor arena with handlers dressed in white .
1499581619_a5f65a882c.jpg,A couple dressed in hoodies kissing on the beach .
1499581619_a5f65a882c.jpg,A man and a woman share a kiss on the beach .
1499581619_a5f65a882c.jpg,A man with a brown hooded jacket is kissing a girl with sunglasses .
1499581619_a5f65a882c.jpg,There is a couple kissing on the beach .
1499581619_a5f65a882c.jpg,Two people kiss on the beach .
1500853305_0150615ce9.jpg,A girl and a boy hugging on a bridge
1500853305_0150615ce9.jpg,A little girl has her arms around a little boy standing on a wooden bridge in the woods .
1500853305_0150615ce9.jpg,A little girl hugs her brother on a footbridge in a forest .
1500853305_0150615ce9.jpg,Two children hugging on a bridge .
1500853305_0150615ce9.jpg,Two little children are on a wooden bridge in the woods .
1501297480_8db52c15b0.jpg,A boy tries to put a screen on a window .
1501297480_8db52c15b0.jpg,A child wearing shorts is moving a window screen .
1501297480_8db52c15b0.jpg,A shirtless child in blue shorts holding up a window screen that has fallen out .
1501297480_8db52c15b0.jpg,little boy in blue shorts holding a window screen
1501297480_8db52c15b0.jpg,Young boy wearing denim shorts holding a window screen .
1505686764_9e3bcd854a.jpg,a man in red shorts is walking along rocks by a river carrying a stick .
1505686764_9e3bcd854a.jpg,A man in red shorts standing on rocks by a stream
1505686764_9e3bcd854a.jpg,A man is walking on rocks with water flowing around them .
1505686764_9e3bcd854a.jpg,A shirtless man standing on the edge of a stream .
1505686764_9e3bcd854a.jpg,The hiker nears a creek .
1511807116_41c3645e8c.jpg,A black dog plays with another animal .
1511807116_41c3645e8c.jpg,Two dogs wrestle in the grass .
1511807116_41c3645e8c.jpg,Two dogs wrestle in the ground .
1511807116_41c3645e8c.jpg,Two puppies are wrestling on green grass .
1511807116_41c3645e8c.jpg,Two puppies wrestle with each other
1523984678_edd68464da.jpg,A dog is running with a yellow tennis ball and wearing a red harness .
1523984678_edd68464da.jpg,a small black and white dog running through the grass with a tennis ball in his mouth
1523984678_edd68464da.jpg,Small black and white dog wearing a red harness is running around with a ball in its mouth .
1523984678_edd68464da.jpg,Small dog with red harness fetching a ball .
1523984678_edd68464da.jpg,The dog wearing the red collar is running across the grass with a ball in its mouth .
1526325728_74eb4153d8.jpg,A grey colored dog walks in wet sand at a beach .
1526325728_74eb4153d8.jpg,A grey dog plays in the sand at the ocean .
1526325728_74eb4153d8.jpg,Light brown dog running towards something at the beach .
1526325728_74eb4153d8.jpg,The brown dog is standing on the sandy beach .
1526325728_74eb4153d8.jpg,The large grey colored dog is jumping on the beach .
1540631615_8b42c1b160.jpg,A boy in a red jacket does a gymnastic maneuver on a grassy athletic field .
1540631615_8b42c1b160.jpg,A child in a red jacket doing a handstand on green grass .
1540631615_8b42c1b160.jpg,A little boy in red doing a handstand .
1540631615_8b42c1b160.jpg,Boy wearing a red jacket performs a handstand on the grass .
1540631615_8b42c1b160.jpg,Young boy in red jacket doing a handstand on a sports field .
1541272333_1624b22546.jpg,A brown dog brings up some dust as he runs around a field .
1541272333_1624b22546.jpg,A dog and a dust storm .
1541272333_1624b22546.jpg,A dog and sand blowing in the wind
1541272333_1624b22546.jpg,A dog in a sandy area with the sand stirred up into the air and several plants in the background .
1541272333_1624b22546.jpg,Dog kicking up dirt
155221027_b23a4331b7.jpg,A skydiver safely lands while another watches from the ground .
155221027_b23a4331b7.jpg,Two men with colorful parachutes have just landed in a field .
155221027_b23a4331b7.jpg,Two para gliders are practicing their craft in an open field .
155221027_b23a4331b7.jpg,Two people are landing from their sky diving exercises .
155221027_b23a4331b7.jpg,Two people parachutes into a field .
1564614124_0ee6799935.jpg,A closeup of a girl holding a heart necklace and looking at it .
1564614124_0ee6799935.jpg,A girl playing with a stretchy charm bracelet .
1564614124_0ee6799935.jpg,A girl plays with a necklace as the sun shines behind her .
1564614124_0ee6799935.jpg,A girl with the sun behind her plays with some jewelry .
1564614124_0ee6799935.jpg,A little girl examines a piece of jewelry .
1574401950_6bedc0d29b.jpg,A boy jumps from the top of a blue plastic slide .
1574401950_6bedc0d29b.jpg,A child jumps over the slide portion of playground equipment shaded by trees .
1574401950_6bedc0d29b.jpg,A little boy in a striped shirt jumps from a blue slide .
1574401950_6bedc0d29b.jpg,A little boy is jumping off the top of a slide .
1574401950_6bedc0d29b.jpg,A young boy jumps on a slide in a backyard .
1584315962_5b0b45d02d.jpg,A man holds a flag next to a snowbound campsite .
1584315962_5b0b45d02d.jpg,A man with a Texas flag stands in the snow by tents .
1584315962_5b0b45d02d.jpg,A person setting up a tent beside a few other tents on the snowy ground .
1584315962_5b0b45d02d.jpg,Mountain climbers are setting up their tents .
1584315962_5b0b45d02d.jpg,"With a pack and ski pole on the ground , a man wearing a winter coat is holding a tent while other tents are already set up ."
1597557856_30640e0b43.jpg,a brown dog is jumping up at a woman who is wearing a brown skirt .
1597557856_30640e0b43.jpg,A golden retriever is excitedly greeting a woman as a little dog walks towards the camera .
1597557856_30640e0b43.jpg,A tan dog jumping up at a woman in a skirt and a black and tan dog walking away .
1597557856_30640e0b43.jpg,A yellow dog jumps to greet a woman .
1597557856_30640e0b43.jpg,One dog is jumping at the lady while the other walks away .
1598085252_f3219b6140.jpg,A dog in a field .
1598085252_f3219b6140.jpg,A dog is resting in a grassy field
1598085252_f3219b6140.jpg,A dog runs through tall grass .
1598085252_f3219b6140.jpg,Dog running after another dog in a grassy field .
1598085252_f3219b6140.jpg,The Doberman is running through the tall grass .
1600208439_e94527b80f.jpg,A brown dog playing in mud .
1600208439_e94527b80f.jpg,A dog enjoys playing in the water at the edge of a field .
1600208439_e94527b80f.jpg,A dog is playing in water .
1600208439_e94527b80f.jpg,A dog runs through muddy water .
1600208439_e94527b80f.jpg,A dog splashing though a large puddle in a field .
162743064_bb242faa31.jpg,A brown dog catching a ball in silhouette .
162743064_bb242faa31.jpg,a brown dog is leaping into the air to catch a ball .
162743064_bb242faa31.jpg,A dog catching a tennis ball at sunset in a yard .
162743064_bb242faa31.jpg,A dog is backlit buy the sun as he jumps up to catch a tennis ball .
162743064_bb242faa31.jpg,A dog jumps in the air to catch a tennis ball .
1643915227_9f48068772.jpg,A group of people are walking down the sidewalk of a big city .
1643915227_9f48068772.jpg,Pedestrians and cars make their way through Times Square in New York .
1643915227_9f48068772.jpg,Some people and vehicles on a crowded street .
1643915227_9f48068772.jpg,"The streets of a big city ,"
1643915227_9f48068772.jpg,Times Square in New York .
1659396176_ced00a549f.jpg,"A white and brown dog with his mouth open and tongue out facing a second , almost off-camera dog ."
1659396176_ced00a549f.jpg,"two dogs , one with long brown fur , both dogs have their mouths open and teeth showing , one dogs tongue is hanging out ."
1659396176_ced00a549f.jpg,Two dogs play in the grass .
1659396176_ced00a549f.jpg,Two furry dogs make snarly faces as they play together .
1659396176_ced00a549f.jpg,Two multicoloured dogs fighting .
1682079482_9a72fa57fa.jpg,A little girl on a kid swing .
1682079482_9a72fa57fa.jpg,A little girl shouts for joy as she swings on the swing .
1682079482_9a72fa57fa.jpg,A toddler girl in a swing is laughing .
1682079482_9a72fa57fa.jpg,A toddler in a pink shirt in a bucket swing .
1682079482_9a72fa57fa.jpg,A young girl making a wide mouthed expression while swinging .
171488318_fb26af58e2.jpg,A dog is walking along some dry cracked earth .
171488318_fb26af58e2.jpg,A dog walking along a cracked and ashen surface .
171488318_fb26af58e2.jpg,A dog walking on mud flats .
171488318_fb26af58e2.jpg,A dog walks across the rocky ground .
171488318_fb26af58e2.jpg,A dog walks through some mud .
172097782_f0844ec317.jpg,A man in swim trunks and a red life vest jet skiing .
172097782_f0844ec317.jpg,A man waterskiing with one hand .
172097782_f0844ec317.jpg,A man wearing a red life jacked is holding a purple rope while waterskiing .
172097782_f0844ec317.jpg,A man wearing swimming trunks is waterskiing backwards using only one hand .
172097782_f0844ec317.jpg,Person in red ski jacket skiing backwards
172097783_292c5413d8.jpg,A boy is wakeboarding on a lake with one hand .
172097783_292c5413d8.jpg,A man wearing a red life jacket is water-skiing across a bay .
172097783_292c5413d8.jpg,A surfer in blue shorts surfs over water .
172097783_292c5413d8.jpg,A young man dressed in blue swimming trunks and a red life jacket waterskiing in a blue lake .
172097783_292c5413d8.jpg,Boy in red vest and blue and white trunks on wakeboard .
1721637099_93e9ec2a2f.jpg,A boy laying on clothes .
1721637099_93e9ec2a2f.jpg,A brown-haired boy is laughing with his eyese clothes whiel lying on a pile of clothes .
1721637099_93e9ec2a2f.jpg,A child in a blue shirt laying on his side with his mouth open .
1721637099_93e9ec2a2f.jpg,A child with and adult hand .
1721637099_93e9ec2a2f.jpg,A little boy laughs as he is tickled .
1764955991_5e53a28c87.jpg,A brown and white dog trotting down the road in autumn .
1764955991_5e53a28c87.jpg,A brown dog is carrying a ball up the road .
1764955991_5e53a28c87.jpg,A dog with a ball in his mouth running down a road covered in leaves .
1764955991_5e53a28c87.jpg,A large dog walks along a gravel path in the woods .
1764955991_5e53a28c87.jpg,A tan and white dog retrieving a ball on a gravel path .
1765164972_92dac06fa9.jpg,"A girl with a nose ring , earring , and Mohawk ."
1765164972_92dac06fa9.jpg,A person with spiky hair looks to the left .
1765164972_92dac06fa9.jpg,A profile of a young person with a punk hairstyle and pierced ear and nose in a cowboy shirt .
1765164972_92dac06fa9.jpg,A young person with a Mohawk and a nose piercing in a plaid shirt .
1765164972_92dac06fa9.jpg,The person is posing in a red flannel shirt with a Mohawk .
1771490732_0ab5f029ac.jpg,Three boys playing soccer in a field
1771490732_0ab5f029ac.jpg,Three boys playing soccer .
1771490732_0ab5f029ac.jpg,Two boys in blue and yellow uniforms play soccer with a boy in a pink printed uniform .
1771490732_0ab5f029ac.jpg,Two teammates attempt to convert a soccer goal past the goalie .
1771490732_0ab5f029ac.jpg,Uniformed children playing soccer
1776981714_5b224d0f7a.jpg,two Asian women walking in front of a green door
1776981714_5b224d0f7a.jpg,Two girls are walking along the street and talking .
1776981714_5b224d0f7a.jpg,Two women walk down a street .
1776981714_5b224d0f7a.jpg,two women walk down the street .
1776981714_5b224d0f7a.jpg,Two women walking down the street
1785138090_76a56aaabc.jpg,A female walking wearing a string bikini towards a man in a striped shirt .
1785138090_76a56aaabc.jpg,A woman in a skimpy bathing suit walks away .
1785138090_76a56aaabc.jpg,A woman in a swimsuit walks along the street next to three trees .
1785138090_76a56aaabc.jpg,A woman wearing a skimpy bathing suit is walking with a towel in a parking lot .
1785138090_76a56aaabc.jpg,Three big trees and the back side of a girl in bikini .
1794818900_e0ffdd268e.jpg,A girl plays on a red toy .
1794818900_e0ffdd268e.jpg,A little girl in a blue coat is rocking on a red playground toy .
1794818900_e0ffdd268e.jpg,A little girl is playing on a toy outdoors .
1794818900_e0ffdd268e.jpg,A little girl is riding a toy tricycle on springs .
1794818900_e0ffdd268e.jpg,The girl wearing a blue coat is standing on the wooden rocking toy in the playground .
1795151944_d69b82f942.jpg,"A team of dogs , and a woman following on a bike ."
1795151944_d69b82f942.jpg,A woman is riding a three wheeler bicycle behind a pack of dogs .
1795151944_d69b82f942.jpg,A woman on a trike and a team of dogs .
1795151944_d69b82f942.jpg,Six huskies are pulling a three wheeled vehicle through the grass .
1795151944_d69b82f942.jpg,Woman being pulled on a large tricycle by several sled dogs .
1797507760_384744fb34.jpg,Four shirtless men are hiking up a canyon .
1797507760_384744fb34.jpg,Four shirtless men hike up a canyon .
1797507760_384744fb34.jpg,Shirtless men hike through a canyon .
1797507760_384744fb34.jpg,The hikers are climbing up the mountains .
1797507760_384744fb34.jpg,Topless men walking up a rocky path .
1807169176_7f5226bf5a.jpg,A group of people sit around a blazing fire at night .
1807169176_7f5226bf5a.jpg,A large campfire at night with several people sitting around it .
1807169176_7f5226bf5a.jpg,People are clustered around a bonfire at night .
1807169176_7f5226bf5a.jpg,People sitting around a campfire at night .
1807169176_7f5226bf5a.jpg,Several people are sitting around a fire at night .
1808504612_3508f3c9bb.jpg,Children climbing huge tree .
1808504612_3508f3c9bb.jpg,Two children are sitting in some tree branches .
1808504612_3508f3c9bb.jpg,Two children look down from a green tree they have climbed .
1808504612_3508f3c9bb.jpg,Two kids in a green tree .
1808504612_3508f3c9bb.jpg,Two people standing in tree on a sunny day
1809758121_96026913bb.jpg,A blond girl wearing blue jumping across a stream .
1809758121_96026913bb.jpg,"A girl hops across the river , from rock to rock ."
1809758121_96026913bb.jpg,A girl jumping from one rock to another in a creek .
1809758121_96026913bb.jpg,A girl leaps through the air while running on the riverbank .
1809758121_96026913bb.jpg,A little girl jumps from one rock to another in a creek .
1810651611_35aae644fb.jpg,A closeup of a little girl on a swing .
1810651611_35aae644fb.jpg,A little girl in a dress with pink flowers swings on a red-seated swing .
1810651611_35aae644fb.jpg,A little girl in a pink and white flowered dress and blue sweater swinging .
1810651611_35aae644fb.jpg,A young girl is swinging in a backyard .
1810651611_35aae644fb.jpg,The little girl swings in the backyard .
181103691_fb2f956abd.jpg,A group of children play in the street where water is sprayed .
181103691_fb2f956abd.jpg,Children playing in water .
181103691_fb2f956abd.jpg,Children play in the street under a spray of water from a large machine .
181103691_fb2f956abd.jpg,Kids playing under a big sprinkler .
181103691_fb2f956abd.jpg,Kids play in the water in the middle of the street .
1813777902_07d1d4b00c.jpg,a boy dressed as a pirate smiles largley .
1813777902_07d1d4b00c.jpg,A boy with a skeleton on his shirt laughs .
1813777902_07d1d4b00c.jpg,A child dressed like a pirate smiles .
1813777902_07d1d4b00c.jpg,A young boy dressed as a pirate and running .
1813777902_07d1d4b00c.jpg,The boys enjoys his pirate costume .
1814086703_33390d5fc7.jpg,A dog looks behind itself .
1814086703_33390d5fc7.jpg,A tan dog is running alongside another dog outside
1814086703_33390d5fc7.jpg,Two dogs are running next to each other on the grass .
1814086703_33390d5fc7.jpg,Two dogs run together near the leaves .
1814086703_33390d5fc7.jpg,Two small dogs run on a dirt road covered in leafs .
1818403842_553a2a392c.jpg,black dogs jump in pool to a hand .
1818403842_553a2a392c.jpg,Two black dogs are diving into a pool to get a dog toy .
1818403842_553a2a392c.jpg,Two black dogs jump in a pool .
1818403842_553a2a392c.jpg,Two black dogs jump into a blue swimming pool .
1818403842_553a2a392c.jpg,Two dogs are leaping into a swimming pool trying to fetch the yellow toy that is floating in the water .
1819261140_6c022f4b1d.jpg,A costumed diner sits in a restaurant wearing a black outfit that covers their face .
1819261140_6c022f4b1d.jpg,A costumed figure leans into the dinner table .
1819261140_6c022f4b1d.jpg,A man dressed in a dark costume sitting at a restaurant table
1819261140_6c022f4b1d.jpg,a man sitting at a table with a scary mask covering his face
1819261140_6c022f4b1d.jpg,"A person at a table , dressed in a black costume ."
1835511273_790eaae6e6.jpg,A man dressed in a red outfit .
1835511273_790eaae6e6.jpg,A man in a red suit and a red mask stands beside another costumed man .
1835511273_790eaae6e6.jpg,A man wearing a red costume stands near others .
1835511273_790eaae6e6.jpg,The guy is wearing a red and black outfit with a matching mask .
1835511273_790eaae6e6.jpg,The man is wearing a red outfit and red mask stands in front of another man in urban camouflage .
1858963639_4588cd4be9.jpg,A girl with a red helmet carying a lot of rope .
1858963639_4588cd4be9.jpg,A smiling woman wearing a red hardhat has a long length of rope around her shoulders .
1858963639_4588cd4be9.jpg,A woman wearing a red helmet is holding a rope and smiling .
1858963639_4588cd4be9.jpg,A woman with a helmet and climbing rope smiles at the camera .
1858963639_4588cd4be9.jpg,The smiling woman in the red helmet is outdoors holding a very long rope .
186346360_541047336f.jpg,A girl in a bikini top and shorts poses for a picture on a mountain overlooking a lake .
186346360_541047336f.jpg,A girl in a bikini top stands in front of a beautiful view .
186346360_541047336f.jpg,A girl in a bikini top with a great view in the background
186346360_541047336f.jpg,A woman poses for a picture while in front of a lake .
186346360_541047336f.jpg,Woman in white bikini top and blue shorts with body of water in the background .
1865794069_6e3a1e57bb.jpg,A blond boy with a navy blue uniform kicks a soccer ball in an open field .
1865794069_6e3a1e57bb.jpg,A boy in an all blue uniform kicks a blue soccer ball in a grassy area .
1865794069_6e3a1e57bb.jpg,A little boy is playing soccer at a field .
1865794069_6e3a1e57bb.jpg,A small child plays with a ball while others relax and converse with one another .
1865794069_6e3a1e57bb.jpg,A young boy dressed in blue and white is kicking a soccer ball .
186890601_8a6b0f1769.jpg,A man in a maroon bathing suit swings on a rope on a lake .
186890601_8a6b0f1769.jpg,A man in red shorts swinging on a rope over a lake .
186890601_8a6b0f1769.jpg,A man is swinging on a rope above the water .
186890601_8a6b0f1769.jpg,A man is swinging on a rope over water .
186890601_8a6b0f1769.jpg,This man is swinging on the rope swing out over the blue water .
189721896_1ffe76d89e.jpg,"A man rock climbs up a very tall cliff , with a blue rope behind him ."
189721896_1ffe76d89e.jpg,A man wearing a red shirt is climbing up the rock wall .
189721896_1ffe76d89e.jpg,"A young man climbs a mountain , another follows below ."
189721896_1ffe76d89e.jpg,Man scales rock .
189721896_1ffe76d89e.jpg,The climber in red is leading climbers up a long rock face .
19212715_20476497a3.jpg,a kayaker kayaks through the water .
19212715_20476497a3.jpg,A person kayaking in the ocean .
19212715_20476497a3.jpg,A person kayaks in the middle of the ocean on a grey day .
19212715_20476497a3.jpg,A person rows a boat over a large body of water .
19212715_20476497a3.jpg,person in a boat with a paddle in hand
1924234308_c9ddcf206d.jpg,A girl in a bikini and sneakers makes her way out of the water and onto the rocks .
1924234308_c9ddcf206d.jpg,A girl in a bikini in climbing rocks .
1924234308_c9ddcf206d.jpg,A woman in a bikini climbs rocks next to a rocky stream .
1924234308_c9ddcf206d.jpg,A woman in a bikini is running on rocks in a stream .
1924234308_c9ddcf206d.jpg,A young woman wearubg a bikini is climbing rocks near a creek .
1932161768_996eadac87.jpg,a small dog steps onto a log .
1932161768_996eadac87.jpg,A small white dog climbs over a log .
1932161768_996eadac87.jpg,A small white dog with a blue collar is climbing over a large log .
1932161768_996eadac87.jpg,A white dog jumps over a log outside .
1932161768_996eadac87.jpg,A white terrior is jumping over a log .
1937262236_cbf5bfa101.jpg,The dogs fight over the red and pink ball .
1937262236_cbf5bfa101.jpg,Two dogs both pull on the same orange ball while playing in the sand .
1937262236_cbf5bfa101.jpg,two dogs fighting over a pink and red toy
1937262236_cbf5bfa101.jpg,Two dogs play tug of war with a ball .
1937262236_cbf5bfa101.jpg,Two dogs tug on a pink and orange ball from opposite ends .
195084264_72fb347b0f.jpg,A man in a checked shirt stands next to a large wooden bowl .
195084264_72fb347b0f.jpg,A man standing next to a large plate .
195084264_72fb347b0f.jpg,An older man is standing next to a display of wooden trays .
195084264_72fb347b0f.jpg,An older man poses near wooden bowls on display .
195084264_72fb347b0f.jpg,The man wearing glasses is showing a wooden product .
197142902_f05ff198c2.jpg,A man and a woman in glasses blow bubbles .
197142902_f05ff198c2.jpg,A man and woman blow bubbles .
197142902_f05ff198c2.jpg,A man in a black shirt and a woman in a brown shirt blow bubbles with pink wands .
197142902_f05ff198c2.jpg,an Asian man and an Asian woman are blowing bubbles from pink plastic hoops .
197142902_f05ff198c2.jpg,A woman and man are next to each other blowing bubbles .
1999444757_1b92efb590.jpg,A girl in white is swinging a sword .
1999444757_1b92efb590.jpg,A lady shows her sword
1999444757_1b92efb590.jpg,A woman is swordfighting with an unseen opponent .
1999444757_1b92efb590.jpg,Boy in martial arts-style uniform holding a sword .
1999444757_1b92efb590.jpg,"Two women watching people in white shirts , one of those persons holding a sword ."
2009636597_e3f4fe19fb.jpg,A guy outside playing a guitar and smoking a cigarette .
2009636597_e3f4fe19fb.jpg,A man with an electric guitar smokes a cigarette sitting outside .
2009636597_e3f4fe19fb.jpg,A scruffy looking man smoking while sitting on the sidewalk and holding a guitar next to a bike of some sort .
2009636597_e3f4fe19fb.jpg,A young man is smoking a cigarette while holding a maroon guitar .
2009636597_e3f4fe19fb.jpg,Man playing an electric guitar on a sidewalk and smoking a cigarette .
2017276266_566656c59d.jpg,"A dog in midair catching a ring , while another dog watches ."
2017276266_566656c59d.jpg,A dog jumps into the air to catch a ring .
2017276266_566656c59d.jpg,"Small , white dog jumping to catch red ring ."
2017276266_566656c59d.jpg,Small white dog with brown markings jumping to catch a red ring in his mouth .
2017276266_566656c59d.jpg,Two dogs are playing with a toy outdoors .
2034553054_b00c166895.jpg,A boy with a blue hat points towards a bowl full of cork .
2034553054_b00c166895.jpg,A child in medieval clothes points at something on a table .
2034553054_b00c166895.jpg,"A child in period costume looking at a table with a bowl , cup , and a basket of apples ."
2034553054_b00c166895.jpg,A young boy next to apples at a medieval fair .
2034553054_b00c166895.jpg,The child is sitting at the table with art supplies and apples .
2041867793_552819a40b.jpg,A child sitting at a restaurant table holding a paper mask against his face .
2041867793_552819a40b.jpg,A child with a mask on sitting at a table with a plate in front .
2041867793_552819a40b.jpg,A young child wearing a mask at Ivars .
2041867793_552819a40b.jpg,Child in a restaurant posing with a paper mask
2041867793_552819a40b.jpg,The boy is wearing a cardboard scuba mask at the restaurant .
2045023435_181854c013.jpg,A brown dog playing with a tennis ball
2045023435_181854c013.jpg,A brown dog reaches for a tennis ball .
2045023435_181854c013.jpg,A gray dog is looking at a ball in the air .
2045023435_181854c013.jpg,A large skinny dog is trying to catch a faded green tennis ball .
2045023435_181854c013.jpg,Brown dog catches a ball in a sunny yard
2046222127_a6f300e202.jpg,A man in a neon-colored vest holding up a section of wood
2046222127_a6f300e202.jpg,a man in a neon yellow vest carrying a wooden crate
2046222127_a6f300e202.jpg,A man in construction gear is moving a large plank of wood to a new destination .
2046222127_a6f300e202.jpg,A man wearing yellow hi-viz is grasping a wooden board .
2046222127_a6f300e202.jpg,Man with short hair moves wooden structure .
2049051050_20359a434a.jpg,A girl in a black jacket and hat is covered in a pink blanket
2049051050_20359a434a.jpg,"A woman derssed in a black sweater , gloves , hat , and a scarf sits on the beach near a boulder ."
2049051050_20359a434a.jpg,A woman in a black cap and outfit sits in the sand .
2049051050_20359a434a.jpg,A woman wearing a black hat sits on the sand with a rock behind her .
2049051050_20359a434a.jpg,"The girl sitting by a rock is wearing a black coat , black hat , black gloves but is covered by a pink blanket ."
2053006423_6adf69ca67.jpg,A man in shorts is standing on a rock looking out at the view from the hilltop .
2053006423_6adf69ca67.jpg,a man looking at the view of a grassy mountain standing on a rock
2053006423_6adf69ca67.jpg,A shirtless man standing on a rock overlooking a hillside .
2053006423_6adf69ca67.jpg,Man with no shirt on wearing shorts and hiking boots standing with hand on his head looking out onto a mountain .
2053006423_6adf69ca67.jpg,Shirtless man on high cliff with back to camera .
2053441349_a98b5fc742.jpg,A dog in a field of colorful flowers .
2053441349_a98b5fc742.jpg,A large brown dog is running through a field of flowers .
2053441349_a98b5fc742.jpg,A tan dog walks through a field of colorful flowers .
2053441349_a98b5fc742.jpg,Dog runs through field of flowers
2053441349_a98b5fc742.jpg,The brown dog walks through the flowers .
2057160636_6e9cf3b5f0.jpg,A man paddling in water .
2057160636_6e9cf3b5f0.jpg,A person paddles a boat on a lake .
2057160636_6e9cf3b5f0.jpg,Beautiful scenery with a boat on the lake .
2057160636_6e9cf3b5f0.jpg,Person canoes in lake .
2057160636_6e9cf3b5f0.jpg,The person is in a conoe and holding a paddle in front of some mountains .
2057306459_2f52ce648e.jpg,A person in a field walks toward their white and orange parachute while another holds it .
2057306459_2f52ce648e.jpg,People collecting a parachute after landing on the ground .
2057306459_2f52ce648e.jpg,The parachutist is standing in a field near to his unfurled parachute .
2057306459_2f52ce648e.jpg,Two people fold a parachute after they have landed in a field .
2057306459_2f52ce648e.jpg,Two people on a grassy plain are gathering a parachute that one of the people just used .
2058124718_89822bc96e.jpg,Brown dog barks at another brown dog with a stuffed duck in mouth .
2058124718_89822bc96e.jpg,Two bird dogs competing for the kill .
2058124718_89822bc96e.jpg,two brown dogs play .
2058124718_89822bc96e.jpg,Two dogs running together and one has a duck toy in its mouth .
2058124718_89822bc96e.jpg,Two Weirmeiner dogs in red collars are playing with a toy bird
2063277300_f7ff476914.jpg,A little girl in stripped tights lays on the laps of a little girl and boy .
2063277300_f7ff476914.jpg,Three children and playing and laughing on the floor .
2063277300_f7ff476914.jpg,Three children playing on the floor .
2063277300_f7ff476914.jpg,Three children wrestle on a floral carpet .
2063277300_f7ff476914.jpg,Three young kids are all tangled up together and playing on a big rug .
2069279767_fb32bfb2de.jpg,The men are climbing .
2069279767_fb32bfb2de.jpg,Two men are lying in red cots on the side of a mountain .
2069279767_fb32bfb2de.jpg,Two men are sleeping on makeshift beds on the side of a cliff .
2069279767_fb32bfb2de.jpg,Two men in cots hanging from a cliff
2069279767_fb32bfb2de.jpg,Two mountain climbers are smiling on the mountainside .
2076428547_738e0a132f.jpg,A backpacker standing near water at dusk .
2076428547_738e0a132f.jpg,A hiker is shadowed by the time of day near an open and tree-lined body of water .
2076428547_738e0a132f.jpg,A hiker 's profile against a blue sky and mountain range .
2076428547_738e0a132f.jpg,A hiker standing on the shore of a lake .
2076428547_738e0a132f.jpg,A man with a hiking backpack on is standing in front of a lake with a forest in the background .
2077346067_0a3a5aae65.jpg,A man dressed in black and holding a package in his hands is walking on a sidewalk near a police sign asking for witnesses to a road dealth to step forward .
2077346067_0a3a5aae65.jpg,a man in black walking past a red and yellow signpost whilst eating .
2077346067_0a3a5aae65.jpg,A man is eating and walking past a yellow and red sign .
2077346067_0a3a5aae65.jpg,A man is eating something and walking down a sidewalk past a big red and yellow sign .
2077346067_0a3a5aae65.jpg,A sign asking for help with a man walking by eating .
2079554580_f18d5c181b.jpg,A Dalmatian dog running downhill through leaves in a wooded area .
2079554580_f18d5c181b.jpg,A dalmatian runs through the woods .
2079554580_f18d5c181b.jpg,A dog runs in the woods .
2079554580_f18d5c181b.jpg,A dog runs through a very wooded area .
2079554580_f18d5c181b.jpg,The Dalmation is running through the woods .
2081446176_f97dc76951.jpg,A guy with a scarf and woven toboggan .
2081446176_f97dc76951.jpg,A man in black and white cap and scarf .
2081446176_f97dc76951.jpg,A man wearing a scarf and knitted hat is smiling .
2081446176_f97dc76951.jpg,A person wearing a hat and scarf looks to the right .
2081446176_f97dc76951.jpg,The man has a poof on top of his woolen hat .
2086534745_1e4ab80078.jpg,A man in a yellow boat paddling down rough waters .
2086534745_1e4ab80078.jpg,A rafter in a yellow raft in a steamy white river .
2086534745_1e4ab80078.jpg,A yellow kayak is descending quickly down a white water rapid .
2086534745_1e4ab80078.jpg,Kayacker riding rough current downstream .
2086534745_1e4ab80078.jpg,The yellow kayak is in the middle of the rapids .
2087640654_1a84577a44.jpg,A blonde dog is digging a deep hole in the ground and its tail is up in the air .
2087640654_1a84577a44.jpg,A dog half way in a hole in the ground .
2087640654_1a84577a44.jpg,A dog is digging a large hole in a yard to find something .
2087640654_1a84577a44.jpg,A dog is digging in the ground and half of his body is under the ground .
2087640654_1a84577a44.jpg,The rear end of an animal whose front end is underground .
2089122314_40d5739aef.jpg,A dog running with a newspaper in its mouth .
2089122314_40d5739aef.jpg,"A dog runs down the street , carrying a newspaper ."
2089122314_40d5739aef.jpg,A dog with a newspaper in his mouth runs down a paved path .
2089122314_40d5739aef.jpg,"A fluffy , tri-colored dog is running down the road with a paper in its mouth ."
2089122314_40d5739aef.jpg,An Australian shepherd dog carrying a newspaper in his mouth .
2089542487_b4c1ee7025.jpg,A hiker is ready to take on a rugged outdoor trail .
2089542487_b4c1ee7025.jpg,a lone hiker on a dirt hiking trail with a hat and sunglasses on with trees in the background
2089542487_b4c1ee7025.jpg,A man in shorts is hiking in a dry region .
2089542487_b4c1ee7025.jpg,A man stops for a picture with the scenery during his hike .
2089542487_b4c1ee7025.jpg,"The man is posing for a picture in the desert wearing a green shirt and hat , and holding a metal detector ."
2092870249_90e3f1855b.jpg,A man lies on a street with his head and shoulders under a parked car that is jacked up .
2092870249_90e3f1855b.jpg,A man looks under a car on a wet street .
2092870249_90e3f1855b.jpg,A man works on a car .
2092870249_90e3f1855b.jpg,"A person lies half under a car , face-down ."
2092870249_90e3f1855b.jpg,A person underneath a car with a jack .
2097403787_77a154f5b9.jpg,a lone person standing on some rocks with large snowy mountains in the background .
2097403787_77a154f5b9.jpg,A man is standing on the rocky ground in front of the mountain .
2097403787_77a154f5b9.jpg,A man standing in front of an icy mountain .
2097403787_77a154f5b9.jpg,The person is standing by the water in front of the snow topped mountains .
2097403787_77a154f5b9.jpg,The traveller pauses in front of the mountain view .
2097420505_439f63c863.jpg,A male hiker wearing a green jacket is posing next to a large glacier .
2097420505_439f63c863.jpg,A man with a camera and an ice structure behind him .
2097420505_439f63c863.jpg,A man with a camera crouching on ice .
2097420505_439f63c863.jpg,A man with a camera kneels in front of a giant hill of snow .
2097420505_439f63c863.jpg,The mountain climber prepares to take a photo .
2097489021_ca1b9f5c3b.jpg,A girl in a ballet fairy costume is touched by a wand .
2097489021_ca1b9f5c3b.jpg,A young girl performing the nutcracker .
2097489021_ca1b9f5c3b.jpg,The little girl is standing on a stage dressed up as a pink fairy .
2097489021_ca1b9f5c3b.jpg,"The tiny girl dressed in a butterfly ballet costume , waves her wand near a nutcracker statue ."
2097489021_ca1b9f5c3b.jpg,Young girl waving turquiose leotard and pink tutu with wings waving wand .
2100046085_69b59b6645.jpg,Two dogs drink water in a lake .
2100046085_69b59b6645.jpg,Two white dogs are drinking water out of a lake .
2100046085_69b59b6645.jpg,Two white dogs drink from the lake .
2100046085_69b59b6645.jpg,two white dogs drinking out of a stream
2100046085_69b59b6645.jpg,Two white dogs walk around in shallow water .
2100909581_b7dde5b704.jpg,A dog is jumping in the snow .
2100909581_b7dde5b704.jpg,A large white dog is jumping in the air over a snowy area .
2100909581_b7dde5b704.jpg,a large white dog jumping up in the snow
2100909581_b7dde5b704.jpg,A white dog plays outside in a fenced yard while it snows .
2100909581_b7dde5b704.jpg,White dog playing in the snow .
2101808682_0d66ef4a08.jpg,"A boy being swarmed by pigeons , marble building in the background ."
2101808682_0d66ef4a08.jpg,A boy is surrounded by pigeons .
2101808682_0d66ef4a08.jpg,pigeons attack a blonde boy .
2101808682_0d66ef4a08.jpg,Pigeons swarm all over a boy .
2101808682_0d66ef4a08.jpg,There are birds on the boy
2102030040_2e8f4738f7.jpg,A girl skiing .
2102030040_2e8f4738f7.jpg,A woman on a ski slope .
2102030040_2e8f4738f7.jpg,A woman skier smiles for the camera while on a snowy slope .
2102030040_2e8f4738f7.jpg,A woman standing on a snowy hill about to ski .
2102030040_2e8f4738f7.jpg,A woman with a blue jacket is posing for a picture while skiing down a mountain
2103568100_5d018c495b.jpg,A dog in some water enclosed by rocky ledge .
2103568100_5d018c495b.jpg,A white dog is standing in a pond .
2103568100_5d018c495b.jpg,A white dog is walking through a river that runs through a rocky landscape .
2103568100_5d018c495b.jpg,A white dog walks through shallow water in the wilderness .
2103568100_5d018c495b.jpg,The white dog is wading in the pond atop the mountain .
2105756457_a100d8434e.jpg,Two children standing under an awning .
2105756457_a100d8434e.jpg,Two kids are playing a game of Foosball .
2105756457_a100d8434e.jpg,Two kids in a developing nation are playing a table top game under an awning made from burlap .
2105756457_a100d8434e.jpg,Two men play a game beneath a shade .
2105756457_a100d8434e.jpg,Two young kids are in a hut .
2106772874_381824648b.jpg,A brown and black dog and a white dog are wrestling on the carpet .
2106772874_381824648b.jpg,A large white dog and a smaller brown dog fight .
2106772874_381824648b.jpg,A white dog opens its mouth near a smaller dog .
2106772874_381824648b.jpg,A white dog plays with a brown dog on carpet .
2106772874_381824648b.jpg,Two dogs playing rough .
2107837987_ffecfc367a.jpg,A boy stands near water with a stone in his hand .
2107837987_ffecfc367a.jpg,A child in a blue shirt is holding something in his hand on a lake shore .
2107837987_ffecfc367a.jpg,A little boy is ready to throw a stone into the water .
2107837987_ffecfc367a.jpg,A skips rocks near a bridge .
2107837987_ffecfc367a.jpg,The little boy is at the side of the river throwing rocks .
210839948_bbd5bfa3b6.jpg,A girl in a red shirt is rock climbing .
210839948_bbd5bfa3b6.jpg,A woman climbs up a steep rock face .
210839948_bbd5bfa3b6.jpg,"a woman wearing red , climbs up the giant rock ."
210839948_bbd5bfa3b6.jpg,A young girl with a determined expression climbing a cliff edge .
210839948_bbd5bfa3b6.jpg,Blond woman in red top rock climbing .
2108799322_e25aa6e185.jpg,A black dog in running in a field .
2108799322_e25aa6e185.jpg,A black dog is running through a marsh-like area .
2108799322_e25aa6e185.jpg,A black dog runs through a muddy bank .
2108799322_e25aa6e185.jpg,A dog running through mucky ground .
2108799322_e25aa6e185.jpg,A mostly black short haired dog is running in a swampy area with its tongue out .
2109479807_eec8d72ca7.jpg,A group of girls ride an ATV .
2109479807_eec8d72ca7.jpg,Four females wearing helments are riding on an ATV .
2109479807_eec8d72ca7.jpg,Four girls are sitting on a blue ATV in field .
2109479807_eec8d72ca7.jpg,Four girls ride sit on a riding tractor on a farm .
2109479807_eec8d72ca7.jpg,Four girls sit on an ATV in a yard .
211277478_7d43aaee09.jpg,A dirty jeep is stuck in the mud .
211277478_7d43aaee09.jpg,A Jeep goes off-roading in the woods with muddy trails making it dirty .
211277478_7d43aaee09.jpg,A muddy jeep driving through the forest .
211277478_7d43aaee09.jpg,A muddy truck in the woods .
211277478_7d43aaee09.jpg,The vehicle is driving through mud surrounded by pine trees .
2112921744_92bf706805.jpg,A dog on a green hillside .
2112921744_92bf706805.jpg,A dog standing on the side of a mountain .
2112921744_92bf706805.jpg,A dog stands on the side of a grassy cliff .
2112921744_92bf706805.jpg,"A fluffy white dog looks down a steep , grassy embankment ."
2112921744_92bf706805.jpg,A white dog is standing on a grassy hillside .
2114355355_9d7e2d8178.jpg,A brown dog is sitting in the front of a canoe .
2114355355_9d7e2d8178.jpg,A brown dog lies on a blanket in boat .
2114355355_9d7e2d8178.jpg,A dog lies at the front of a boat headed into the fog .
2114355355_9d7e2d8178.jpg,A Dog lying on a blanket at the end of a small boat .
2114355355_9d7e2d8178.jpg,A reddish-brown dog is laying at the front of a white boat on an orange flowered blanket .
2115631346_9585a479b0.jpg,Two brown dogs are running through the snow .
2115631346_9585a479b0.jpg,Two brown dogs run across a large snowy yard .
2115631346_9585a479b0.jpg,two brown dogs running through the snow .
2115631346_9585a479b0.jpg,Two dogs race across a snowy field .
2115631346_9585a479b0.jpg,Two dogs run through a snowy field .
2115849046_2aa9fa8d13.jpg,A brown dog running on shore with a boat in the background .
2115849046_2aa9fa8d13.jpg,A brown dog runs near the water .
2115849046_2aa9fa8d13.jpg,A dog is running on the grass beside a boat on the river .
2115849046_2aa9fa8d13.jpg,A large orange dog runs through the grass by the water where a large boat is sailing in the background .
2115849046_2aa9fa8d13.jpg,The dog is running in the grass next to the water .
2116444946_1f5d1fe5d1.jpg,A girl is standing outdoors with her hair blowing everywhere .
2116444946_1f5d1fe5d1.jpg,a girl lets her hair blow in the wind .
2116444946_1f5d1fe5d1.jpg,A girls brown hair is thrashed by the wind .
2116444946_1f5d1fe5d1.jpg,A smiling young woman is shown from the shoulders up with her long hair blowing in the wind .
2116444946_1f5d1fe5d1.jpg,Smiling girl with brown hair blowing in air .
2119660490_ce0d4d1f73.jpg,"A brown dog is laying on his side on a beige carpet , with a green object in the foreground ."
2119660490_ce0d4d1f73.jpg,A brown dog is laying on its back on a white carpet with a green ball on it .
2119660490_ce0d4d1f73.jpg,A brown dog is rolling on its back on a carpet with several green toys nearby .
2119660490_ce0d4d1f73.jpg,A dog lies on its back on a dog bed .
2119660490_ce0d4d1f73.jpg,The dog is laying on its back near a green ball .
211981411_e88b8043c2.jpg,A hummer is driving through a mud puddle several feet deep .
211981411_e88b8043c2.jpg,An old dusty car is half way in the brown water .
211981411_e88b8043c2.jpg,An old jeep partially submerged in water
211981411_e88b8043c2.jpg,Dirty car in body of water
211981411_e88b8043c2.jpg,The dirty vehicle is caught in a flood .
2121357310_f8235311da.jpg,A boy in a swimsuit slides along a stretch of wet plastic .
2121357310_f8235311da.jpg,A boy slides down a water slide as another boy runs past .
2121357310_f8235311da.jpg,A man in black shorts is sliding on a tarp .
2121357310_f8235311da.jpg,Boy in black shorts sliding on black surface covered with water with green trees in the background .
2121357310_f8235311da.jpg,Boy sliding on a wet plastic surface
2124040721_bffc0a091a.jpg,An older man with white hair a blue jacket and a bright red hat .
2124040721_bffc0a091a.jpg,An old man wearing a red hat and black raincoat .
2124040721_bffc0a091a.jpg,An old man with white hair in a red hat
2124040721_bffc0a091a.jpg,A person is a red hat and winter jacket is looking into the distance .
2124040721_bffc0a091a.jpg,A person with gray hair wears a red hat and watches it snow .
2125216241_5b265a2fbc.jpg,A blue and white sailboat sits by a dock .
2125216241_5b265a2fbc.jpg,A few people park their boat at a dock .
2125216241_5b265a2fbc.jpg,Three men stand atop a boat from Seattle Washington .
2125216241_5b265a2fbc.jpg,Three people are standing on the dock of a boat looking at something off camera .
2125216241_5b265a2fbc.jpg,Three people stand on a boat that is docked .
2125454445_5c5c4bf906.jpg,A black and white dog in a dog-shirt carrying a long piece of wood .
2125454445_5c5c4bf906.jpg,A black and white dog in a plaid coat is carrying a very long stick .
2125454445_5c5c4bf906.jpg,A black and white dog on a leash is wearing a plaid outfit .
2125454445_5c5c4bf906.jpg,A small black and white dog on a leash wearing a shirt carrying a large stick .
2125454445_5c5c4bf906.jpg,A small dog plays with a very big limb .
2127207912_9298824e66.jpg,"The two people are standing on a rock , holding themselves up against another rock , while looking down"
2127207912_9298824e66.jpg,Three people make their way through rocky terrain .
2127207912_9298824e66.jpg,Three people participate in rock climbing .
2127207912_9298824e66.jpg,Two female hikers hang onto a rock in front of them while looking down into a deep crevice .
2127207912_9298824e66.jpg,Two people wearing backpacks and a woman in red shorts are standing on some large rock formations .
2136514643_93d8f75a77.jpg,A girl on the phone standing in front of beautiful plants is passed by another smiling girl .
2136514643_93d8f75a77.jpg,A girl wearing a white sweatshirt and jean shorts has a big smile on her face as she walks along .
2136514643_93d8f75a77.jpg,A smiling girl walking and a frowning girl with a phone .
2136514643_93d8f75a77.jpg,A teenage girl walks past another with a cellphone .
2136514643_93d8f75a77.jpg,A young woman walks by another young woman talking on the phone and leaning on a wall .
2136992638_098d62a3c5.jpg,A brown and a black dog are wearing collars and playing with each other .
2136992638_098d62a3c5.jpg,A brown dog biting a black dog on a sidewalk
2136992638_098d62a3c5.jpg,The brown dog with a red collar is biting the black dog .
2136992638_098d62a3c5.jpg,"Two dogs , one brown and one black , playing with each other ."
2136992638_098d62a3c5.jpg,"Two dogs , one brown , the other black and white , are playing on a sidewalk ."
2138487671_5b89104043.jpg,A young boy jumping into a lake .
2138487671_5b89104043.jpg,A young boy jumping into a still lake
2138487671_5b89104043.jpg,A young boy jumps off of a plank into a lake .
2138487671_5b89104043.jpg,The boy is jumping into a lake .
2138487671_5b89104043.jpg,The young boy in the blue shirt is jumping into the water .
2141713971_e25eb12712.jpg,A woman and a girl ride a sled down a hill standing up .
2141713971_e25eb12712.jpg,"A woman and a younger girl , both wearing blue jackets and knit caps , slide down a hill on a snow sled , a dog running at their side ."
2141713971_e25eb12712.jpg,A woman and a young girl riding a sled down a snowy hill while standing .
2141713971_e25eb12712.jpg,A woman and girl riding downhill on a sled with a dog running alongside them
2141713971_e25eb12712.jpg,Two people on a sled riding down a snowy hill .
2144050118_3e7d2e05b1.jpg,a blond girl in a brown shirt with a black pen up her nose
2144050118_3e7d2e05b1.jpg,A little girl has a pen sticking out of her nose .
2144050118_3e7d2e05b1.jpg,A young girl is looking at the camera with a pen stuck up her nose .
2144050118_3e7d2e05b1.jpg,The girl with the wide eyes has a marker hanging from her nose .
2144050118_3e7d2e05b1.jpg,Young girl sitting with a black pen in her nose .
2149982207_5345633bbf.jpg,"A boy wearing a black and blue life vest is on a green , wooden boat looking out towards the water ."
2149982207_5345633bbf.jpg,A boy wearing a blue life jacket is holding onto the side of a green boat .
2149982207_5345633bbf.jpg,"A child holds on to the side of a small , weathered , green watercraft on the open sea ."
2149982207_5345633bbf.jpg,A little boy in a life vest is looking out the side of a boat .
2149982207_5345633bbf.jpg,A young boy riding in a green boat .
2156726763_034ecd2e39.jpg,A girl in a pink jacket and red hat walking near grass .
2156726763_034ecd2e39.jpg,A girl wearing a pink coat and red hat walks down a gravel path .
2156726763_034ecd2e39.jpg,A little girl in a pink coat is walking down a dirt road
2156726763_034ecd2e39.jpg,A little girl in a pink jacket is walking .
2156726763_034ecd2e39.jpg,A young girl in a pink jacket walking down a gravel path in a wooded area .
2170222061_e8bce4a32d.jpg,A dog biting the tail of a cow .
2170222061_e8bce4a32d.jpg,A dog chasing an animals tail on the grass .
2170222061_e8bce4a32d.jpg,"A small animal leaps behind a larger animal , the larger animal 's tail obscuring the smaller one 's face ."
2170222061_e8bce4a32d.jpg,A small dog chases after a large brown cow .
2170222061_e8bce4a32d.jpg,A tan animal is being swatted in the face by a brown and white bull .
2172493537_128bc8b187.jpg,The three children are playing in a fountain .
2172493537_128bc8b187.jpg,Three children are playing at a sprinkler park .
2172493537_128bc8b187.jpg,Three children play in a water park .
2172493537_128bc8b187.jpg,Three kids stand in an array of water fountains .
2172493537_128bc8b187.jpg,Three people are wading in shallow water near a stone path and spraying fountains .
2172526745_649f420569.jpg,A boy wearing a red shirt dumps water out of a yellow bucket onto a girl 's head .
2172526745_649f420569.jpg,A little boy and a little girl play together in the water .
2172526745_649f420569.jpg,A young boy at a water park pouring a bucket water on a young girl in a swimsuit .
2172526745_649f420569.jpg,The boy is pouring a bucket of water over a girl 's head .
2172526745_649f420569.jpg,Two young children play with water in a fountain .
2173061319_1f267765dc.jpg,A boy slides down a snowy hill in an innertube .
2173061319_1f267765dc.jpg,"A boy snow tubing on a green , blue , and yellow colored tube ."
2173061319_1f267765dc.jpg,A child laughs while tubing down the snowy mountain .
2173061319_1f267765dc.jpg,"A small child in an orange , white and black coat coming down a snowy hill on an innertube ."
2173061319_1f267765dc.jpg,a small child racing down a snowy hill on an innertube
2180356743_b3a3c9a7f6.jpg,A boy standing and watching a group of people on a basketball court .
2180356743_b3a3c9a7f6.jpg,A boy standing in the foreground looking out over other people in a court .
2180356743_b3a3c9a7f6.jpg,A boy stands overlooking a schoolyard where other children play .
2180356743_b3a3c9a7f6.jpg,"A boy watches his classmates play in a courtyard , looking from above ."
2180356743_b3a3c9a7f6.jpg,A little boy is standing above a structure and watching the other boys play a game .
2180886307_5156460b2c.jpg,A brown dog is swimming and splashing in the water .
2180886307_5156460b2c.jpg,a dog swimming through the water
2180886307_5156460b2c.jpg,A dog swims in the aqua water .
2180886307_5156460b2c.jpg,a tan dog swimming in some water
2180886307_5156460b2c.jpg,Brown dog splashing into the water .
2181724497_dbb7fcb0a9.jpg,A girl messily eats a plate of pasta .
2181724497_dbb7fcb0a9.jpg,A little girl in a high chair is messily eating spaghetti .
2181724497_dbb7fcb0a9.jpg,A little girl makes a mess on her hand and face while eating in her baby chair .
2181724497_dbb7fcb0a9.jpg,A young girl sits in a high chair and eats red food while making a mess .
2181724497_dbb7fcb0a9.jpg,The girl eating spaghetti is wearing a red jacket .
2185793891_5a5e903ca6.jpg,A baby cries in a woman 's arms .
2185793891_5a5e903ca6.jpg,A baby in a red shirt is crying while an adult holding the baby mocks it .
2185793891_5a5e903ca6.jpg,A baby wearing red begins to cry as a woman makes a face at it .
2185793891_5a5e903ca6.jpg,a little baby cries in his moms arms .
2185793891_5a5e903ca6.jpg,A woman is holding onto a baby that looks like he 's about to cry .
2189181027_a445b13438.jpg,A black dog running along the sandy shoreline of a body of water while two ducks swim nearby .
2189181027_a445b13438.jpg,A black dog running along the water
2189181027_a445b13438.jpg,A dog and two birds .
2189181027_a445b13438.jpg,A dog runs along the shore of a pond with two elegant geese swimming .
2189181027_a445b13438.jpg,Dog running on shore beside two geese in water
2191329761_3effd856c5.jpg,Dogs race on a track .
2191329761_3effd856c5.jpg,Dogs racing at the racetrack .
2191329761_3effd856c5.jpg,Dogs racing in dirt .
2191329761_3effd856c5.jpg,Horse number 8 is racing
2191329761_3effd856c5.jpg,The white dog has a blue shirt on and is behind a black dog with a rellow shirt on .
2192333873_2a0cbe849d.jpg,A boy is flying down a snow covered slope on his sled .
2192333873_2a0cbe849d.jpg,A boy watches another person falling in the snow .
2192333873_2a0cbe849d.jpg,A snowboarder crashes into another .
2192333873_2a0cbe849d.jpg,a young boy falling down into the snow with another boy in the background
2192333873_2a0cbe849d.jpg,Two children play in the snow with a sled .
2192475933_d779bf42eb.jpg,A boy in a wetsuit on a crowded beach
2192475933_d779bf42eb.jpg,A boy is wearing a wetsuit on a crowded beach .
2192475933_d779bf42eb.jpg,A boy wearing a black wetsuit stands on a crowded beach .
2192475933_d779bf42eb.jpg,a boy wears a wetsuit at the beach .
2192475933_d779bf42eb.jpg,child wearing a hat at the beach
2192802444_b14bb87b95.jpg,a group of mostly nude children playing on a bridge over some water .
2192802444_b14bb87b95.jpg,"A group of young boys , one naked , play around a rickety bridge ."
2192802444_b14bb87b95.jpg,Children climbing and standing on a wooden bridge over water .
2192802444_b14bb87b95.jpg,"People walking on an old wooden bridge over the water , one of them is a toddler , while others play under the bridge"
2192802444_b14bb87b95.jpg,There are naked children playing on a wood bridge .
219301553_d2fffe9e0c.jpg,a group of people are crossing a river
219301553_d2fffe9e0c.jpg,A group of people are wading though a stream between steep rocky cliffs .
219301553_d2fffe9e0c.jpg,People wading in a river .
219301553_d2fffe9e0c.jpg,Several people are wading in a river in a deep gorge .
219301553_d2fffe9e0c.jpg,Several people wading in the water at the bottom of a ravine .
2194286203_5dc620006a.jpg,A little girl and boy play in the sand on the beach .
2194286203_5dc620006a.jpg,A young boy and girl play together in the sand .
2194286203_5dc620006a.jpg,boy and girl make a sand castle
2194286203_5dc620006a.jpg,Two children build a sand castle on the beach .
2194286203_5dc620006a.jpg,two kids building a sand castle
2194494220_bb2178832c.jpg,A person is skijoring with a dog in the mountains .
2194494220_bb2178832c.jpg,A person skis with their dog .
2194494220_bb2178832c.jpg,"A woman cross-country skiing , with a brown dog ."
2194494220_bb2178832c.jpg,a woman skiing down a snowy mountain with a brown dog on a lesh running with her
2194494220_bb2178832c.jpg,The brown dog pulls a skier across snow-covered ground .
2194797921_96af7a9467.jpg,A woman is climbing a volleyball net on a beach as two others watch .
2194797921_96af7a9467.jpg,Girl climbs volleyball net at beach
2194797921_96af7a9467.jpg,People hanging up a volleyball net .
2194797921_96af7a9467.jpg,People put up a volleyball net at the beach .
2194797921_96af7a9467.jpg,The girl in the brown shirt is hanging onto a blue pole .
2196050115_e236d91f52.jpg,a boy is aiming a bow and arrow at a target .
2196050115_e236d91f52.jpg,A boy is firing a gun at a bullseye attached to a hay barrel .
2196050115_e236d91f52.jpg,A boy taking aim at a target on a bale of hay with his bow and arrow .
2196050115_e236d91f52.jpg,A young archer aims his bow at a haystack target .
2196050115_e236d91f52.jpg,Boy wearing jeans aiming bow and arrow toward target on a hay bale .
2197275664_fabcf3424b.jpg,A child riding a scooter indoors .
2197275664_fabcf3424b.jpg,A girl plays on a red scooter .
2197275664_fabcf3424b.jpg,Little girl playing on a scooter in her house .
2197275664_fabcf3424b.jpg,The girl is on a red scooter
2197275664_fabcf3424b.jpg,The little girl is riding her red scooter .
2198484810_50a893824a.jpg,A brown dog is running through an obstacle course .
2198484810_50a893824a.jpg,A brown dog jumps over an obstacle .
2198484810_50a893824a.jpg,A dog runs through an obstacle course .
2198484810_50a893824a.jpg,A small dog jumping over hurdles .
2198484810_50a893824a.jpg,The brown dog is jumping over a low rail in a grassy yard .
2198511848_311d8a8c2f.jpg,A man jumps off a ramp on a snowboard .
2198511848_311d8a8c2f.jpg,A snowboarder high in the air .
2198511848_311d8a8c2f.jpg,A snowboarder jumps through the air on their snowboard .
2198511848_311d8a8c2f.jpg,"Snowboarder flies off of snowy jump , mountains in background ."
2198511848_311d8a8c2f.jpg,The snowboarder is in the middle of a very tall jump
2199250692_a16b0c2ae1.jpg,A man is pulling a cart on wheels loaded with nets and is in front of the Ocean Blue Company .
2199250692_a16b0c2ae1.jpg,A man pulling around some odd thing on wheels .
2199250692_a16b0c2ae1.jpg,A person walks with an artistic contraption in front of the Ocean Blue Company .
2199250692_a16b0c2ae1.jpg,Man pulling a cart in the street .
2199250692_a16b0c2ae1.jpg,The man in the hat and sandals is pulling a cart behind him .
2204695848_3d1b140212.jpg,A blond girl earring Groucho Marx glasses .
2204695848_3d1b140212.jpg,A girl in pink wears a funny nose mask .
2204695848_3d1b140212.jpg,A little girl is smiling whilst wearing a fake nose and glasses .
2204695848_3d1b140212.jpg,Blonde girl with pink top smiling while wearing funny glasses with large nose .
2204695848_3d1b140212.jpg,Blond little girl wearing novelty glasses .
2206594874_5e0087c6b7.jpg,A couple sits at a cramped table in a busy restaurant .
2206594874_5e0087c6b7.jpg,A couple sits at a table for lunch in a mall .
2206594874_5e0087c6b7.jpg,A man and woman sit at a table in a restaurant .
2206594874_5e0087c6b7.jpg,A man and woman sit at a table inside a fast food restaurant .
2206594874_5e0087c6b7.jpg,The man wearing black makes a face as the woman across from him speaks .
2206960564_325ed0c7ae.jpg,A beige puppy walks across the floor .
2206960564_325ed0c7ae.jpg,A small puppy rungs towards the camera .
2206960564_325ed0c7ae.jpg,A white puppy is running on a tiled floor .
2206960564_325ed0c7ae.jpg,puppy running on the floor
2206960564_325ed0c7ae.jpg,The white dog ran across the tile floor .
2217728745_92b6779016.jpg,A bald headed man is standing by the beer pumps at the bar .
2217728745_92b6779016.jpg,A bunch of beer pull tabs at a bar with Christmas lights on the ceiling .
2217728745_92b6779016.jpg,A man in a bar .
2217728745_92b6779016.jpg,A picture of five people at a bar with a closeup on the beer taps .
2217728745_92b6779016.jpg,christmas tree lights hang on the ceiling .
2218519240_cac5aab53c.jpg,A man is wearing protective hair and face coverings .
2218519240_cac5aab53c.jpg,A man wears a clear plastic cap and face mask .
2218519240_cac5aab53c.jpg,A man wears a mask around his mouth and a hair net by a brick wall .
2218519240_cac5aab53c.jpg,a young man with a hairnet over his hair and his mouth wearing a black jacket .
2218519240_cac5aab53c.jpg,Young man wearing hair net on head and face
2220175999_081aa9cce8.jpg,Two big dogs wade in the ocean
2220175999_081aa9cce8.jpg,Two dogs are wading in a river .
2220175999_081aa9cce8.jpg,Two dogs play in the water .
2220175999_081aa9cce8.jpg,Two dogs wade in the water .
2220175999_081aa9cce8.jpg,Two dogs walk in a body of water .
2222559267_6fd31e3941.jpg,A man and a little girl walking down the street .
2222559267_6fd31e3941.jpg,A man and girl hold hands walking down the street .
2222559267_6fd31e3941.jpg,A man and little girl walk next to a sign about crime .
2222559267_6fd31e3941.jpg,A man in a black jacket is holding a little girl 's hand while walking down the city street
2222559267_6fd31e3941.jpg,The man in the black jacket is holding the little girl 's hand as they pass a yellow sign .
222369445_5b6af347dd.jpg,A man is carrying a surfboard along a stone wall that leads to the ocean .
222369445_5b6af347dd.jpg,Man in green swim trunks carrying a surfboard along a rock wall to the ocean .
222369445_5b6af347dd.jpg,Surfers walking along a seawall as the ocean churns around them .
222369445_5b6af347dd.jpg,Two surfers carry their boards to the end of a walkway to join the others in the water .
222369445_5b6af347dd.jpg,Two surfers walk along a rock wall to reach the waves .
2224995194_518859d97d.jpg,The rock climbers are on their equipment in front of a cave .
2224995194_518859d97d.jpg,Two people hang from safety ropes over a giant cliff .
2224995194_518859d97d.jpg,Two people hanging on a rope over a cliff .
2224995194_518859d97d.jpg,Two people lower themselves into a cave with long ropes .
2224995194_518859d97d.jpg,two people repel down into a hole .
2230067846_74046b89d3.jpg,Children stretch outside .
2230067846_74046b89d3.jpg,Two boys hold their feet in their hands while balancing on one foot .
2230067846_74046b89d3.jpg,Two boys in running clothes stretching .
2230067846_74046b89d3.jpg,Two boys standing holding the ankle of one crossed leg .
2230067846_74046b89d3.jpg,two young man holding one leg in their hand
223299142_521aedf9e7.jpg,A man among steep and snowy mountains .
223299142_521aedf9e7.jpg,"Someone hikes down a steep , frozen mountainside ."
223299142_521aedf9e7.jpg,The grass has ice on it and there is a mountain in the background .
223299142_521aedf9e7.jpg,The man is climbing up a steep snowy mountain .
223299142_521aedf9e7.jpg,The person is high on a mountain during sunset .
2238166082_140f8b01b8.jpg,A child in purple winter gear is on a red sled .
2238166082_140f8b01b8.jpg,A child is sledding on a red sled
2238166082_140f8b01b8.jpg,A girl in a purple coat on a red sled coasting down a snowy hill .
2238166082_140f8b01b8.jpg,A young girl is sliding down a snow slope in a red sled .
2238166082_140f8b01b8.jpg,Girl wearing purple jacket rides a red snow sled .
2242863004_3a9f82a31f.jpg,A dog attempting to chew on a red ball .
2242863004_3a9f82a31f.jpg,A dog with a red ball .
2242863004_3a9f82a31f.jpg,A German shepherd is playing with a red ball .
2242863004_3a9f82a31f.jpg,A German Shepherd is playing with a red ball .
2242863004_3a9f82a31f.jpg,a German Sheppard dog bting a large red ball
2243904502_2d265fed80.jpg,A dog running with a toy in his mouth .
2243904502_2d265fed80.jpg,A dog with a yellow toy in its mouth .
2243904502_2d265fed80.jpg,A yellow dog running through a yard covered in leaves while holding a yellow toy in his mouth .
2243904502_2d265fed80.jpg,Dog trotting with a rubber duck in its mouth
2243904502_2d265fed80.jpg,The dog has retrieved his toy .
2245348304_08bc5642f1.jpg,A man in a hat sits outside near some cardboard boxes .
2245348304_08bc5642f1.jpg,a man plays his guitar on the street .
2245348304_08bc5642f1.jpg,A man sits on a box and plays a guitar in the street .
2245348304_08bc5642f1.jpg,A man sits ourdoors next to cardboard boxes and plays an instrument .
2245348304_08bc5642f1.jpg,An older musician perfoms on the street behind a cardboard box .
2248487950_c62d0c81a9.jpg,A man and a woman wait to cross a street .
2248487950_c62d0c81a9.jpg,a man talks on his cellphone and another man rides a wheelchair .
2248487950_c62d0c81a9.jpg,"A woman crosses the street near a man , who is on his cellphone ."
2248487950_c62d0c81a9.jpg,A woman in a coat and a man in a tracksuit talking on a phone cross the street .
2248487950_c62d0c81a9.jpg,A woman tries to cross the road before a man on a red scooter .
2249141510_f534708374.jpg,A boy in red is jumping in a playground sand pit .
2249141510_f534708374.jpg,A boy in red jumping into a sandbox .
2249141510_f534708374.jpg,A boy in red jumps backward onto the sand at a playground .
2249141510_f534708374.jpg,A young boy in red leaping into sand at a playground .
2249141510_f534708374.jpg,a young boy wearing a bright red outfit jumping into the sand at a playground .
2250870111_8402d2319d.jpg,A person is reading a magazine on a snowing sidewalk .
2250870111_8402d2319d.jpg,A person wearing jeans and a brown coat is reading and smoking on the sidewalk by a road covered with dirty snow .
2250870111_8402d2319d.jpg,A woman reads on newspaper on a snow covered street .
2250870111_8402d2319d.jpg,A woman smokes a cigarette and looks at a magazine in the middle of a snowy road .
2250870111_8402d2319d.jpg,A woman smoking a cigarette is standing next to the road during a wintery day .
2251418114_2b0cd4c139.jpg,A boy stands on a rocky mountain .
2251418114_2b0cd4c139.jpg,A child on a rock formation .
2251418114_2b0cd4c139.jpg,A child sitting on a rock formation .
2251418114_2b0cd4c139.jpg,a little boy sitts on top of a big rock .
2251418114_2b0cd4c139.jpg,A person in a red jacket on top of rocks .
2251447809_2de73afcdf.jpg,A man dressed in black walks on an icy sidewalk
2251447809_2de73afcdf.jpg,a man walks on the icy sidewalk .
2251447809_2de73afcdf.jpg,A quiet sidewalk in a town with a view of a traffic intersection .
2251447809_2de73afcdf.jpg,Man walking toward his car on an icy sidewalk in the city .
2251447809_2de73afcdf.jpg,There is a man dressed in black walking on a sidewalk with melted snow .
2251747182_6b67a3ab8b.jpg,A boy playing basketball in a gym
2251747182_6b67a3ab8b.jpg,A young boy holding a basketball about to shoot .
2251747182_6b67a3ab8b.jpg,"A young boy , playing basketball , is getting ready to take a shot ."
2251747182_6b67a3ab8b.jpg,The boy in the white jersey is dribbling the orange Wizards basketball .
2251747182_6b67a3ab8b.jpg,The little boy in the red shorts is going to shoot a basket .
2252403744_148fc11f68.jpg,An Asian girl and boy playing on with a yellow ball on a black and white floor .
2252403744_148fc11f68.jpg,Two children play and one has a beach ball .
2252403744_148fc11f68.jpg,Two children play with a ball on the floor .
2252403744_148fc11f68.jpg,Two young children playing with each other and a ball .
2252403744_148fc11f68.jpg,Young girl in pink dress plays with boy and a ball
2254913901_569f568926.jpg,A Louis Vuitton store window at night .
2254913901_569f568926.jpg,A woman looks at clothes in a Louis Vuitton store window .
2254913901_569f568926.jpg,A woman widow shops outside of a Louis Vuitton store .
2254913901_569f568926.jpg,The woman in black is looking at outfits in a clothing store window .
2254913901_569f568926.jpg,"Woman on the street window shops in front of the store , Louis Vuitton ."
2255685792_f70474c6db.jpg,"Three individuals are posing on skis behind a "" no skiing "" sign ."
2255685792_f70474c6db.jpg,"Three people in skiing gear are standing behind a "" no skiing "" sign ."
2255685792_f70474c6db.jpg,Three people on skis are standing behind a no skiing sign .
2255685792_f70474c6db.jpg,Three people standing in the snow behind a No Skiing sign .
2255685792_f70474c6db.jpg,"Three people stand , ready to ski , next to a no skiing sign ."
2256231539_05c27179f1.jpg,A child holds a football and runs from other children .
2256231539_05c27179f1.jpg,A young boy in a blue uniform running with a football while playing a game of flag football .
2256231539_05c27179f1.jpg,A young boy weating blue shorts and cleats holding a football running from other boys .
2256231539_05c27179f1.jpg,A young male carrying a football and running while two other boys run behind him .
2256231539_05c27179f1.jpg,The boy in blue runs with the ball whilst being chased by two boys in red .
2257798999_d9d1b9a45a.jpg,"As the brown dog looks the other way , a large black and white dog plays with a smaller black dog ."
2257798999_d9d1b9a45a.jpg,"Orange , brown and white and brown dogs on grass ."
2257798999_d9d1b9a45a.jpg,Three dogs playing and laying on the grass .
2257798999_d9d1b9a45a.jpg,Three dogs playing in a yard together .
2257798999_d9d1b9a45a.jpg,three dogs play together .
2258662398_2797d0eca8.jpg,A child in a black wetsuit is in the waves on a surfboard .
2258662398_2797d0eca8.jpg,A kid on a surfboard riding a small wave .
2258662398_2797d0eca8.jpg,A small boy in black is surfing .
2258662398_2797d0eca8.jpg,A young boy in a black wetsuit surfs in the water .
2258662398_2797d0eca8.jpg,A young surfer rides a wave .
2260560631_09093be4c6.jpg,A dirty dogs runs through the woods .
2260560631_09093be4c6.jpg,A dog carries a stick through the woods .
2260560631_09093be4c6.jpg,A dog jumping over a stick in the yard .
2260560631_09093be4c6.jpg,A dog jumps over a stick in a forest .
2260560631_09093be4c6.jpg,The furry dog is running through a grassy wooded area .
2267682214_e1434d853b.jpg,"A brown , shaggy dog has a plastic snowman toy in his mouth ."
2267682214_e1434d853b.jpg,A furry brown dog carries his toy in mouth outside .
2267682214_e1434d853b.jpg,A shaggy dog plays with a toy .
2267682214_e1434d853b.jpg,A shaggy dog with a toy in its mouth .
2267682214_e1434d853b.jpg,A small dog with long hair holds a snowman toy in its mouth .
2268109835_d6edbe1c2b.jpg,A man catches a bird from the partly cloudy sky with a long net .
2268109835_d6edbe1c2b.jpg,A man wearing camouflage holds a net on a very long handle into the air .
2268109835_d6edbe1c2b.jpg,A person trying to catch birds in a Nat .
2268109835_d6edbe1c2b.jpg,A person on the grass is throwing a rope in the air .
2268109835_d6edbe1c2b.jpg,A person uses a long-handled net to catch something in the air .
2268115375_69884e958d.jpg,A man carries dead birds while walking down a hill .
2268115375_69884e958d.jpg,A man is carrying numerous penguins accross a plain .
2268115375_69884e958d.jpg,A man wearing green waterproofs is walking on a grassy cliff top carrying some penguins .
2268115375_69884e958d.jpg,A man with multiple animals in each hand is walking down a uncut grassy hill .
2268115375_69884e958d.jpg,The man walks through a field carrying bundles of dead birds .
2268596214_ca532f5c63.jpg,A cameraman checks the settings on his camera .
2268596214_ca532f5c63.jpg,A man with a camera studies his work .
2268596214_ca532f5c63.jpg,A man with a headset is looking into a video camera .
2268596214_ca532f5c63.jpg,The man in the purple hat is operating a video camera .
2268596214_ca532f5c63.jpg,The man wearing a hat and headset is taking a photo .
2271468944_3264d29208.jpg,A boy at the beach dumps a bucket of water on another boy 's head .
2271468944_3264d29208.jpg,a boy pours water on another boy .
2271468944_3264d29208.jpg,A little boy pours water from a bucket onto another little boy 's head .
2271468944_3264d29208.jpg,A small boys dumps water on a baby .
2271468944_3264d29208.jpg,The boy pours water on the baby .
2271671533_7538ccd556.jpg,A backpacker hiking near a snowy mountain .
2271671533_7538ccd556.jpg,A hiker is walking in the snow with a snow covered mountain behind them .
2271671533_7538ccd556.jpg,An adult hikes in the snow with a mountain in the background .
2271671533_7538ccd556.jpg,A person across a field of snow with a mountain in the background .
2271671533_7538ccd556.jpg,A person stands in the snow at the bottom of a snow covered mountain .
2273799395_5072a5736d.jpg,A group of people hike in skis .
2273799395_5072a5736d.jpg,A group of skiers head up an incline in the snow .
2273799395_5072a5736d.jpg,A lady in red gloves on ski 's has four people behind her .
2273799395_5072a5736d.jpg,People are cross-country skiing in a single file line .
2273799395_5072a5736d.jpg,Quite a few hikers walk through the snow with their gear .
2274602044_b3d55df235.jpg,A man is sitting on a green bench located on a grassy hill while playing with a black dog .
2274602044_b3d55df235.jpg,a man on a bench feeds a dog .
2274602044_b3d55df235.jpg,A man on a bench pets a dog .
2274602044_b3d55df235.jpg,Man wearing a grey jacket sitting on a green bench petting a black dog wearing a red collar .
2274602044_b3d55df235.jpg,Old man sitting on the park bench with a black dog .
2275253272_00f941366e.jpg,a girl in a green dress and pink jacket is running down a dusty path in a grassy park .
2275253272_00f941366e.jpg,A girl wearing a pink sweater and green dress in walking down a path .
2275253272_00f941366e.jpg,A little girl holding flowers is walking away down a path on a sunny day .
2275253272_00f941366e.jpg,A little girl is walking along a path .
2275253272_00f941366e.jpg,A little girl walking down the sidewalk .
2275372714_017c269742.jpg,A group of boys pouring soda into a white plastic bucket while a man pumps a bicycle pump .
2275372714_017c269742.jpg,"A man , adolescent and two boys are mixing a bucket with liquid on a farm ."
2275372714_017c269742.jpg,A person pours water into a work bucket near a shovel and three other people .
2275372714_017c269742.jpg,Four guys are in a field .
2275372714_017c269742.jpg,The kids watched as the soda bottle launched into the air .
2276120079_4f235470bc.jpg,A boy runs as others play on a home-made slip and slide .
2276120079_4f235470bc.jpg,Children in swimming clothes in a field .
2276120079_4f235470bc.jpg,Little kids are playing outside with a water hose and are sliding down a water slide .
2276120079_4f235470bc.jpg,Several children are playing outside with a wet tarp on the ground .
2276120079_4f235470bc.jpg,Several children playing on a homemade water slide .
2278110011_ba846e7795.jpg,A boy in an orange short plays in bubbles .
2278110011_ba846e7795.jpg,A boy in jeans and an orange shirt chases bubbles in the air .
2278110011_ba846e7795.jpg,A child blows bubbles outside .
2278110011_ba846e7795.jpg,A little boy with an orange shirt is playing outside with bubbles .
2278110011_ba846e7795.jpg,A young boy runs through bubbles .
2278776373_fe499a93be.jpg,A boy walks near buildings .
2278776373_fe499a93be.jpg,A man in a blue and purple striped shirt and hat is walking past a brick building .
2278776373_fe499a93be.jpg,A man walking down a street by a garage .
2278776373_fe499a93be.jpg,A person walking past a brick shed .
2278776373_fe499a93be.jpg,A young man in a white beanie is walking down the road and passing by a garage .
2279980395_989d48ae72.jpg,A girl is buried under several playground balls .
2279980395_989d48ae72.jpg,A laughing baby is surrounded by balls of various colors .
2279980395_989d48ae72.jpg,A smiling child is surrounded by colored balls .
2279980395_989d48ae72.jpg,Little girl lying in many colored plastic balls .
2279980395_989d48ae72.jpg,The child is covered with colorful balls .
2281006675_fde04e93dd.jpg,A dog is walking on a beach with the sun on the horizon .
2281006675_fde04e93dd.jpg,A large dog with a black collar walking towards the water on a beach with the sun in the background .
2281006675_fde04e93dd.jpg,A yellow Labrador retriever walks into the ocean at sunset .
2281006675_fde04e93dd.jpg,Dog on the beach at sunset
2281006675_fde04e93dd.jpg,The dog walks along a beach at sunset .
2281054343_95d6d3b882.jpg,A man wearing a black hat is walking through a busy city street .
2281054343_95d6d3b882.jpg,A silhouette of a man in a hat on a busy city street .
2281054343_95d6d3b882.jpg,Person with black hat and black coat near buildings with signs .
2281054343_95d6d3b882.jpg,Three people in a crowded city area .
2281054343_95d6d3b882.jpg,Thre is a shot of man with his back turned in a city .
2282260240_55387258de.jpg,A little girl dances in a room with balloons on the floor .
2282260240_55387258de.jpg,A young girl dancing in her socks on a wooden floor strewn with pink balloons .
2282260240_55387258de.jpg,"Child with pink strings on head dancing surrounded by confetti , balloons ."
2282260240_55387258de.jpg,Little Girl in brown shirt and bluejean skirt dances on wood floor .
2282260240_55387258de.jpg,The blond girl is dancing inside a house .
2282522980_45cfa8e0cf.jpg,The dog with the green collar and ball is running behind the dog with the red collar
2282522980_45cfa8e0cf.jpg,Two dogs enjoy playing in the cold of the snow .
2282522980_45cfa8e0cf.jpg,Two dogs play in the snow .
2282522980_45cfa8e0cf.jpg,Two dogs play in the snow together .
2282522980_45cfa8e0cf.jpg,Two dogs run through the snow .
2283966256_70317e1759.jpg,A brown dog walks on the rocks near a river .
2283966256_70317e1759.jpg,A dog is walking through some gravel beside a river .
2283966256_70317e1759.jpg,A dog with a snub nose smells for somthing on a riverbank .
2283966256_70317e1759.jpg,A large brown dog is walking along side a river .
2283966256_70317e1759.jpg,a large tan bulldog walking along the rocky shore of a small stream .
2284239186_c827f4defa.jpg,A dog carries a newspaper through a kitchen .
2284239186_c827f4defa.jpg,A dog is bringing the newspaper to its owner through the kitchen .
2284239186_c827f4defa.jpg,A dog retrieving a newspaper inside a dining room .
2284239186_c827f4defa.jpg,a white and tan dog holding paper in its mouth while on tile floor
2284239186_c827f4defa.jpg,The dog retrieves the owner 's paper .
2286239223_d84ffc4e4a.jpg,A man and a woman on a bench .
2286239223_d84ffc4e4a.jpg,A man and a woman sit on a bench outdoors .
2286239223_d84ffc4e4a.jpg,A man and woman sit on a park bench .
2286239223_d84ffc4e4a.jpg,A man sits on a bench with his arm around a lady .
2286239223_d84ffc4e4a.jpg,The two people sit on the bench while the man in the tan jacket smokes .
2291485126_b8d41a63f4.jpg,A person on skis is jumping a small hill .
2291485126_b8d41a63f4.jpg,A skier is airborne in front of a tree .
2291485126_b8d41a63f4.jpg,Person on snow skis airborne over snow with green tree in the background .
2291485126_b8d41a63f4.jpg,The skier is jumping over a snowy mound in front of a pine tree .
2291485126_b8d41a63f4.jpg,This person is jumping off of a hill while skiing .
2292406847_f366350600.jpg,A man in a rowboat is rowing across blue water .
2292406847_f366350600.jpg,A man is rowing in a small boat called Neptuno
2292406847_f366350600.jpg,A man rows his boat below .
2292406847_f366350600.jpg,Man rowing a boat .
2292406847_f366350600.jpg,The fisherman paddles in his to a new spot .
2297471897_3419605c16.jpg,a dog playing ouside
2297471897_3419605c16.jpg,a little dog running with his tongue hanging out
2297471897_3419605c16.jpg,A small tan dog walks down a dirt path and licks his nose .
2297471897_3419605c16.jpg,Small brown dog licks lips as it runs across grass and dirt .
2297471897_3419605c16.jpg,The brown dog is walking along a grassy path with its tongue out .
2300168895_a9b83e16fc.jpg,A brown dog laying in the grass with a white chew toy .
2300168895_a9b83e16fc.jpg,A brown dog lying in the grass playing with a white rag .
2300168895_a9b83e16fc.jpg,A brown dog sitting on grass
2300168895_a9b83e16fc.jpg,A dog sitting on grass .
2300168895_a9b83e16fc.jpg,Orange dog with knotted white rag on grass .
2300229745_af7a20c959.jpg,A brown and white dog playing on grass .
2300229745_af7a20c959.jpg,A brown and white dog runs through a grassy area .
2300229745_af7a20c959.jpg,A dog is playing on the green grass
2300229745_af7a20c959.jpg,"A dog with floppy ears runs on the grass , a fence behind it ."
2300229745_af7a20c959.jpg,A white dog is running with an orange fence behind him .
2301525531_edde12d673.jpg,A black and white dog is jumping in the snow at a park .
2301525531_edde12d673.jpg,A black and white dog running in a snowy park .
2301525531_edde12d673.jpg,A black and white dog runs over snow by a tree and bench .
2301525531_edde12d673.jpg,A small white and black dog jumping in the snow
2301525531_edde12d673.jpg,Black and white dog running in the snow .
2303016989_0deb96c8d9.jpg,A black and white dog is catching a red and green object in his mouth .
2303016989_0deb96c8d9.jpg,A black and white dog is running through the field to catch something in its mouth .
2303016989_0deb96c8d9.jpg,A dog catching a flexable Frisbee in its mouth .
2303016989_0deb96c8d9.jpg,A small black and white dog jumps with an object in its mouth .
2303016989_0deb96c8d9.jpg,The black and white dog leaps to catch a toy .
2303426046_09cfd7bc4e.jpg,A brown dog jumps in the air .
2303426046_09cfd7bc4e.jpg,A dog appearing to be malnourished is standing on his hind legs about to jump .
2303426046_09cfd7bc4e.jpg,A dog jumps high while outside .
2303426046_09cfd7bc4e.jpg,A dog jumps on a lawn .
2303426046_09cfd7bc4e.jpg,Large brown dog jumping over a bush in a grassy area .
2308271254_27fb466eb4.jpg,A grey dog chasing a brown dog in shallow water .
2308271254_27fb466eb4.jpg,A small black dog chasing a small fluffy brown dog just above water .
2308271254_27fb466eb4.jpg,Two dogs moving through water close to the shore .
2308271254_27fb466eb4.jpg,Two dogs playing in a lake .
2308271254_27fb466eb4.jpg,Two dogs playing on the shore .
2308978137_bfe776d541.jpg,A crowd of boys riding a vehicle .
2308978137_bfe776d541.jpg,A large group of people wearing similar clothing riding a single vehicle .
2308978137_bfe776d541.jpg,almost 2 dozen people are riding on the outside of a cart down a road
2308978137_bfe776d541.jpg,A vehicle crowded with people .
2308978137_bfe776d541.jpg,Many young men with backpacks are clinging to and riding on a vehicle .
2310233145_910cb5b4c8.jpg,A child in orange walking on wooden walkway built in a body of water .
2310233145_910cb5b4c8.jpg,Two children are running down a bridge across a lake .
2310233145_910cb5b4c8.jpg,Two children run along a boardwalk that crosses over a body of water .
2310233145_910cb5b4c8.jpg,Two children walking on a wooden pier over water .
2310233145_910cb5b4c8.jpg,Two children wearing orange walk across a long pier .
2312731013_1a3a8e25c6.jpg,A man and a dog are sitting on the pavement are sitting by a wall .
2312731013_1a3a8e25c6.jpg,A man and his husky sitting in the snow at the corner of a building .
2312731013_1a3a8e25c6.jpg,A man is sitting in the snow with his dog asking for spare change .
2312731013_1a3a8e25c6.jpg,A man sits outside in the snow with his dog and blue blanket .
2312731013_1a3a8e25c6.jpg,Person sitting in snow on a sidewalk holding small black dog and a husky laying beside him .
2312747482_20a81b2230.jpg,A child peeks his head out from some flowers .
2312747482_20a81b2230.jpg,A child with blue eyes sitting amid flowers .
2312747482_20a81b2230.jpg,A kid playing in a bunch of flowers .
2312747482_20a81b2230.jpg,The brown haired toddler is holding onto the edge of a flower pot in a garden .
2312747482_20a81b2230.jpg,This small child is in a garden with flowers all around .
2314722788_6262c3aa40.jpg,A black and brown dog are starring at each other .
2314722788_6262c3aa40.jpg,A dark brown dog and a light brown dog in a field stare at each other .
2314722788_6262c3aa40.jpg,Two dogs are facing each other in a grassy field .
2314722788_6262c3aa40.jpg,Two dogs are looking at each other .
2314722788_6262c3aa40.jpg,Two dogs confront each other in the middle of a field
2322327298_7948338390.jpg,A blond lab runs in the snow .
2322327298_7948338390.jpg,a dog runs through the snow .
2322327298_7948338390.jpg,A golden dog is running through the snow .
2322327298_7948338390.jpg,A tan dog walks across the snow .
2322327298_7948338390.jpg,Brown dog runs in snow .
2322593776_e6aaf69e80.jpg,A little boy is on top of a snow mound .
2322593776_e6aaf69e80.jpg,A little kid dressed in cold-weather gear is at the top of the snow mound .
2322593776_e6aaf69e80.jpg,A small boy playing in the snow .
2322593776_e6aaf69e80.jpg,Boy in winter gear stands on snow with outstretched arms .
2322593776_e6aaf69e80.jpg,The child is standing on top of a snowbank with their arms outstretched .
2326879311_555ebef188.jpg,A man in a red shirt is curled up on pavement outdoors .
2326879311_555ebef188.jpg,A man in a red sleeveless shirt curled up in front of a door .
2326879311_555ebef188.jpg,A man in red lays on the sidewalk next to a red brick building .
2326879311_555ebef188.jpg,a man sleeping on the street
2326879311_555ebef188.jpg,A ragged man sleeping behind a building .
2327088022_478dbd2c17.jpg,A man climbing an icy glacier with the assistance of a pick .
2327088022_478dbd2c17.jpg,A man donning an orange helmet is climbing up a white glacier .
2327088022_478dbd2c17.jpg,A man is chiseling into ice .
2327088022_478dbd2c17.jpg,A mountain climber wearing an orange helmet swings his Axe .
2327088022_478dbd2c17.jpg,An ice climber wearing an orange helmet is hacking the ice with his ice pick .
232874193_c691df882d.jpg,A black and brown furry dog is running in the grass .
232874193_c691df882d.jpg,a brown and black dog running through a grassy field
232874193_c691df882d.jpg,A large dog frolics in the grass .
232874193_c691df882d.jpg,A long haired black and brown dog runs through the grass .
232874193_c691df882d.jpg,Black dog running on green grass with mouth open .
2331510788_986809bbb4.jpg,A brown dog is up to its knees in snow .
2331510788_986809bbb4.jpg,A brown dog plays in the snow .
2331510788_986809bbb4.jpg,A dog plays in the snow .
2331510788_986809bbb4.jpg,A grey dog with a bobbed tail digs in snow .
2331510788_986809bbb4.jpg,A large gray dog is playing in the deep snow .
233270519_d60d4518fa.jpg,"A man in swim trunks hits a ball with a paddle , while on the beach ."
233270519_d60d4518fa.jpg,A man is batting a ball on the beach beside the ocean .
233270519_d60d4518fa.jpg,a muscular man in swim trunks plays paddle ball on the beach
233270519_d60d4518fa.jpg,Man in a bathing suit holding a paddle on the beach
233270519_d60d4518fa.jpg,The man is standing on the shore hitting a ball with a paddle .
2332986053_864db84971.jpg,A man in an orange shirt and a blue hardhat smiles .
2332986053_864db84971.jpg,A man smiling with a helmet on his head .
2332986053_864db84971.jpg,A man wearing a helmet and sunglasses smiles .
2332986053_864db84971.jpg,A man wearing an orange shirt and helmet .
2332986053_864db84971.jpg,A man with a blue helmet and orange shirt .
233327292_3bcbc3783f.jpg,A man in a grey suit kneels in front of a woman in a white dress .
233327292_3bcbc3783f.jpg,A man is removing a garter for a lady .
233327292_3bcbc3783f.jpg,A man putting a garter on a woman .
233327292_3bcbc3783f.jpg,a woman sitting in a chair while a man is removing her garter belt
233327292_3bcbc3783f.jpg,Man removing garter during wedding
2333584535_1eaf9baf3e.jpg,A group of sled dogs in harness is standing together in the snow .
2333584535_1eaf9baf3e.jpg,Four dogs playing in the snow .
2333584535_1eaf9baf3e.jpg,Four snow dogs are pulled together in the snow .
2333584535_1eaf9baf3e.jpg,"Pack of sled dogs in the snow , one barking ."
2333584535_1eaf9baf3e.jpg,Several dogs grouped together in a winter setting .
233361142_d9d5f0cae9.jpg,a black and brown dog staring off into the distance at something
233361142_d9d5f0cae9.jpg,"A black , brown , and tan dog jumps at the camera ."
233361142_d9d5f0cae9.jpg,A brown dog running through tall grass .
233361142_d9d5f0cae9.jpg,Dog in plants crouches to look at camera .
233361142_d9d5f0cae9.jpg,The black and white dog is running through the bushes .
2335634931_7e9e8c2959.jpg,A dog attacking a guy .
2335634931_7e9e8c2959.jpg,A dog biting a man who is falling to the ground .
2335634931_7e9e8c2959.jpg,A dog is jumping up at a large man who is wearing jeans and a blue and yellow jacket .
2335634931_7e9e8c2959.jpg,A man is being attacked by a German Shepherd .
2335634931_7e9e8c2959.jpg,Dog jumping onto a man in a yellow jacket .
2337809114_899ba61330.jpg,A boy and girl are placing a red blindfold over a woman 's eyes .
2337809114_899ba61330.jpg,A girl is blindfolded by a young boy and girl .
2337809114_899ba61330.jpg,A person being blindfolded by a girl and a boy .
2337809114_899ba61330.jpg,"Three kids play , one is blindfolded ."
2337809114_899ba61330.jpg,Two young children are playing with a teenage girl who is blindfolded .
2339573065_91f1e3be60.jpg,a broen haired woman wearing a black coat with coffee in her hand
2339573065_91f1e3be60.jpg,A girl holds her iced drink in her gloved-hand with a look of concentration on her face .
2339573065_91f1e3be60.jpg,A woman in black holding a cup of ice cream .
2339573065_91f1e3be60.jpg,This woman is dressed in black and holding a cup .
2339573065_91f1e3be60.jpg,"Woman in black with beverage , with blurry urban background ."
2346523971_d3f1e12ce4.jpg,Three girls dancing in front of a couple of musicians .
2346523971_d3f1e12ce4.jpg,Three girls in hats and dresses dance to music played by boys in the background .
2346523971_d3f1e12ce4.jpg,Three girls in western hats dance for a band .
2346523971_d3f1e12ce4.jpg,Three girls wear straw hats and dance on a stage .
2346523971_d3f1e12ce4.jpg,Three young girls in hats are dancing .
2346772831_b2748ba1f0.jpg,An adult is attending to child on a crowded path surrounding a body of water .
2346772831_b2748ba1f0.jpg,A woman bends over to attend to her child in a yellow jacket .
2346772831_b2748ba1f0.jpg,A woman wearing a backpack leans down to speak with a young child .
2346772831_b2748ba1f0.jpg,Children at the park with their parents .
2346772831_b2748ba1f0.jpg,Woman in yellow shirt bending over boy crouching on the ground .
2353102255_67d9d2e40a.jpg,A large dog stands over a smaller dog who has its mouth open .
2353102255_67d9d2e40a.jpg,A small black and brown dog growls at a larger black and brown dog .
2353102255_67d9d2e40a.jpg,Two black and brown dogs looking at each other .
2353102255_67d9d2e40a.jpg,Two black dogs play on carpet .
2353102255_67d9d2e40a.jpg,"Two rottweiler dogs indoors , the smaller one barking at the larger ."
2354064281_10afa38206.jpg,A black and brown dog with a brown dog in a grassy field with patches of white .
2354064281_10afa38206.jpg,a black dog is facing a brown dog in an open outdoor space .
2354064281_10afa38206.jpg,Two dogs are standing in a field of grass and dirt .
2354064281_10afa38206.jpg,Two dogs greet each other in a snowy grass field .
2354064281_10afa38206.jpg,Two dogs in a grassy field .
2355763034_9fb61a8165.jpg,A flautist plays the flute in a marching band
2355763034_9fb61a8165.jpg,A girl in a band is playing the flute .
2355763034_9fb61a8165.jpg,a girl in a red and black uniform is playing the flute as part of a marching band .
2355763034_9fb61a8165.jpg,A woman in a red uniform is playing the flute .
2355763034_9fb61a8165.jpg,Girl in uniform playing flute with marching band .
2355819665_39021ff642.jpg,A boy on a bike rides around the neighborhood .
2355819665_39021ff642.jpg,A child is riding a green bike and wearing an orange shirt and red helmet .
2355819665_39021ff642.jpg,A child rides a bicycle in a sunny neighborhood .
2355819665_39021ff642.jpg,Boy wearing safety gear rides green bike through suburban streets .
2355819665_39021ff642.jpg,The kid rides his green and black bike down the street .
2355880294_8f78a6fea6.jpg,Two athletic men climbing a waterfall .
2355880294_8f78a6fea6.jpg,Two men are climbing a rock face at a waterfall .
2355880294_8f78a6fea6.jpg,Two men climb up a waterfall using a rope while wearing shorts and hard hats .
2355880294_8f78a6fea6.jpg,Two men hanging from ropes over a waterfall .
2355880294_8f78a6fea6.jpg,Two men tethered by ropes climbing a hill where water is flowing .
2356574282_5078f08b58.jpg,A Arabian dressed lady leans backwards holding a skinny crooked sword .
2356574282_5078f08b58.jpg,A costumed woman with a sword does a backbend .
2356574282_5078f08b58.jpg,A woman bending over backwards .
2356574282_5078f08b58.jpg,A woman in a belly dancing outfit bending over backwards .
2356574282_5078f08b58.jpg,A woman in a dance costume is bending over backward and holding a sword .
2358898017_24496b80e8.jpg,A brown and white dog lays down in a grassy field .
2358898017_24496b80e8.jpg,A dog is crouching on the grass near a hurdle .
2358898017_24496b80e8.jpg,A dog races along the grassy track .
2358898017_24496b80e8.jpg,A tan and white dog is competing in an agility test .
2358898017_24496b80e8.jpg,Brown and white dog playing in the grass .
2363100645_c3423a0433.jpg,"A little girl playing the guitar , some flowers to the left ."
2363100645_c3423a0433.jpg,A little girl sitting on a bed playing a guitar .
2363100645_c3423a0433.jpg,A young girl in a pink room tries to play a black electric guitar .
2363100645_c3423a0433.jpg,A young girl plays guitar by pink walls .
2363100645_c3423a0433.jpg,A young girl plays the electric guitar on her bed .
2363540508_9dd1ccf7c7.jpg,A girl goes down a red slide .
2363540508_9dd1ccf7c7.jpg,A girl inside a long tubular slide .
2363540508_9dd1ccf7c7.jpg,"A little girl with long hear and something in her mouth , wearing light-colored clothing is sliding down a tunnel ."
2363540508_9dd1ccf7c7.jpg,A young girl going down a tube slide .
2363540508_9dd1ccf7c7.jpg,Young girl in tunnel slide
2367139509_1ee4530b28.jpg,A black and brown dog running outside .
2367139509_1ee4530b28.jpg,a brown and black dog running on a trail in the woods .
2367139509_1ee4530b28.jpg,a doggy runs in the dry grass .
2367139509_1ee4530b28.jpg,A dog running down a hill .
2367139509_1ee4530b28.jpg,A dog with a red collar runs in a forest in the middle of winter .
2369248869_0266760c4a.jpg,a brown and black dog running through a river
2369248869_0266760c4a.jpg,A dog is running through some water .
2369248869_0266760c4a.jpg,A dog running through the water right toward the camera .
2369248869_0266760c4a.jpg,A large black and white dog is running through the water .
2369248869_0266760c4a.jpg,There is a black dog running in a shallow river .
2369452202_8b0e8e25ca.jpg,"A crowd of people is standing around a red , white and blue hot air balloon as it is readied to launch into the blue sky ."
2369452202_8b0e8e25ca.jpg,A crowd of people watch as a Remax hot air balloon gets ready to take off .
2369452202_8b0e8e25ca.jpg,A hot air balloon just off the ground surrounded by people .
2369452202_8b0e8e25ca.jpg,A red hot air balloon lands in a field among a crowd .
2369452202_8b0e8e25ca.jpg,"people next to a red , white and blue hot air balloon that is on the grass"
2372572028_53b76104a9.jpg,A boy climbs into his toy car .
2372572028_53b76104a9.jpg,A child climbs into a go-kart .
2372572028_53b76104a9.jpg,A little boy in a blue coat is climbing into a red play truck .
2372572028_53b76104a9.jpg,a small boy in a blue jacket climbs into a power wheels vehicle
2372572028_53b76104a9.jpg,A small child wearing a blue coat climbing into a red toy car .
2374570771_c395fc224a.jpg,a black and white colored dog jumping around in a body of water .
2374570771_c395fc224a.jpg,A brown and white dog is running through the river .
2374570771_c395fc224a.jpg,A dog emerging from a lake .
2374570771_c395fc224a.jpg,A dog runs through a creek and spashes water .
2374570771_c395fc224a.jpg,a dog runs through the water .
2375924666_fee50f1cba.jpg,A brown dog holding a foam bat aiming for a ball .
2375924666_fee50f1cba.jpg,A brown dog in front of a white fence with a blue and red bat-shaped object in its mouth .
2375924666_fee50f1cba.jpg,A brown dog is playing with a blue and red bat in his mouth .
2375924666_fee50f1cba.jpg,A brown dog plays with a toy bat hanging out its mouth .
2375924666_fee50f1cba.jpg,"A long-haired dog is playing with a small , blue bat ."
2378127945_8dc9da82d7.jpg,"A dog is jumping through the air in an open , snow covered field ."
2378127945_8dc9da82d7.jpg,A dog jumps over the sand .
2378127945_8dc9da82d7.jpg,A little dog is leaping through the air over a snowy field .
2378127945_8dc9da82d7.jpg,Black dog jumps through snowy field .
2378127945_8dc9da82d7.jpg,There is a black dog jumping across sand .
2378149488_648e5deeac.jpg,A young boy in a paper crown is sitting in a shopping basket .
2378149488_648e5deeac.jpg,A young boy is wearing a paper crown while sitting in a grocery cart .
2378149488_648e5deeac.jpg,Boy with a red crown in a shopping cart .
2378149488_648e5deeac.jpg,Dark haired child wearing jacket and paper crown while sitting in shopping cart .
2378149488_648e5deeac.jpg,Kid wearing a paper crown sitting in a shopping cart .
2378356400_f6bde5d9b3.jpg,A little girl on a bouncey playground animal sits while a woman takes her picture .
2378356400_f6bde5d9b3.jpg,A woman and a child .
2378356400_f6bde5d9b3.jpg,A woman in a checked coat is taking a photograph of a little girl sitting on a fake tiger .
2378356400_f6bde5d9b3.jpg,A woman stands next to a child who is riding on a toy .
2378356400_f6bde5d9b3.jpg,The lady takes a picture of the little girl on the ride .
2379150102_157d718d1d.jpg,"A dog pees on the side of a fountain , another dog sniffs the wall , and one is being walked ."
2379150102_157d718d1d.jpg,Several dogs are walking around on a brick street .
2379150102_157d718d1d.jpg,Three dogs are on a cobblestone road .
2379150102_157d718d1d.jpg,Three dogs are together outdoors checking out a fountain .
2379150102_157d718d1d.jpg,three dogs walk near the fountain .
2381102729_12fc4d4c76.jpg,A dog jumps over some water .
2381102729_12fc4d4c76.jpg,a tan dog jumping across a stream
2381102729_12fc4d4c76.jpg,A tan dog jumps across some water while another dog watches .
2381102729_12fc4d4c76.jpg,the white dog jumps over a stream of water .
2381102729_12fc4d4c76.jpg,White dog leaping across a small body of water .
2385871317_44cde2f354.jpg,"A brown-haired girl wearing a yellow and pink shirt , and carrying a blue backpack is walking next to a blue wall ."
2385871317_44cde2f354.jpg,A girl beside a blue tarp wall wearing a backpack and a purse .
2385871317_44cde2f354.jpg,a girl on her way to class lined by a blue construction wall .
2385871317_44cde2f354.jpg,A girl wearing a blue backpack is walking beside a blue plastic fence .
2385871317_44cde2f354.jpg,A young girl wearing a yellow shirt with a blue backpack is walking next to a fence covered with a blue plastic cover .
2392625002_83a5a0978f.jpg,A dog wearing a cape is running through the snow .
2392625002_83a5a0978f.jpg,A dog wearing a cover runs in the snow .
2392625002_83a5a0978f.jpg,Dog in jacket running through snow
2392625002_83a5a0978f.jpg,Dog running though the snow in a green cover .
2392625002_83a5a0978f.jpg,Dog wearing a coat running in a snowy field .
2393264648_a280744f97.jpg,A child on the beach while a woman takes pictures nearby .
2393264648_a280744f97.jpg,A little girl in red at the beach while a adult points a camera .
2393264648_a280744f97.jpg,A man and a girl are at the shoreline while the man takes a picture and the girl hods a doll
2393264648_a280744f97.jpg,A woman is taking a photograph on a beach at the edge of the water while a girl stands in the foreground .
2393264648_a280744f97.jpg,A woman taking pictures of the surf and a child in the foreground .
2396746868_0727e06983.jpg,A boy going down a small blue slide .
2396746868_0727e06983.jpg,a kid sliding down a slide while another kid looks on
2396746868_0727e06983.jpg,A little boy is going down a blue slide .
2396746868_0727e06983.jpg,A little boy is watching another little boy ride on a blue slide .
2396746868_0727e06983.jpg,Two little blonde boys play on a slide in the backyard .
2400958566_4e09424046.jpg,A girl hiking in front of a waterfall
2400958566_4e09424046.jpg,A hiker carrying a backpack is walking past a waterfall .
2400958566_4e09424046.jpg,A hiker with a backpack is walking near a waterfall .
2400958566_4e09424046.jpg,A person crosses the stream in front of a waterfall .
2400958566_4e09424046.jpg,A woman is backpacking through a stream in front of a waterfall .
2402744031_11f9f2f2b8.jpg,"Hooded women at event , one seated next to a table with large glasses on it ."
2402744031_11f9f2f2b8.jpg,People shopping at an outdoor marketplace .
2402744031_11f9f2f2b8.jpg,Three women in headscarfs look at somthing out of frame .
2402744031_11f9f2f2b8.jpg,Two woman wearing black shoes stand together while a person sits behind them .
2402744031_11f9f2f2b8.jpg,Two women in black coats standing in front of a person sitting on a box on the ground .
2403078014_4b1d6f8bde.jpg,A boy riding a unicycle in the park .
2403078014_4b1d6f8bde.jpg,A person is riding a unicycle around orange cones .
2403078014_4b1d6f8bde.jpg,A person riding a large unicycle .
2403078014_4b1d6f8bde.jpg,A unicycle rider in the foreground with other cyclists in the background .
2403078014_4b1d6f8bde.jpg,A young person wearing a helmet rides a unicycle .
2403544744_cba152f5c1.jpg,A dog runs by two cows .
2403544744_cba152f5c1.jpg,A light brown dog is playing in front of two spotted cows .
2403544744_cba152f5c1.jpg,Dog herding cows
2403544744_cba152f5c1.jpg,Dog running in front of two white and brown cows .
2403544744_cba152f5c1.jpg,Two cows stand nearby while a dog races past both of them .
2406591500_403f145905.jpg,One young boy in a striped shirt is chasing another boy on a path through the jungle .
2406591500_403f145905.jpg,The children are walking on the path lined by trees .
2406591500_403f145905.jpg,Two boys are running on a path amoung green leafy trees .
2406591500_403f145905.jpg,Two boys run on a well maintained trail .
2406591500_403f145905.jpg,"Two young children , one in striped top , running down pathway surrounded by ferns ."
240696675_7d05193aa0.jpg,A brown dog is running in a grassy plain .
240696675_7d05193aa0.jpg,A brown dog runs along a path in the grass .
240696675_7d05193aa0.jpg,Dog running in field
240696675_7d05193aa0.jpg,Dog running on narrow dirt path .
240696675_7d05193aa0.jpg,The dog is running along a path that has been made through the uncut grass .
2407091303_931c918490.jpg,A child plays at a playground .
2407091303_931c918490.jpg,"A little boy stands wide-legged , each foot on each side of the tube slide ."
2407091303_931c918490.jpg,A little boy wearing a red shirt is standing on a slide .
2407091303_931c918490.jpg,A young boy climbing in a playhouse
2407091303_931c918490.jpg,Boy on playground equipment
2409597310_958f5d8aff.jpg,A boy and a baby in a ridable truck .
2409597310_958f5d8aff.jpg,Two children riding in a small child 's toy vehicle .
2409597310_958f5d8aff.jpg,Two little boys are driving past adults in their toy jeep .
2409597310_958f5d8aff.jpg,Two little boys ride in a toy truck .
2409597310_958f5d8aff.jpg,Two little boys sit in a toy car on the grass .
2410153942_ba4a136358.jpg,A man is in a truck that is lying on its side during a truck event .
2410153942_ba4a136358.jpg,A red and white car is overturned on a dirt track .
2410153942_ba4a136358.jpg,a red car has rolled over on a dirt track .
2410153942_ba4a136358.jpg,The vehicle is lying on its side with the driver inside .
2410153942_ba4a136358.jpg,This off-roading driver has tipped his truck .
241031254_0c6f30e3d1.jpg,a bearded man in a white shirt and black shorts is hiking on a woodland path .
241031254_0c6f30e3d1.jpg,A man in a white shirt is standing on a trail in the woods .
241031254_0c6f30e3d1.jpg,A man wearing a water pack and shorts on an outdoor trail .
241031254_0c6f30e3d1.jpg,A short stubby man with a backpack is standing in a forest
241031254_0c6f30e3d1.jpg,"This man , wearing a white t-shirt and black shorts , is standing on a path in the forest ."
2411824767_4eb1fae823.jpg,A brown and white dog leaps .
2411824767_4eb1fae823.jpg,A brown dog is jumping over a grassy mound near to a lake .
2411824767_4eb1fae823.jpg,"A corgi jumps off a bale of hay , m water and buildings behind it ."
2411824767_4eb1fae823.jpg,A dog jumps over hay .
2411824767_4eb1fae823.jpg,A small brown and white dog is jumping over bushels of hay .
241345427_ece0d186c2.jpg,A football player dodges a tackle from his opponent .
241345427_ece0d186c2.jpg,A football player in red chases a football player in blue .
241345427_ece0d186c2.jpg,A football player in red is trying to tackle another player who has the ball .
241345427_ece0d186c2.jpg,"A football player wears a jersey wuth the number "" 4 "" on it ."
241345427_ece0d186c2.jpg,The football player in the gold helmet is running .
241345721_3f3724a7fc.jpg,A man tackles another man while playing football .
241345721_3f3724a7fc.jpg,Men playing football .
241345721_3f3724a7fc.jpg,one football player in a red jersey jumping onto a player wearing a white jersey
241345721_3f3724a7fc.jpg,The American footballer wearing red is pushing the player in white to the ground .
241345721_3f3724a7fc.jpg,Two football players bang into each other during a football game .
241345844_69e1c22464.jpg,A coach speaking to a football player while everyone watches .
241345844_69e1c22464.jpg,A football player from OU talks to the coach about the game .
241345844_69e1c22464.jpg,A football player is talking to his coach .
241345844_69e1c22464.jpg,The coaching official and football player are talking in front a crowd and other team members .
241345844_69e1c22464.jpg,The coach talks it over with his quarterback during a timeout .
241346215_037e18403a.jpg,A horse mascot gives high fives to some football fans .
241346215_037e18403a.jpg,A horse mascot stands in front of several kids .
241346215_037e18403a.jpg,A mascot at a sporting event waves to the crowd .
241346215_037e18403a.jpg,A team mascot raising its hands toward people .
241346215_037e18403a.jpg,Oklahoma horse mascot in a sea of red fans
241346580_b3c035d65c.jpg,A group of men play a college football game .
241346580_b3c035d65c.jpg,A red team and a white team are playing football .
241346580_b3c035d65c.jpg,Football players avoiding a fumble .
241346580_b3c035d65c.jpg,The football player in red is running with the all towards the player in white .
241346580_b3c035d65c.jpg,"The football players are wearing red and white , and the crowd is also wearing red and white ."
241347114_6273736da8.jpg,A red uniformed football player tackles an opposing player .
241347114_6273736da8.jpg,One football player is tackling another player .
241347114_6273736da8.jpg,there are two football players in red jerseys tackling a man wearing a white jersey
241347114_6273736da8.jpg,Three football players and two are fighting for the ball .
241347114_6273736da8.jpg,Two football players are tackling one player of the opposite team .
241347214_5f19e7998c.jpg,A Sooners football player in his red and white uniform being lifted by two teamates dressed the same .
241347214_5f19e7998c.jpg,Football players in red and white are jumping and hugging .
241347214_5f19e7998c.jpg,The football players in the red and white team uniforms are jumping up and down .
241347214_5f19e7998c.jpg,Three athletes in red and white uniforms and helmets .
241347214_5f19e7998c.jpg,Three football players wearing red jerseys are on the field .
241347580_a1e20321d3.jpg,Two blonde girls wear sports jerseys while watching a game together .
241347580_a1e20321d3.jpg,Two girls sit near a wall and watch a sporting event .
241347580_a1e20321d3.jpg,"Two girls wearing red jerseys , each with long light brown hair , sit in the stands ."
241347580_a1e20321d3.jpg,"Two young , blonde girls in red and white ball uniforms with people behind them ."
241347580_a1e20321d3.jpg,Two young girls appear to be at attention during the national anthem .
241347823_6b25c3e58e.jpg,A closeup photo of a football player for the Sooners team who is wearing a red jersey with the number 19 .
241347823_6b25c3e58e.jpg,A football player with a red Sooners jersey on .
241347823_6b25c3e58e.jpg,A man wearing a red football uniform and gray gloves looks to the left .
241347823_6b25c3e58e.jpg,An American footballer is wearing a red and white strip .
241347823_6b25c3e58e.jpg,Man in playing football in Sooners jersey number 19
2414710960_a4cde4af60.jpg,a black and white dog wearing a blue shirt carrying a toy in its mouth .
2414710960_a4cde4af60.jpg,A brown dog with a blue suit on is playing with a toy over fake grass .
2414710960_a4cde4af60.jpg,A dog in a blue sweater leaps while holding an object in its mouth .
2414710960_a4cde4af60.jpg,A dog wearing a blue sweater holds a yellow toy in its mouth .
2414710960_a4cde4af60.jpg,The black dog is wearing a blue jacket and playing with a toy .
2415803492_56a673dc25.jpg,A man and a girl stand in front of a large crowd .
2415803492_56a673dc25.jpg,A man dances with a girl .
2415803492_56a673dc25.jpg,A man in a suit dances with a young girl in front of an audience .
2415803492_56a673dc25.jpg,A man wearing black dances with a young girl wearing a pink shirt .
2415803492_56a673dc25.jpg,The man wearing the blues brothers suit is dancing with the little girl in the pink top .
2420696992_22e0dd467d.jpg,A child in an orange shirt sitting on a blue and white toy car .
2420696992_22e0dd467d.jpg,A little boy with an orange shirt is riding his blue and white toy car .
2420696992_22e0dd467d.jpg,A small child on a blue toy is wearing an orange shirt .
2420696992_22e0dd467d.jpg,A toddler boy is riding a push car designed as a police car in a home .
2420696992_22e0dd467d.jpg,The boy is riding on a toy truck .
2421446839_fe7d46c177.jpg,"A dog jumps up towards a woman in a car , while another dog is outside the car ."
2421446839_fe7d46c177.jpg,An orange dog and a little white dog with black spots are next to a white car .
2421446839_fe7d46c177.jpg,A small black and white dog jumps at a woman in a white jeep while a golden dog follows beside them .
2421446839_fe7d46c177.jpg,A small dog jumps by a car to reach a lady 's face while another dog watches .
2421446839_fe7d46c177.jpg,White and black dog jumps at someone through car window .
2423085253_6c19149855.jpg,A child running outside with a bright colored ball next to her .
2423085253_6c19149855.jpg,A little girl in a red and white shirt is playing with a inflatable ball .
2423085253_6c19149855.jpg,A little girl is running by a colorful ball on the grass .
2423085253_6c19149855.jpg,"A little girl , running in the grass , kicking a beach ball ."
2423085253_6c19149855.jpg,The girl is running on the grass next to a colorful toy .
242558556_12f4d1cabc.jpg,A blonde woman with her hair up is taking off a white sweatshirt .
242558556_12f4d1cabc.jpg,A blond haired lady in white poses for the camera .
242558556_12f4d1cabc.jpg,A girl with a white sweatshirt and blond hair is smiling .
242558556_12f4d1cabc.jpg,A woman poses for a picture outdoors .
242558556_12f4d1cabc.jpg,A woman with blonde hair is smiling and putting on a white sweater .
2427558437_3e839056d7.jpg,A big dog and a little dog stand near each other near the water .
2427558437_3e839056d7.jpg,A large brown dog and a small brown dog are standing near each other beside a body of water .
2427558437_3e839056d7.jpg,The two dogs are walking past each other on a beach
2427558437_3e839056d7.jpg,Two brown dogs together standing on the bank of a lake .
2427558437_3e839056d7.jpg,Two dogs pass each other near some water .
2428751994_88a6808246.jpg,A black and white dog runs over the green grass .
2428751994_88a6808246.jpg,A brown and white dog is running on the grass .
2428751994_88a6808246.jpg,A dog running on the grass
2428751994_88a6808246.jpg,A dog runs in a field .
2428751994_88a6808246.jpg,A smiling dog runs in the grass .
2428959030_bdffc2812e.jpg,A boy rides his skateboard up an incline next to a fence .
2428959030_bdffc2812e.jpg,A teenage boy skateboards by a fence .
2428959030_bdffc2812e.jpg,A teenager is riding a skateboard alongside a metal fence .
2428959030_bdffc2812e.jpg,a young man with a black striped shirt on skateboarding on a wall .
2428959030_bdffc2812e.jpg,boy skateboarding on ledge
2429729667_42effc165d.jpg,A girl has her head in a wooden cut out of a pirate ship while people throw tomatos .
2429729667_42effc165d.jpg,A little girl throws an object at a man who is standing behind a cutout of a sailor on a ship .
2429729667_42effc165d.jpg,A young boy and girl are trying to hit a man with balls in a fair game .
2429729667_42effc165d.jpg,Children are throwing food at someone as part of an amusement park game .
2429729667_42effc165d.jpg,Children watching a play .
2431120202_b24fe2333a.jpg,A girl cross-country skis .
2431120202_b24fe2333a.jpg,A girl on skis in snow .
2431120202_b24fe2333a.jpg,A little girl wearing a purple winter coat and sunglasses skiing in the snow .
2431120202_b24fe2333a.jpg,Little girl on skis
2431120202_b24fe2333a.jpg,The young girl is cross-country skiing .
2431470169_0eeba7d602.jpg,"A man sitting at an outside table , eating lunch , marking on a paper ."
2431470169_0eeba7d602.jpg,a single man sitting at a round table reading outside of a shop
2431470169_0eeba7d602.jpg,Man reading a newspaper at an outdoors restaurant .
2431470169_0eeba7d602.jpg,Man reading in a chair outside
2431470169_0eeba7d602.jpg,The man is taking notes at the table .
2435166927_28b8130660.jpg,A girl in a gray shit is throwing her hands up .
2435166927_28b8130660.jpg,A girl in a grey shirt puts her hands over her head in a gesture .
2435166927_28b8130660.jpg,A young dark haired girl with her hands raised over her head .
2435166927_28b8130660.jpg,A young girl in a grey illustrated shirt is holding her hands over her head .
2435166927_28b8130660.jpg,A young girl raises her arms over her head in front of a couple of other people in the park .
2436081047_bca044c1d3.jpg,A girl dismounts from a swing as high as she can and lands on the rubber tiles below .
2436081047_bca044c1d3.jpg,A girl in a pink shirt jumping out of a moving swing .
2436081047_bca044c1d3.jpg,A little girl wearing a pink shirt jumps off a swing .
2436081047_bca044c1d3.jpg,A young girl jumps off a playground swing .
2436081047_bca044c1d3.jpg,The young girl in the pink shirt and blue jeans is jumping off the tire swing .
2436160351_108924a65b.jpg,One boy rides a tricycle while another walks beside him .
2436160351_108924a65b.jpg,two indian children walk and ride bikes down the street .
2436160351_108924a65b.jpg,Two little boys in yellow shirts and red shorts .
2436160351_108924a65b.jpg,Two small boys are wearing red shorts and yellow sleeveless shirts .
2436160351_108924a65b.jpg,Two young children with red dots are their foreheads are both wearing yellow shirts and red shorts and one is riding a red tricycle .
2438085746_588dce8724.jpg,A black and white dog catc
2438085746_588dce8724.jpg,A black and white dog is playing with a Frisbee outside .
2438085746_588dce8724.jpg,A black and white dog jumps to catch the green Frisbee .
2438085746_588dce8724.jpg,A black and white dog leaps to catch a Frisbee in a field .
2438085746_588dce8724.jpg,A small black and white dog jumping on the grass to catch a Frisbee
2439154641_bbf985aa57.jpg,A man in a gray shirt jumps in the air .
2439154641_bbf985aa57.jpg,A man in shorts and a t-shirt is jumping in front of a desert landscape
2439154641_bbf985aa57.jpg,A man jumping .
2439154641_bbf985aa57.jpg,A man jumping in front of a mountain .
2439154641_bbf985aa57.jpg,A man wearing a gray shirt jumps through the air with mountains in the background .
2441815792_43565b1312.jpg,A group of people gather for a picture while a woman stands on a post and takes the picture .
2441815792_43565b1312.jpg,A group of people having their picture taken .
2441815792_43565b1312.jpg,A group of people outside having their picture taken
2441815792_43565b1312.jpg,A person standing on a pillar taking a group photo .
2441815792_43565b1312.jpg,A woman stands on a concrete block taking a picture of a group of people on a sidewalk beside the road .
2443380641_7b38d18f5b.jpg,A child in an orange shirt holding a baseball bat watches the ball thrown at him .
2443380641_7b38d18f5b.jpg,A little league game in action .
2443380641_7b38d18f5b.jpg,A young boy is getting ready to hit a baseball .
2443380641_7b38d18f5b.jpg,a young man wearing a yellow shirt and baseball helemt swinging a bat
2443380641_7b38d18f5b.jpg,Boy in yellow shirt getting ready to hit orange ball with baseball bat
2444821454_22a346c996.jpg,A black and white dog is in the grass with a red striped disk .
2444821454_22a346c996.jpg,a black and white dog jumping in the grass after a Frisbee .
2444821454_22a346c996.jpg,A black and white dog jumps in the air near a red Frisbee .
2444821454_22a346c996.jpg,A dog is on his hind legs and a Frisbee is near the ground .
2444821454_22a346c996.jpg,A dog jumping for a Frisbee in a field .
2447284966_d6bbdb4b6e.jpg,A little boy is holding a skinny baseball bat while standing between two rows of blue seats .
2447284966_d6bbdb4b6e.jpg,"A small boy dressed in a black sweatshirt with a logo on it , holds a red bat in front of blue stadium seats ."
2447284966_d6bbdb4b6e.jpg,A young boy in a team sweatshirt is in a sports stadium near blue seats swinging a red bat .
2447284966_d6bbdb4b6e.jpg,A young boy practices his bat swing while in the stands with blue seats .
2447284966_d6bbdb4b6e.jpg,The boy wearing a black shirt and blue jeans is holding a red baseball bat .
2447289477_e888df561d.jpg,A woman in jeans rests on a bench in a gallery or shop setting .
2447289477_e888df561d.jpg,A woman wearing a blue shirt sits on a white bench .
2447289477_e888df561d.jpg,The lady in the aqua shirt and blue jeans is sitting on a white bench .
2447289477_e888df561d.jpg,The woman in the blue shirt sits on a bench in a museum as others pass her by .
2447289477_e888df561d.jpg,Woman sitting alone with drink on a bench as people walk by .
244774022_a12c07afdb.jpg,A longhaired man surfing a large wave .
244774022_a12c07afdb.jpg,A man in black on a surfboard riding a wave .
244774022_a12c07afdb.jpg,A man surfing in the ocean .
244774022_a12c07afdb.jpg,A surfer showered in the spray of a wave .
244774022_a12c07afdb.jpg,Man riding a surfboard on a wave .
2448270671_5e0e391a80.jpg,A brown dog is leaping over a fallen tree in the woods .
2448270671_5e0e391a80.jpg,A brown dog with tongue sticking out jumping over a log .
2448270671_5e0e391a80.jpg,A dog is jumping over a log with ears flying and tongue out .
2448270671_5e0e391a80.jpg,A dog leaps over a log in the woods .
2448270671_5e0e391a80.jpg,The dog with big ears is leaping over a fallen tree .
244910177_7c4ec3f65b.jpg,Three woman walk down a city street and one has a pink purse .
244910177_7c4ec3f65b.jpg,"Three women , two with tattoos , walking down the street"
244910177_7c4ec3f65b.jpg,Women are walking through the street drinking iced coffee .
244910177_7c4ec3f65b.jpg,Women walk down a buzy sidewalk .
244910177_7c4ec3f65b.jpg,Women walking down the street .
2450453051_f1d4a78ab4.jpg,A black and white dog catches flying discs thrown by a man .
2450453051_f1d4a78ab4.jpg,a black a white dog catching Frisbees thrown by a man in a white shirt
2450453051_f1d4a78ab4.jpg,A dog jumps for a Frisbee at the Purina Incredible Dog Challenge .
2450453051_f1d4a78ab4.jpg,A man is throwing freesbies into the air and the border collie is catching them in the air .
2450453051_f1d4a78ab4.jpg,Man in white shirt tossing Frisbee for black and white dog who has a white Frisbee in its mouth .
2452334314_a7c443a787.jpg,An equestrian and horse make a jump on a course .
2452334314_a7c443a787.jpg,A rider on a white horse is in the middle of a jump over a hurdle .
2452334314_a7c443a787.jpg,A show jumper wearing a blue helmet rides a white horse over wooden fence that is decorated with red and yellow flowers .
2452334314_a7c443a787.jpg,The rider is practicing jumps on a beautiful white horse .
2452334314_a7c443a787.jpg,White horse with jockey jumps a barrier
245252561_4f20f1c89e.jpg,A black animal and a white animal in motion in close quarters .
245252561_4f20f1c89e.jpg,A black dog and a white dog playing in the street .
245252561_4f20f1c89e.jpg,A black dog and a white dog play in the street together .
245252561_4f20f1c89e.jpg,"A black , shaggy haired dog is playing with a brown and white , fluffy dog on the gravel ."
245252561_4f20f1c89e.jpg,Two dogs are playing together on the pavement .
2453971388_76616b6a82.jpg,Two girls running through pool while water sprays over them
2453971388_76616b6a82.jpg,Two girls run through a sprinkler in a pool .
2453971388_76616b6a82.jpg,Two smiling little girls playing in a fountain with other people .
2453971388_76616b6a82.jpg,Two young girls are running through shallow water at a pool .
2453971388_76616b6a82.jpg,Two young girls run through a pool while water sprays them .
2456907314_49bc4591c4.jpg,A man is docking a boat
2456907314_49bc4591c4.jpg,A man is using a long pole to push two boats apart .
2456907314_49bc4591c4.jpg,A man on a boat is using a large stick to push another boat away .
2456907314_49bc4591c4.jpg,A man on a fishing boat pushing a wooden pole into the water .
2456907314_49bc4591c4.jpg,A man standing on a boat is pulling another boat close by with a bamboo stick .
2458006588_754c4aa09c.jpg,A black and brown dog is wearing a blue color and is standing over water .
2458006588_754c4aa09c.jpg,A black and brown dog standing on a beam above water .
2458006588_754c4aa09c.jpg,A black dog is standing on an iron girder that bridges the river .
2458006588_754c4aa09c.jpg,A dog is standing on a metal beam alertly looking at something .
2458006588_754c4aa09c.jpg,A dog on a girder with a river bank in the background .
2460797929_66446c13db.jpg,A group of 6 boys are wearing yellow life vests and are on a make-shift raft .
2460797929_66446c13db.jpg,A group of people on a boat .
2460797929_66446c13db.jpg,Boys in life jackets on a watercraft .
2460797929_66446c13db.jpg,Several young people in life jackets are sitting on something floating in water .
2460797929_66446c13db.jpg,The boys in life jackets smile and laugh while riding in a boat .
2461631708_decc5b8c87.jpg,kids in orange life vests on sitting in a black raft
2461631708_decc5b8c87.jpg,Boys in orange life jackets sitting on raft in water
2461631708_decc5b8c87.jpg,Five boys are sitting on a grey raft in the lake .
2461631708_decc5b8c87.jpg,Five boys in life jackets sitting on floating device in a lake
2461631708_decc5b8c87.jpg,Young boys in orange life vests sit on a raft .
2465218087_fca77998c6.jpg,A man holding a paddle is standing in front of a yellow kayak .
2465218087_fca77998c6.jpg,A man is standing in the water with a kayak .
2465218087_fca77998c6.jpg,A man stands next to his yellow boat in the water .
2465218087_fca77998c6.jpg,A person in red and blue holding a paddle in front of a yellow canoe in the water .
2465218087_fca77998c6.jpg,Person standing in the water by a yellow boat with an oar in their hand .
2467856402_0490413d38.jpg,A big brother helps a little sister blow bubbles .
2467856402_0490413d38.jpg,A boy helping a younger girl blow bubbles .
2467856402_0490413d38.jpg,A girl in a black shirt blowing bubbles .
2467856402_0490413d38.jpg,A little girl is blowing bubbles through a yellow hoop .
2467856402_0490413d38.jpg,A little girl with blonde hair and a blue shirt is blowing bubbles outside with someone .
2469498117_b4543e1460.jpg,A dog races while wearing number 6 .
2469498117_b4543e1460.jpg,A greyhound wearing a muzzle and the number six on a yellow jacket is running on a dog track .
2469498117_b4543e1460.jpg,a muzzle greyhound dog running on a track
2469498117_b4543e1460.jpg,A tan greyhound wearing a gold shirt with a number on it runs down a track .
2469498117_b4543e1460.jpg,muxzzled greyhound leaping in race with yellow jacket .
2471297228_b784ff61a2.jpg,Two girls holding sacks are standing in a field .
2471297228_b784ff61a2.jpg,Two girls pillow fight in a school play yard .
2471297228_b784ff61a2.jpg,Two girls playing with plastic bags in a park .
2471297228_b784ff61a2.jpg,Two girls swinging bags .
2471297228_b784ff61a2.jpg,two young girls htting each other with sacks on a field .
2472250097_a3191a94b3.jpg,A man carrying a fishing pole silhouetted against a bright blue sky .
2472250097_a3191a94b3.jpg,A person stands on a hill surrounded by blue skies and clouds .
2472250097_a3191a94b3.jpg,A person with a fishing pole is backlit against a blue cloudy sky .
2472250097_a3191a94b3.jpg,A person with a fishing pole silhouetted in front of a blue sky .
2472250097_a3191a94b3.jpg,A silhouette of a man with a fishing pole .
2475300106_b8563111ba.jpg,A beige dog runs through the shrubbery toward the camera .
2475300106_b8563111ba.jpg,A blond dog runs down a path next to a rhododendron .
2475300106_b8563111ba.jpg,A brown dog is running through a wooded area .
2475300106_b8563111ba.jpg,The dog is running through the yard .
2475300106_b8563111ba.jpg,The yellow dog is running next to a bush on a path in the grass .
247652942_29ede19352.jpg,A hang glider high in the air with a few clouds in the blue sky .
247652942_29ede19352.jpg,A person is flying with a yellow parachute above a green building .
247652942_29ede19352.jpg,A yellow parasail is in the air .
247652942_29ede19352.jpg,Hang glider floating through the air above many green trees .
247652942_29ede19352.jpg,Kite flying high in the sky with sky rider .
2477623312_58e8e8c8af.jpg,A child in winter gear is posing while a crowd of people sit and stand behind her .
2477623312_58e8e8c8af.jpg,A young girl dancing .
2477623312_58e8e8c8af.jpg,a young girl stands on one leg .
2477623312_58e8e8c8af.jpg,Closeup of little girl dancing
2477623312_58e8e8c8af.jpg,The little blond haired girl in a grey sweatshirt dances at a park with people seated behind her .
2478929971_9eb6c074b6.jpg,A girl dancing with four boys watching .
2478929971_9eb6c074b6.jpg,A group of boys and girls sit and talk together under a tree
2478929971_9eb6c074b6.jpg,A group of teenagers stand in a park .
2478929971_9eb6c074b6.jpg,Teenagers socializing in the shade .
2478929971_9eb6c074b6.jpg,The six kids are in the shade of a leafy green tree .
2489602993_896c1ea40a.jpg,A man on a motorcycle going around a corner .
2489602993_896c1ea40a.jpg,a man rides a green motorcycle around a corner
2489602993_896c1ea40a.jpg,A man with a blue helmet leans into a sharp turn on his motorcycle .
2489602993_896c1ea40a.jpg,A motorcyclist on a number 52 bike leans in for a sharp turn .
2489602993_896c1ea40a.jpg,The number 52 motorcyclist in a blue and black helmet is going around a corner .
2497074804_b4f3e7fd90.jpg,A man in a white t-shirt is standing outside on a busy street .
2497074804_b4f3e7fd90.jpg,A man stands on a busy street with buildings and shops in the background .
2497074804_b4f3e7fd90.jpg,A picture of a young man in front of some interesting buildings .
2497074804_b4f3e7fd90.jpg,Man poses on street corner .
2497074804_b4f3e7fd90.jpg,Man with white shirt and green shorts poses for a picture .
2498897831_0bbb5d5b51.jpg,Three children are pulling faces on a purple bench .
2498897831_0bbb5d5b51.jpg,Three little girls are sitting on a purple bench and making funny faces .
2498897831_0bbb5d5b51.jpg,Three little girls make silly faces on a wooden swing in an over saturated photo .
2498897831_0bbb5d5b51.jpg,Three young girls are sitting on a bench swing in a park .
2498897831_0bbb5d5b51.jpg,Three young girls pose together outside .
2501595799_6316001e89.jpg,A boy wearing red shorts is jumping into a paddling pool .
2501595799_6316001e89.jpg,A little boy in red trunks plays in a kiddie pool .
2501595799_6316001e89.jpg,A little boy is jumping into an outdoor kiddie pool
2501595799_6316001e89.jpg,A little boy jumps into a child 's pool in a backyard .
2501595799_6316001e89.jpg,A young boy wearing a red swimsuit jumps into a blue kiddie pool .
2501742763_b2cb322087.jpg,A black dog is running fast on green grass .
2501742763_b2cb322087.jpg,A black dog is running in the grass .
2501742763_b2cb322087.jpg,A black dog is running in the yard
2501742763_b2cb322087.jpg,A black dog is standing on the grass .
2501742763_b2cb322087.jpg,"A black dog runs and , focusing on something ."
2502935765_a0ae1fa7be.jpg,A boy is at a playground on a pole .
2502935765_a0ae1fa7be.jpg,A boy spins on a park playground .
2502935765_a0ae1fa7be.jpg,A child slides down a pole on a playground .
2502935765_a0ae1fa7be.jpg,a kid playing in the playground
2502935765_a0ae1fa7be.jpg,A little boy sits and spins on a playground .
2505465055_f1e6cf9b76.jpg,a tan dog jumping through the field with some barren trees in the background
2505465055_f1e6cf9b76.jpg,A tan dog runs through the brush .
2505465055_f1e6cf9b76.jpg,A white dog runs on brown grass .
2505465055_f1e6cf9b76.jpg,A white dog with beige spots is running through a field .
2505465055_f1e6cf9b76.jpg,The light colored dog is running through a field .
2507182524_7e83c6de82.jpg,A brown dog in a blue collar is chasing a green ball through mulch .
2507182524_7e83c6de82.jpg,A dog chases a ball through dirt .
2507182524_7e83c6de82.jpg,A dog is running towards a ball to catch it .
2507182524_7e83c6de82.jpg,A white dog wearing a blue collar runs for a green ball .
2507182524_7e83c6de82.jpg,The dog is running after a ball and stirring up dust .
2507312812_768b53b023.jpg,A black dog and a grey dog run on the beach .
2507312812_768b53b023.jpg,a black dog and a white dog are running across a sandy beach by the ocean .
2507312812_768b53b023.jpg,A black dog is chasing another dog along the beach .
2507312812_768b53b023.jpg,Two dogs are running on sand along the body of water
2507312812_768b53b023.jpg,Two dogs are running on the beach along the water .
2508918369_2659db1cb6.jpg,A young boy splashes in the pool .
2508918369_2659db1cb6.jpg,a young man wearing swimming goggles jumping up oout of the pool
2508918369_2659db1cb6.jpg,Two children play in an inflatable pool .
2508918369_2659db1cb6.jpg,Two kids play in a pool .
2508918369_2659db1cb6.jpg,Two smiling boys with goggles on play in an inflatable swimming pool with water up to their waists .
2512876666_9da03f9589.jpg,A man and a dog stand atop a black ashy mountain range .
2512876666_9da03f9589.jpg,A man and a dog stand on a black rocky mountain .
2512876666_9da03f9589.jpg,A man taking a picture of a dog on a dune .
2512876666_9da03f9589.jpg,A man with a camera and a dog on a mound of gravel .
2512876666_9da03f9589.jpg,The dog is standing on top of the rocks next to a man taking a photograph .
2513260012_03d33305cf.jpg,A black dog is running after a white dog in the snow .
2513260012_03d33305cf.jpg,Black dog chasing brown dog through snow
2513260012_03d33305cf.jpg,Two dogs chase each other across the snowy ground .
2513260012_03d33305cf.jpg,Two dogs play together in the snow .
2513260012_03d33305cf.jpg,Two dogs running through a low lying body of water .
251586160_a31b187a37.jpg,A black dog in a red harness jumping .
251586160_a31b187a37.jpg,A black dog springs up into a pool .
251586160_a31b187a37.jpg,a black dog sprints near the blue fence .
251586160_a31b187a37.jpg,A man watches eagerly as his black dog leaps into the water .
251586160_a31b187a37.jpg,Black dog running while man looks on .
2516317118_10ae66b87a.jpg,A little boy is putting some cutout letters on the wall .
2516317118_10ae66b87a.jpg,"A small child is playing with cut-outs of the letter "" P. """
2516317118_10ae66b87a.jpg,"A toddler sticks paper "" P "" letters to a wood paneled wall ."
2516317118_10ae66b87a.jpg,The child is sticking paper letters to a wooden wall .
2516317118_10ae66b87a.jpg,"Toddler in pajamas plays with paper cutouts of the letter "" P "" ."
2517082705_93bc9f73ec.jpg,A boy poses on a shadow-dappled lawn .
2517082705_93bc9f73ec.jpg,A boy running through green grass .
2517082705_93bc9f73ec.jpg,A child runs through the grass .
2517082705_93bc9f73ec.jpg,A young child in a white shirt is standing in a field of green grass
2517082705_93bc9f73ec.jpg,The boy wearing the blue shirt is running on the grass between the trees .
2518508760_68d8df7365.jpg,A dog in a yellow jersey is running a race .
2518508760_68d8df7365.jpg,A dog participating in a race while wearing the number 6 .
2518508760_68d8df7365.jpg,A greyhound wearing a muzzle and the number six on a yellow jacket is running on a dog track .
2518508760_68d8df7365.jpg,A muzzled race dog running
2518508760_68d8df7365.jpg,A race dog is running for first
2519594430_551225e5bd.jpg,A black dog carries a toy on the grass .
2519594430_551225e5bd.jpg,A black dog is carrying a black stick in the grass .
2519594430_551225e5bd.jpg,A black dog is walking on the grass with a stick in its mouth .
2519594430_551225e5bd.jpg,A black dog plays with a toy on the grass .
2519594430_551225e5bd.jpg,The dog is walking with a toy .
2521770311_3086ca90de.jpg,A boy holds a picture over his head .
2521770311_3086ca90de.jpg,A boy in a long sleeve shirt is holding a box above his head .
2521770311_3086ca90de.jpg,A boy is inside holding something on top of his head .
2521770311_3086ca90de.jpg,A little boy holds a decorated cardboard box on his head .
2521770311_3086ca90de.jpg,a young boy with a samll cardboard box atop his head .
2522540026_6ee8ab4c6a.jpg,A race car moves down the road as two people watch from a distance .
2522540026_6ee8ab4c6a.jpg,"A race car , numbered 104 is rounding a bend as two people watch and take pictures ."
2522540026_6ee8ab4c6a.jpg,A silver and blue rally car is passing two spectators who are standing at the roadside .
2522540026_6ee8ab4c6a.jpg,Blue and silver car going around curve being watched by people standing in grass
2522540026_6ee8ab4c6a.jpg,Silver and blue car marked 104 raises dust on road as two background people watch .
2525455265_f84ba72bd7.jpg,A girl in a black shirt is looking to the side while sitting on a wooden bench .
2525455265_f84ba72bd7.jpg,"A girl in a ponytail sitting at the dge of a wooden bench , grass and flowers before her ."
2525455265_f84ba72bd7.jpg,A girl sitting on a bench amongst the grass
2525455265_f84ba72bd7.jpg,A woman sitting on a bench in a park on a cloudy day
2525455265_f84ba72bd7.jpg,A young woman sits on a bench .
252802010_3d47bee500.jpg,A brown and white dog playing with black dog .
252802010_3d47bee500.jpg,Two dogs look at one another outside .
252802010_3d47bee500.jpg,two dogs playing
252802010_3d47bee500.jpg,two small dogs playing with each other in the grass
252802010_3d47bee500.jpg,Two small dogs run across the green grass .
2531531628_b4a5041680.jpg,A girl sticks out her tongue on a bench .
2531531628_b4a5041680.jpg,"A little girl in a blue dress sitting on a park bench , sticking out her tongue ."
2531531628_b4a5041680.jpg,a little girl sticking her tongue out in a bench
2531531628_b4a5041680.jpg,The little girl in the blue dress is sitting on a wooden bench .
2531531628_b4a5041680.jpg,The little girl is sitting on an old bench and making a face
2540757246_5a849fbdcb.jpg,A group of people stand outside at night talking .
2540757246_5a849fbdcb.jpg,A group of people stand on a balcony at nighttime .
2540757246_5a849fbdcb.jpg,"Four guys are standing by a white fence , one of them holding a Frisbee ."
2540757246_5a849fbdcb.jpg,Four men and one female stand near a rail at night .
2540757246_5a849fbdcb.jpg,People stand and talk .
2541104331_a2d65cfa54.jpg,A brown dog splashing through water .
2541104331_a2d65cfa54.jpg,A dog is running through a pond
2541104331_a2d65cfa54.jpg,a dog pounces into the water .
2541104331_a2d65cfa54.jpg,The large brown dog is running through shallow water .
2541104331_a2d65cfa54.jpg,There is a chocolate brown dog running in water .
2544182005_3aa1332bf9.jpg,A little boy with a blue shirt is wearing a helmet and riding a two wheeled bike .
2544182005_3aa1332bf9.jpg,a young boy rides a purple bike .
2544182005_3aa1332bf9.jpg,A young child is riding a purple bike .
2544182005_3aa1332bf9.jpg,A young child rides a small purple bike while wearing a red helmet .
2544182005_3aa1332bf9.jpg,A young child wearing a bike helmet rides a two wheel bike .
2545363449_1985903f82.jpg,a girl in a yellow dress is standing on the pavement outside a store .
2545363449_1985903f82.jpg,A girl in a yellow dress looks at a restaurant building .
2545363449_1985903f82.jpg,A girl in yellow dress near a restaurant .
2545363449_1985903f82.jpg,A little girl in a yellow dress is standing in front of a restaurant .
2545363449_1985903f82.jpg,"A young girl wearing a yellow dress , gray pants and flip flops is standing in front of a restaurant ."
2546959333_23b957988f.jpg,a dog nipping at the feet of a cow .
2546959333_23b957988f.jpg,a dog pounces on the grass .
2546959333_23b957988f.jpg,The dog is running after the bull .
2546959333_23b957988f.jpg,The large brown dog is playing in the grass with a brown cow .
2546959333_23b957988f.jpg,Two dogs outside on green grass .
2549452277_873cb80d3e.jpg,A man in a bright yellow jacket is wearing a helmet .
2549452277_873cb80d3e.jpg,A man in a florescent jacket is wearing a helmet .
2549452277_873cb80d3e.jpg,A pony-tailed man in a yellow jacket is wearing a bicycle helmet .
2549452277_873cb80d3e.jpg,The man has on a yellow jacket and a white helmet .
2549452277_873cb80d3e.jpg,The man with the ponytail and helmet looks on .
2552949275_b8cdc450cc.jpg,a brown dog jumping into the beach
2552949275_b8cdc450cc.jpg,"A dog at the beach jumping into the water , with a rock breaker in the background ."
2552949275_b8cdc450cc.jpg,A dog jumping into the water .
2552949275_b8cdc450cc.jpg,A large brown dog is jumping into the ocean .
2552949275_b8cdc450cc.jpg,Dog jumping in the sea .
2553550034_5901aa9d6c.jpg,A boy climbing a rocky area .
2553550034_5901aa9d6c.jpg,A boy climbs rocks in the woods .
2553550034_5901aa9d6c.jpg,A boy climbs up some rocks .
2553550034_5901aa9d6c.jpg,A young boy wearing a white hat is climbing rocks .
2553550034_5901aa9d6c.jpg,The boy is wearing a hat .
2554081584_233bdf289a.jpg,a climber is between two large red rocks .
2554081584_233bdf289a.jpg,A man squeezes between two rock formations .
2554081584_233bdf289a.jpg,a man wearing a yellow shirt and white hardhat stands inside a crevice between two rock faces .
2554081584_233bdf289a.jpg,A rock climber standing in a crevasse .
2554081584_233bdf289a.jpg,The rock climber appears to be stuck between a rock and a hard place .
2554531876_5d7f193992.jpg,A motorcycle races .
2554531876_5d7f193992.jpg,A motorcycle rider in a white helmet leans into a curve on a rural road .
2554531876_5d7f193992.jpg,A motorcycle rider making a turn .
2554531876_5d7f193992.jpg,Someone on a motorcycle leaning into a turn .
2554531876_5d7f193992.jpg,There is a professional motorcyclist turning a corner .
255741044_1102982213.jpg,Two brown and white dogs are next to each other with red toys in their mouths .
255741044_1102982213.jpg,two bulldogs running togerther in the grass with their tongue 's hanging out .
255741044_1102982213.jpg,Two dogs running through grass next to a street .
255741044_1102982213.jpg,Two dogs running up a grassy hill .
255741044_1102982213.jpg,Two dogs run up a hill with their tongues out .
2558312618_13d362df66.jpg,A brown dog is jumping through a field .
2558312618_13d362df66.jpg,a brown dog jumps over the grass .
2558312618_13d362df66.jpg,A tan dog jumps and runs in a field .
2558312618_13d362df66.jpg,The large brown dog is jumping through the tall grass .
2558312618_13d362df66.jpg,The tan dog in a black collar runs across a field .
2559114800_17310f3015.jpg,Greyhounds take a corner at a race .
2559114800_17310f3015.jpg,Three dogs are competing in a dog race .
2559114800_17310f3015.jpg,Three dogs racing madly around a racetrack .
2559114800_17310f3015.jpg,Three dogs round a bend at a racetrack .
2559114800_17310f3015.jpg,Three dogs running on a racetrack .
2559638792_a803ff63d1.jpg,A girl does the backstroke in the pool .
2559638792_a803ff63d1.jpg,A swimmer does the backstroke in a swimming pool .
2559638792_a803ff63d1.jpg,A swimmer in a dark blue suit swimming backstroke .
2559638792_a803ff63d1.jpg,A young girl in swim goggles does the backstroke in a pool .
2559638792_a803ff63d1.jpg,The girl wearing pink goggles is in the swimming pool doing the backstroke .
256085101_2c2617c5d0.jpg,A dog with its mouth opened .
256085101_2c2617c5d0.jpg,Brown and white dog yawning .
256085101_2c2617c5d0.jpg,Close-up of dog in profile with mouth open .
256085101_2c2617c5d0.jpg,Dog yawns
256085101_2c2617c5d0.jpg,The dog 's mouth is open like he is yawning .
2561212119_1af8cb9b5d.jpg,A black dog standing in the water .
2561212119_1af8cb9b5d.jpg,a black dog wearing a red collar is standing in a stream with its tongue out .
2561212119_1af8cb9b5d.jpg,A black dog with a red collar stands outside with his paws in water .
2561212119_1af8cb9b5d.jpg,A wet black lab with a red collar is standing in the water .
2561212119_1af8cb9b5d.jpg,Black dog stands in river .
2561319255_ce5ede291e.jpg,A girl is jumping in the air while holding an orange and white guitar .
2561319255_ce5ede291e.jpg,A girl with a guitar .
2561319255_ce5ede291e.jpg,A young barefooted girl leaps in the air while playing a toy guitar .
2561319255_ce5ede291e.jpg,A young girl jumping with a Guitar Hero guitar
2561319255_ce5ede291e.jpg,A young girl jumps while playing a red and white guitar .
2561334141_0aacefa5e7.jpg,A man holds a ball in the air for a brown dog to catch on the beach .
2561334141_0aacefa5e7.jpg,A man in jeans plays with a white and brown dog at the beach .
2561334141_0aacefa5e7.jpg,A man playing with a ball toy with his brown dog .
2561334141_0aacefa5e7.jpg,"A man plays with his dog , making him jump for food ."
2561334141_0aacefa5e7.jpg,a man with a stick and ball is playing with his dog at the beach
2562377955_8d670ccec6.jpg,a boy in an orange jersey is about to pitch a baseball .
2562377955_8d670ccec6.jpg,"A boy in an orange "" Spring Hill "" ball team uniform , pitching the ball ."
2562377955_8d670ccec6.jpg,A little boy in orange pitching at a baseball game .
2562377955_8d670ccec6.jpg,A young boy in an orange uniform is pitching a baseball during a game .
2562377955_8d670ccec6.jpg,The boy in the orange shirt is throwing the ball .
2563578471_9a4e4c2ecc.jpg,A boy in black is sitting on a wall near the beach .
2563578471_9a4e4c2ecc.jpg,A little boy sits on concrete wall by the ocean .
2563578471_9a4e4c2ecc.jpg,A small child sitting on a ledge near a beach .
2563578471_9a4e4c2ecc.jpg,a young boy sits by the beach .
2563578471_9a4e4c2ecc.jpg,a young boy wearing a spiderman shirt sitting on a wall next to the beach .
2564663851_3a9832e4fc.jpg,A little boy playing in a water spout .
2564663851_3a9832e4fc.jpg,A little boy plays outdoors in water spurting up from an inground fountain .
2564663851_3a9832e4fc.jpg,a small boy plays in the sprinkler .
2564663851_3a9832e4fc.jpg,A young boy plays in the fountains shooting up from the ground .
2564663851_3a9832e4fc.jpg,Boy plays in outdoor water sprays .
2568417021_afa68423e5.jpg,A boy gets ready to shoot a basketball .
2568417021_afa68423e5.jpg,a boy is holding a basketball up in front of a white house .
2568417021_afa68423e5.jpg,"A boy looking intently , holding a blue basketball , a white house in the background ."
2568417021_afa68423e5.jpg,A man is shooting a blue basketball .
2568417021_afa68423e5.jpg,A youn man in front of a white house holding blue and red basketball .
2568656919_6e49d2a82b.jpg,Two dogs racing across the water toward a beach .
2568656919_6e49d2a82b.jpg,Two dogs run in the shallow water at the beach .
2568656919_6e49d2a82b.jpg,Two dogs running in shallow water .
2568656919_6e49d2a82b.jpg,Two dogs running in water by a beach .
2568656919_6e49d2a82b.jpg,Two dogs run through shallow water in a bay .
256958382_b9006bfc5b.jpg,A barefoot jogger in a park .
256958382_b9006bfc5b.jpg,A man jogs on green grass with bare feet .
256958382_b9006bfc5b.jpg,A man running barefoot on the grass .
256958382_b9006bfc5b.jpg,A man runs shoeless on green lawn
256958382_b9006bfc5b.jpg,"The barefoot man in shorts and a green and white top , is running through a park ."
2569643552_23696a9ba5.jpg,The two gray dogs are trying to get a red object .
2569643552_23696a9ba5.jpg,Two dogs try to get an orange toy .
2569643552_23696a9ba5.jpg,Two gray puppies are chewing on a plastic red toy .
2569643552_23696a9ba5.jpg,two grey dogs fighting over a red toy .
2569643552_23696a9ba5.jpg,Two puppies play with a red chew toy in a field .
2574084102_f2be3f73cb.jpg,A little girl dressed in a blue one piece is doing gymnastics .
2574084102_f2be3f73cb.jpg,A rear view of a little girl in a leotard jumping on a trampoline .
2574084102_f2be3f73cb.jpg,A young girl is in midair doing gymnastics .
2574084102_f2be3f73cb.jpg,A young girl wearing a blue leotard jumps in the air .
2574084102_f2be3f73cb.jpg,A young girl wearing blue is jumping in the air .
2575647360_f5de38c751.jpg,A few people are sitting inside of a building with lots of photography on the walls .
2575647360_f5de38c751.jpg,Four people in a dimmly lit room with pictures all over the walls and two bright lights are engaging in conversations .
2575647360_f5de38c751.jpg,People gathered in an artist 's studio .
2575647360_f5de38c751.jpg,Several people are sitting inside a dark art gallery .
2575647360_f5de38c751.jpg,Some people are mingling in a room that has photographs all over the walls .
257588281_39e1c9d929.jpg,A black dog chases a brown dog with a stick through the water .
257588281_39e1c9d929.jpg,A brown dog is running through water with a stick in its mouth .
257588281_39e1c9d929.jpg,two dogs playing in the water with a stick
257588281_39e1c9d929.jpg,Two dogs playing with a stick in the water .
257588281_39e1c9d929.jpg,Two dogs running through the water with a stick .
2576878141_87f25a10f0.jpg,A baby in blue pants is sitting on a red slide .
2576878141_87f25a10f0.jpg,A little boy in a blue jumper is playing on a red plastic toy that looks like a slide .
2576878141_87f25a10f0.jpg,A small baby boy sitting on a slide .
2576878141_87f25a10f0.jpg,A small child wearing light blue overalls sits on a red slide .
2576878141_87f25a10f0.jpg,A toddler in a light blue overall sits at the top of a red plastic slide .
2577972703_a22c5f2a87.jpg,A girl making a sad face standing in front of her tricycle
2577972703_a22c5f2a87.jpg,A little girl in a pink shirt about to cry
2577972703_a22c5f2a87.jpg,A little girl with mud on her face cries .
2577972703_a22c5f2a87.jpg,A young girl with dirt on her face and a red child 's bike is in the background .
2577972703_a22c5f2a87.jpg,The girl in a pink top is standing next to a red tricycle looking like she is about to cry .
2583001715_1ce6f58942.jpg,"A dog flies through the air , preparing to catch a ball ."
2583001715_1ce6f58942.jpg,A small dog jumping up to meet a yellow soccer ball .
2583001715_1ce6f58942.jpg,A white dog jumping after a flying yellow ball .
2583001715_1ce6f58942.jpg,The small dog is playing with a large ball on the grass .
2583001715_1ce6f58942.jpg,White dog in midair next to a large yellow ball .
258476074_f28f4a1ae6.jpg,A group of cars parked on a hill
258476074_f28f4a1ae6.jpg,A group of off road vehicles parked together high in the mountains .
258476074_f28f4a1ae6.jpg,A group of vehicles are parked on a hill in the fall .
258476074_f28f4a1ae6.jpg,A line of off-road vehicles is parked on the hill outside a wooded area .
258476074_f28f4a1ae6.jpg,Many cars parked on a mountain .
2584957647_4f9235c150.jpg,A dog is wading through deep water while holding a stick .
2584957647_4f9235c150.jpg,A white and brown dog is carrying a stick in the water .
2584957647_4f9235c150.jpg,A white dog with a brown spot over one eye in a pool of blue water with a stick in its mouth .
2584957647_4f9235c150.jpg,A white dog with brown spots on his face with a stick in his mouth swimming in water .
2584957647_4f9235c150.jpg,The white dog brings a stick from the water .
2587106431_1cc0e719c6.jpg,"Three boys , dressed in blue and orange , are smiling and using hand signals ."
2587106431_1cc0e719c6.jpg,Three children are laughing and playing together
2587106431_1cc0e719c6.jpg,Three young boys dressed in an orange and navy shirt are smiling and doing signs with their fingers .
2587106431_1cc0e719c6.jpg,Three young boys flash signs with their hands and smile .
2587106431_1cc0e719c6.jpg,Three young boys wearing school uniforms pose and smile for the camera .
2587696611_db0378710f.jpg,A girl in a white dress runs down a country road .
2587696611_db0378710f.jpg,a girl walks on a dirt street .
2587696611_db0378710f.jpg,A little girl in a white dress and no shoes walks down a dirt road in America .
2587696611_db0378710f.jpg,A woman in a white dress is walking along a long straight road .
2587696611_db0378710f.jpg,A young girl with a white dress walks down a dirt road with trees and fields on both sides of the road .
2588456052_8842b47005.jpg,A female tennis player in a purple top and black skirt swings her racquet .
2588456052_8842b47005.jpg,A female tennis player prepairing to serve the ball .
2588456052_8842b47005.jpg,"A woman in a purple tank top holds a tennis racket , extends an arm upward , and looks up ."
2588456052_8842b47005.jpg,A woman wearing a purple shirt and holding a tennis racket in her hand is looking up .
2588456052_8842b47005.jpg,Girl is waiting for the ball to come down as she plays tennis .
2589156742_c46bc82137.jpg,A black man drinking out of a paper cup .
2589156742_c46bc82137.jpg,A black man wearing a white suit and hat is holding a paper cup .
2589156742_c46bc82137.jpg,A man wearing a hat leans against a bench and holds a cup .
2589156742_c46bc82137.jpg,A man with a soft drink poses for the camera with a park in the background .
2589156742_c46bc82137.jpg,an african american man holds his soda .
2590207488_ddd89037ba.jpg,A black and white dog is walking on a beach .
2590207488_ddd89037ba.jpg,A black and white dog looks back while walking on the beach .
2590207488_ddd89037ba.jpg,A black and white dog walks on a beach .
2590207488_ddd89037ba.jpg,"A dog with black and white spots walks on the beach , looking behind itself ."
2590207488_ddd89037ba.jpg,"Black and white dog , walking on beach and looking back ."
2591486448_48d5438343.jpg,A brown dog is wanting food from a plate held by a person .
2591486448_48d5438343.jpg,"A brown dog looking at a plate with food , someone 's hand taking from it ."
2591486448_48d5438343.jpg,A brown dog resting his head on the lap of a person who is eating some food .
2591486448_48d5438343.jpg,A dog 's head is in the lap of a person eating off a small plate .
2591486448_48d5438343.jpg,The brown dog with the red collar is staring at the plate of food .
2591603141_33d6397e0a.jpg,a brown and black dog walking on the beach
2591603141_33d6397e0a.jpg,A fluffy dog walks along the sandy beach .
2591603141_33d6397e0a.jpg,A medium sized dog on a beach
2591603141_33d6397e0a.jpg,Dog walking on the beach by the ocean .
2591603141_33d6397e0a.jpg,One brown and black dog standing in the sand at the beach .
2596474836_79468f23a0.jpg,A woman helping a toddler to swim in a pool .
2596474836_79468f23a0.jpg,A woman in a white swim cap teaches a toddler how to swim in a swimming pool .
2596474836_79468f23a0.jpg,A woman is holding a boy in a swimming pool .
2596474836_79468f23a0.jpg,A woman wearing a white swim holds a small boy in the swimming pool .
2596474836_79468f23a0.jpg,Woman teaching young boy how to swim .
2596475173_58f11fc583.jpg,A tan dog and a black dog are biting each other in the face .
2596475173_58f11fc583.jpg,A tan dog and a black dog fight .
2596475173_58f11fc583.jpg,Two dogs are bearing their teeth at each other .
2596475173_58f11fc583.jpg,Two dogs bite each other while playing around .
2596475173_58f11fc583.jpg,Two dogs stand in water and bite each other 's mouths .
2596619849_7b635dd310.jpg,Four children are playing in a grassy field .
2596619849_7b635dd310.jpg,Four children are playing together outside .
2596619849_7b635dd310.jpg,Four children are running and playing tag .
2596619849_7b635dd310.jpg,Group of children play in rural area
2596619849_7b635dd310.jpg,Three boys and one girl in a muddy grass field .
2600442766_e750ec9a56.jpg,Brown and black dogs playing water .
2600442766_e750ec9a56.jpg,The two dogs are in the murky water
2600442766_e750ec9a56.jpg,Two dogs in a stream .
2600442766_e750ec9a56.jpg,"Two dogs stand chest deep in water , next to a stick ."
2600442766_e750ec9a56.jpg,Two dogs wearing collars stand outdoors in water up to their chests .
260231029_966e2f1727.jpg,A black dog and brown dog are running around in the sand .
260231029_966e2f1727.jpg,A black dog plays with a brown dog on the sand .
260231029_966e2f1727.jpg,A brown dog and a black dog in the sand .
260231029_966e2f1727.jpg,Two dogs one black the other brown on a sandy ground the tan dog is behind the black dog .
260231029_966e2f1727.jpg,two dogs playing on a sandy beach
2603125422_659391f961.jpg,A car is parked in a graffiti filled street .
2603125422_659391f961.jpg,A graffiti defaced wall serves as the gathering of a few people nearby a car .
2603125422_659391f961.jpg,four people huddle against a wall .
2603125422_659391f961.jpg,Some adults stand by a wall covered in art graffiti at night .
2603125422_659391f961.jpg,Two people talk to a street person in front of wall of graffiti
2603334363_cfa32c4482.jpg,A girl wearing a fairy costume rides a tricycle .
2603334363_cfa32c4482.jpg,A girl wearing a fairy costume rides her tricycle
2603334363_cfa32c4482.jpg,A small girl dressed in a green fairy costume is riding a big wheel bicycle .
2603334363_cfa32c4482.jpg,"A young , blonde girl in a fairy outfit is riding a pink and purple tricycle ."
2603334363_cfa32c4482.jpg,a young girl wearing a green fairy costume riding a bigwheels
2603690144_7a28b1d13c.jpg,A boy and a dog are running down a hill away from a crowd .
2603690144_7a28b1d13c.jpg,A boy and a dog run ahead of a group of people .
2603690144_7a28b1d13c.jpg,A group of children running down a hill .
2603690144_7a28b1d13c.jpg,a group of children running with a dog down a grassy hill .
2603690144_7a28b1d13c.jpg,"A little boy and a dog run down a hill , behind them , a boy on a mini cycle and a shouting family ."
2603792708_18a97bac97.jpg,A bunch of people on the beach at sunset .
2603792708_18a97bac97.jpg,Two people are walking towards a group of people on the beach at sunset .
2603792708_18a97bac97.jpg,Two people walking along the beach at sunset towarn a group of people .
2603792708_18a97bac97.jpg,Two people walking along the shore at sunset .
2603792708_18a97bac97.jpg,Two people walking on the beach at sunset .
2615811117_42b1838205.jpg,A baby in a life jacket on a raft .
2615811117_42b1838205.jpg,A baby is wearing an adult life jacket whilst sitting in a dinghy inside the house .
2615811117_42b1838205.jpg,A happy baby wears an orange life vest .
2615811117_42b1838205.jpg,A young kid wearing a life jacket
2615811117_42b1838205.jpg,The toddler sits in the boat with a life jacket on indoors .
2616508003_fa5ca5780d.jpg,A guy riding a motorcycle on one wheel .
2616508003_fa5ca5780d.jpg,A man with a red helmet in doing a trick on a gray motorcycle .
2616508003_fa5ca5780d.jpg,A motorcyclist pops a wheelie .
2616508003_fa5ca5780d.jpg,A person on a motorcycle popping a wheelie in a parkinglot .
2616508003_fa5ca5780d.jpg,Person doing a trick wheelie on a motorcycle .
2616643090_4f2d2d1a44.jpg,A baby chews on plants .
2616643090_4f2d2d1a44.jpg,a baby has some grass seeds in his mouth .
2616643090_4f2d2d1a44.jpg,a baby sticking wheat grass into his mouth
2616643090_4f2d2d1a44.jpg,A baby wearing green holds onto plants and puts them in its mouth .
2616643090_4f2d2d1a44.jpg,Small child in green sweater with plant in mouth .
2623146491_b64698b875.jpg,A man in black is purchasing something at the register in a store .
2623146491_b64698b875.jpg,A man in the store has purchased something and the cashier is handing him his bag .
2623146491_b64698b875.jpg,A man is standing in the checkout line at a store .
2623146491_b64698b875.jpg,a tattooed man is making a purchase in a music store .
2623146491_b64698b875.jpg,Man standing at a check-out counter .
2623247254_3bfc795121.jpg,A guy talks and does something with his hand while others sit near him .
2623247254_3bfc795121.jpg,a young blond man sitting at a table with a brick wall in the background
2623247254_3bfc795121.jpg,A young man lights a lighter while another looks on .
2623247254_3bfc795121.jpg,Two guys at a bar one dark skinned and one light skinned .
2623247254_3bfc795121.jpg,Two men are sitting next to each other near to a vending machine .
2623496164_68ffeb5067.jpg,A biker in red rides in the countryside .
2623496164_68ffeb5067.jpg,A biker on a dirt path .
2623496164_68ffeb5067.jpg,A person rides a bike off the top of a hill and is airborne .
2623496164_68ffeb5067.jpg,A person riding a bmx bike on a dirt course .
2623496164_68ffeb5067.jpg,The person on the bicycle is wearing red .
2624457062_89efc497a8.jpg,A boarded-up painted white brick building with a man standing in front .
2624457062_89efc497a8.jpg,A man poses in front of a run down house
2624457062_89efc497a8.jpg,An older looking man with glasses and a white mustache is in front of an abandon building .
2624457062_89efc497a8.jpg,An older man stands outside a old boarded up building .
2624457062_89efc497a8.jpg,An old man stands in front of a rundown building .
262681159_e5fed3acf0.jpg,A blonde girl in a red shirt holding her necklace .
262681159_e5fed3acf0.jpg,A girl plays with her necklace at night .
262681159_e5fed3acf0.jpg,A girl wearing a red shirt is pulling on the necklace she is wearing .
262681159_e5fed3acf0.jpg,Girl in red shirt holding her necklace in a large crowd .
262681159_e5fed3acf0.jpg,The young lady with the red shirt is in front of the crowd .
2629346153_155ba73ae9.jpg,a brown and black attack dog being trained by a man holding a stick
2629346153_155ba73ae9.jpg,A dog attacking a man wearing protective gear .
2629346153_155ba73ae9.jpg,A German Shepherd bites the arm of a man who has on protective gear .
2629346153_155ba73ae9.jpg,A man trains an attack dog .
2629346153_155ba73ae9.jpg,The attack dog is biting the cloth the officer with the police baton is holding on to
2629445284_83390e83af.jpg,A black and white dog jumps over a hurdle .
2629445284_83390e83af.jpg,A black dog jumps over hurdles .
2629445284_83390e83af.jpg,"A black , white and brown tri-colored mid-sized dog jumps over a red and white jump in a field with tents and cars nearby ."
2629445284_83390e83af.jpg,A dog is jumping over a barrier at a agility competition .
2629445284_83390e83af.jpg,A dog jumping over an obstacle course fence .
2630806789_6835bbae95.jpg,An orange canoe aimed toward two other canoes on a lake .
2630806789_6835bbae95.jpg,Several orange kayakers row in a mountain lake .
2630806789_6835bbae95.jpg,Three kayaks are out on the water with a mountain in the background .
2630806789_6835bbae95.jpg,"Two canoes cross the water , behind them are some houses ."
2630806789_6835bbae95.jpg,View of a mountain as seen from a kayak .
2632366677_43dee456a5.jpg,A brown dog next to a stone bench .
2632366677_43dee456a5.jpg,a small dog sits under a bench .
2632366677_43dee456a5.jpg,A small dog wearing a collar sits next to a concrete bench .
2632366677_43dee456a5.jpg,A tan dog sits in the sand by a beach looking sad .
2632366677_43dee456a5.jpg,The small dog is wearing a red collar and sits in the sand behind a stone object .
2633722629_5eeb649c09.jpg,A child flips on a trampoline .
2633722629_5eeb649c09.jpg,A child jumps upside down on a trampoline .
2633722629_5eeb649c09.jpg,A girl bounces upside down on her head on a trampoline .
2633722629_5eeb649c09.jpg,A girl is bouncing on her head on a trampoline .
2633722629_5eeb649c09.jpg,A girl is upside-down on a trampoline and you can see her navel .
263522013_d118d46b2d.jpg,"A brown dog , on a rocky ground , shakes off water from its body ."
263522013_d118d46b2d.jpg,A dog shaking off water .
263522013_d118d46b2d.jpg,A dog shaking water off .
263522013_d118d46b2d.jpg,A golden retriever is shaking off some water
263522013_d118d46b2d.jpg,A tan dog shaking the water off of himself
2635908229_b9fc90d3fb.jpg,A boy sits on a tree stump .
2635908229_b9fc90d3fb.jpg,A boy sits on the tall fence post and smiles .
2635908229_b9fc90d3fb.jpg,A boy sitting on a stump .
2635908229_b9fc90d3fb.jpg,A child sits on top of a large tree stump .
2635908229_b9fc90d3fb.jpg,A small boy in sandals sits on a wooden post in a field .
264141937_585320617a.jpg,A woman is holding a white satchel that is full of dollar bills .
264141937_585320617a.jpg,"A woman poses with sunglasses shaped like dollar signs and a silver suitcase labelled "" LUCKY "" full of bills ."
264141937_585320617a.jpg,A woman wearing a money themed costume stands on the street .
264141937_585320617a.jpg,A woman wearing a suitcase full of money .
264141937_585320617a.jpg,"A woman wearing dollar sign glasses , holding a dollar bill , stands with a suitcase that says "" Lucky "" that is overflowing with cash ."
2642474867_4e6346f809.jpg,A blond Caucasian woman in a blue shirt wearing a straw hat .
2642474867_4e6346f809.jpg,A long haired woman is wearing a grass cowboy hat and a stripped shirt .
2642474867_4e6346f809.jpg,A woman in a blue and white shirt is wearing a cowboy hat .
2642474867_4e6346f809.jpg,A woman wearing a hat .
2642474867_4e6346f809.jpg,Woman in a blue and white striped shirt with a straw cowboy hat on .
2644430445_47c985a2ee.jpg,A girl in a red shirt takes a picture on a phone .
2644430445_47c985a2ee.jpg,A woman in a low cut shirt takes a picture with her cellphone .
2644430445_47c985a2ee.jpg,A woman in a red shirt holding a cellphone .
2644430445_47c985a2ee.jpg,A woman taking pictures with her phone .
2644430445_47c985a2ee.jpg,The girl in sunglasses holds up her phone to take a picture of something .
2644916196_16f91dae54.jpg,A child with a yellow cup and milk all over his face .
2644916196_16f91dae54.jpg,A little boy drinks milk and gets milk all over his face and table .
2644916196_16f91dae54.jpg,a little boy spilled his milk from the green cup .
2644916196_16f91dae54.jpg,Small laughing child with blond hair sitting at a table holding a green sippy cup .
2644916196_16f91dae54.jpg,Toddler with milk around his mouth .
2647229826_e0e0c65ef1.jpg,A young girl in red is jumping over a bent over child for a children ' game .
2647229826_e0e0c65ef1.jpg,Children are playing leapfrog in front of a fountain
2647229826_e0e0c65ef1.jpg,Children playing leapfrog .
2647229826_e0e0c65ef1.jpg,Children playing leapfrog beside fountain .
2647229826_e0e0c65ef1.jpg,Six children near a water fountain .
2648165716_02e2e74fd6.jpg,A boy swings a plastic bat .
2648165716_02e2e74fd6.jpg,A little blonde boy in a Winnie the Pool t-shirt holds up a red plastic bat .
2648165716_02e2e74fd6.jpg,A little boy holds a bat in the air waiting on the ball .
2648165716_02e2e74fd6.jpg,A little boy in a Winnie the Pooh T-shirt is waiting to swing his red bat .
2648165716_02e2e74fd6.jpg,A small child swings back a red baseball bat .
2649850541_59a6c7f01c.jpg,A girl laying on a sidewalk .
2649850541_59a6c7f01c.jpg,a girl lays on her driveway .
2649850541_59a6c7f01c.jpg,A girl lays on the sidewalk with her arms and face in the grass .
2649850541_59a6c7f01c.jpg,A little girl lays on the sidewalk with her face in the grass .
2649850541_59a6c7f01c.jpg,The little girl is laying on the sidewalk .
2650620212_0586016e0d.jpg,A black dog is walking along the side of a pool .
2650620212_0586016e0d.jpg,A black dog runs around an outdoor swimming pool .
2650620212_0586016e0d.jpg,A black dog walking beside a pool .
2650620212_0586016e0d.jpg,A black poodle walks on the edge of a pool .
2650620212_0586016e0d.jpg,A fluffy blank poodle is walking on the edge of a pool .
2659554389_ed3d15093f.jpg,A girl is feeding a camel
2659554389_ed3d15093f.jpg,A little girl feeds a
2659554389_ed3d15093f.jpg,A little girl in a purple t-shirt feeds an animal .
2659554389_ed3d15093f.jpg,A young girl feeding a camel .
2659554389_ed3d15093f.jpg,The girl is at a petting zoo and feeding a camel .
2659606300_bea3feaf8b.jpg,A baby girl wearing a pink jacket climbs wooden steps .
2659606300_bea3feaf8b.jpg,A small child climbs stairs at a beach .
2659606300_bea3feaf8b.jpg,A small child climbs steps outdoors in a grassy area .
2659606300_bea3feaf8b.jpg,A small child in a pink hoodie ascending tall stairs outdoors .
2659606300_bea3feaf8b.jpg,A small child in a pink sweater begins to climb a concrete staircase .
2660008870_b672a4c76a.jpg,A boy is making a splash in a swimming pool .
2660008870_b672a4c76a.jpg,A child is splashed by water in an indoor swimming pool .
2660008870_b672a4c76a.jpg,A little boy is jumping out of the pool .
2660008870_b672a4c76a.jpg,A redheaded boy has just come up from under the water in a pool .
2660008870_b672a4c76a.jpg,A young boy playing in a swimming pool .
2660480624_45f88b3022.jpg,two girls are standing in front of a car that is advertising Red Bull .
2660480624_45f88b3022.jpg,Two ladies pose in front of the Red Bull Energy Drink vehicle .
2660480624_45f88b3022.jpg,Two women posing next to the Redbull car .
2660480624_45f88b3022.jpg,Two women standing beside a silver and blue car with a Redbull logo and a giant Redbull can on it .
2660480624_45f88b3022.jpg,Two young women stand by a Red Bull car .
2661567396_cbe4c2e5be.jpg,A boy in a green shirt is sitting in an almost empty stadium .
2661567396_cbe4c2e5be.jpg,A green shirted man sits among the many unoccupied red seats .
2661567396_cbe4c2e5be.jpg,A man wearing a green numbered shirt is sitting in a stadium .
2661567396_cbe4c2e5be.jpg,A photo of an arena with very few people in the stands .
2661567396_cbe4c2e5be.jpg,Man with SANTANA 57 shirt sits in sparsely occupied seating area .
2662262499_3cdf49cedd.jpg,A baseball hitter holding a bat falling down .
2662262499_3cdf49cedd.jpg,A baseball player runs on the field .
2662262499_3cdf49cedd.jpg,A boy at bat playing a baseball game falls to the ground while onlookers watch .
2662262499_3cdf49cedd.jpg,A child in a uniform is falling to the ground with a bat in his or her hand .
2662262499_3cdf49cedd.jpg,"This baseball player , dressed in red and white uniform and holding a bat , is falling after being hit by a pitch ."
2662537919_18a29fca8a.jpg,A close-up shot of a long haired man playing a red electric guitar .
2662537919_18a29fca8a.jpg,A man rocks out onstage with his guitar .
2662537919_18a29fca8a.jpg,A man with long blonde hair playing a red guitar
2662537919_18a29fca8a.jpg,Man with long blond hair playing red electric guitar .
2662537919_18a29fca8a.jpg,Person with blonde flyaway hair playing guitar
2662816021_ac474e0fde.jpg,A dog emerges form the water with a stick in its mouth .
2662816021_ac474e0fde.jpg,A dog in a harness holds a stick in his mouth while standing in the water .
2662816021_ac474e0fde.jpg,A dog retrieves a stick from a body of water .
2662816021_ac474e0fde.jpg,A white dog holds a stick in its mouth as it comes out of the water .
2662816021_ac474e0fde.jpg,The white dog is standing in the water with a stick in its mouth .
2663248626_f000f2661d.jpg,A black and white dog chasing a tan and white dog across a path .
2663248626_f000f2661d.jpg,A dog runs behind another at a park .
2663248626_f000f2661d.jpg,two dogs are running across a grassy path .
2663248626_f000f2661d.jpg,Two dogs are running quickly through a park .
2663248626_f000f2661d.jpg,Two dogs run through the park .
2663794355_e726ec7e05.jpg,There are two women tanning in bikinis .
2663794355_e726ec7e05.jpg,Two people sunbathe beside water .
2663794355_e726ec7e05.jpg,Two women are laying on a concrete structure beside the ocean .
2663794355_e726ec7e05.jpg,Two women sunbathe by the water .
2663794355_e726ec7e05.jpg,Two women sunbathe on a concrete terrace .
2665264979_df9c284bf8.jpg,A girl begins to wade through deep grass that covers a stone structure on a coastline .
2665264979_df9c284bf8.jpg,A girl is walking on a sandy path .
2665264979_df9c284bf8.jpg,A small girl playing in a park .
2665264979_df9c284bf8.jpg,A young girl in a white cap is walking through an area with trees .
2665264979_df9c284bf8.jpg,A young girl with a read shirt and a white hat playing among the foliage .
2665904080_8a3b9639d5.jpg,a brown dog nursing
2665904080_8a3b9639d5.jpg,A dog breastfeeding .
2665904080_8a3b9639d5.jpg,A mother dog giving her puppy some milk .
2665904080_8a3b9639d5.jpg,A puppy is nursing from its mother .
2665904080_8a3b9639d5.jpg,A young puppy suckles from his mother .
2667783499_3a4f38f636.jpg,A small boy in blue crawls along a window sill .
2667783499_3a4f38f636.jpg,A small child crawling on a windowsill .
2667783499_3a4f38f636.jpg,Little boy with blue shirt crawls across vents near large glass windows .
2667783499_3a4f38f636.jpg,The little boy crawls around next to the large glass windows .
2667783499_3a4f38f636.jpg,This picture shows a boy in a blue shirt leaning his head against a window with lots of beautiful clowds outside .
2671602981_4edde92658.jpg,A little girl in a bathing suit leaps up in the water .
2671602981_4edde92658.jpg,A little girl wearing a black tankini is jumping in the air with water in the background .
2671602981_4edde92658.jpg,A young girl in a swimming suit jumps into a body of water .
2671602981_4edde92658.jpg,A young girl jumping out of the water
2671602981_4edde92658.jpg,The girl in the bathing suit is poised in midair next to the blue water .
267162122_c3437414ec.jpg,a black puppy jumping on the back of a white puppy
267162122_c3437414ec.jpg,A black dog and a white dog wrestle .
267162122_c3437414ec.jpg,A black dog and a white dog wrestling next to a food dish .
267162122_c3437414ec.jpg,A black puppy stands over a white puppy .
267162122_c3437414ec.jpg,A small black dog is standing over a small white dog laying on his side .
267325341_1a96ef436e.jpg,A black dog is running through the grass carrying something red in its mouth .
267325341_1a96ef436e.jpg,A dog holds an orange rag in his mouth while running .
267325341_1a96ef436e.jpg,A dog running with a red item in its mouth .
267325341_1a96ef436e.jpg,Black dog running through grass with something orange in its mouth
267325341_1a96ef436e.jpg,"On garden lawn , black dog is retriving an object ."
2674784195_704f6b79d0.jpg,Two boys are laying in the ocean close to the beach .
2674784195_704f6b79d0.jpg,two boys playing in dirty water
2674784195_704f6b79d0.jpg,Two children are playing in deep muddy water .
2674784195_704f6b79d0.jpg,Two children are rolling in muddy water .
2674784195_704f6b79d0.jpg,Two muddy boys swim .
2679565682_91ecd283ff.jpg,A man in a blue shirt and beard looks at something that he is holding .
2679565682_91ecd283ff.jpg,A man with a bread looking at his camera .
2679565682_91ecd283ff.jpg,A man with a long white beard is examining a camera and another man with a black shirt is in the background .
2679565682_91ecd283ff.jpg,An old man adjusts his camera .
2679565682_91ecd283ff.jpg,An old man is examining his camera while a younger man is singing nearby .
2679926555_b11cf45595.jpg,A girl in a purple tutu dances in the yard .
2679926555_b11cf45595.jpg,A little girl in a puffy purple skirt dances in a park .
2679926555_b11cf45595.jpg,A young girl twirls her fluffy purple skirt .
2679926555_b11cf45595.jpg,Little girl is spinning around on the grass in a flowing purple skirt .
2679926555_b11cf45595.jpg,The little girl has a purple dress on .
2684322797_85406f571d.jpg,"A fat guy in pink , drinking beer ."
2684322797_85406f571d.jpg,A large person in shorts and a white shirt sitting at a table .
2684322797_85406f571d.jpg,An overweight person drinking .
2684322797_85406f571d.jpg,A person sits at a table outside drinking beer .
2684322797_85406f571d.jpg,A person wearing a white tank top sits at a table with a beer .
2685139184_4ff45e0f76.jpg,"A gray-haired , shoeless woman is sitting on a blanket under a lavendar umbrella on the side of a street ."
2685139184_4ff45e0f76.jpg,A man leaning against a wall with an umbrella .
2685139184_4ff45e0f76.jpg,A woman that appears to be homeless sits on a Winnie the Pooh table cover on the side of a street .
2685139184_4ff45e0f76.jpg,The man is sitting outside on the street under a purple umbrella .
2685139184_4ff45e0f76.jpg,The person is sitting on a Winnie the pooh sheet and holding a purple umbrella .
2686432878_0697dbc048.jpg,"A female with glasses , a brown shirt , and a backpack ."
2686432878_0697dbc048.jpg,A happy bespectacled young white girl in a brown t-shirt and a backpack
2686432878_0697dbc048.jpg,A woman wearing a brown shirt and glasses smiles for the camera .
2686432878_0697dbc048.jpg,There is a young girl with glasses and disheveled hair with a green backpack .
2686432878_0697dbc048.jpg,"Young lady with brown shirt , glasses , and a backpack ."
268704620_8a8cef4cb3.jpg,Two little white dogs are playing in the snow .
268704620_8a8cef4cb3.jpg,Two little white dogs are playing outside in the snow .
268704620_8a8cef4cb3.jpg,Two white dogs are running alongside one another in snowy grass .
268704620_8a8cef4cb3.jpg,Two white dogs running in the snow .
268704620_8a8cef4cb3.jpg,Two white dogs run through a fiels with snow .
2687229880_97cfd8148e.jpg,A woman in a black-shirt is walking holding a silver cellphone .
2687229880_97cfd8148e.jpg,A woman in a black shirt walking down the street
2687229880_97cfd8148e.jpg,A woman wearing a black shirt walks among a crowd in a city .
2687229880_97cfd8148e.jpg,Brunette woman in black walking through blurred crowd .
2687229880_97cfd8148e.jpg,Lady walking and squinting from the sun in a large group of people .
2687328779_b4356dab16.jpg,A dog is being squirted with a hose as it jumps into a paddling pool .
2687328779_b4356dab16.jpg,A dog is hosed as it jumps into a kiddie pool .
2687328779_b4356dab16.jpg,A terrier is sprayed by a hose while jumping in a pool .
2687328779_b4356dab16.jpg,A white dog with black patches runs jumps through a spray from a hose into a blue plastic wading pool .
2687328779_b4356dab16.jpg,"While one white dog is outside the pool , another white dog with a black spot on its back is jumping into a plastic swimming pool while getting sprayed by a garden hose ."
2687672606_275169c35d.jpg,A girl with Indian clothing on and henna on her hand goes through paperwork .
2687672606_275169c35d.jpg,A woman wearing jewelry holds a piece of paper and looks down .
2687672606_275169c35d.jpg,A woman wears a colorful shirt and a lot of jewelry .
2687672606_275169c35d.jpg,The lady in the multi-colored shirt has a necklace on a white object in her hand .
2687672606_275169c35d.jpg,The woman with a henna tattoo holds a piece of paper in her left hand .
2689358407_9932f1b20c.jpg,A young boy plays in the water fountain .
2689358407_9932f1b20c.jpg,a young boy running through a water fountain
2689358407_9932f1b20c.jpg,Two boys are playing in a sprinkler .
2689358407_9932f1b20c.jpg,Two boys play in a park fountain .
2689358407_9932f1b20c.jpg,Two children run through a sprinkler .
2695085448_a11833df95.jpg,A woman in a black dress crouching in front of a brick wall talking on a cellphone .
2695085448_a11833df95.jpg,A woman in all black crouches against a wall while making a phone call .
2695085448_a11833df95.jpg,A woman on the phone next to a brick wall .
2695085448_a11833df95.jpg,"The woman crouches against a brick wall , speaking on her cellphone ."
2695085448_a11833df95.jpg,Woman talking on pink cellphone in front of a brick wall .
2695085632_10c4e6ea78.jpg,A man in sunglasses is writing on a pad with his bike leaned up against him .
2695085632_10c4e6ea78.jpg,A man is sitting outside writing something on a pad of paper .
2695085632_10c4e6ea78.jpg,"A man next to a plastic crate and a bicycle , writes on a board ."
2695085632_10c4e6ea78.jpg,A man whose clothes are covered in paint is writing something down while sitting outside in a busy area .
2695085632_10c4e6ea78.jpg,A man writes a note while sitting next to a crate and a bike .
2695961935_a2a6338f26.jpg,A black and white dog jumps over a hurdle .
2695961935_a2a6338f26.jpg,A dog jumping over high jump poles at show .
2695961935_a2a6338f26.jpg,A dog jumps over an obstacle outside .
2695961935_a2a6338f26.jpg,A small dog jumps over a striped gate .
2695961935_a2a6338f26.jpg,A small dog leaps a barrier .
2696866120_254a0345bc.jpg,A dirty tan dog rolling in the dirt and looking right at the camera .
2696866120_254a0345bc.jpg,A dog lies on the ground .
2696866120_254a0345bc.jpg,A dog rolls on the ground .
2696866120_254a0345bc.jpg,Dog with black collar rolling in dirt and dried leaves
2696866120_254a0345bc.jpg,The brown dog is rolling around in the dirt .
2698487246_e827404cac.jpg,A man in a black and white jersey is leaping to get a ball from a player in a blue and yellow jersey .
2698487246_e827404cac.jpg,People playing a sport with a referee looking on .
2698487246_e827404cac.jpg,The men are jumping in the air .
2698487246_e827404cac.jpg,Three rugby players trying to catch the ball
2698487246_e827404cac.jpg,Two men are jumping into the air to catch the football .
269898095_d00ac7d7a4.jpg,A woman is sitting near a flower bed overlooking a tunnel .
269898095_d00ac7d7a4.jpg,two adults sit on a bench .
269898095_d00ac7d7a4.jpg,Two guys sit by some flowers and water .
269898095_d00ac7d7a4.jpg,Two people on a bench .
269898095_d00ac7d7a4.jpg,Two people sit on a bench at a park .
2699426519_228719b1db.jpg,A brown and white dog is running with its mouth open .
2699426519_228719b1db.jpg,a brown and white dog running crazily through the grass .
2699426519_228719b1db.jpg,A brown and white dog running fast in a fenced yard .
2699426519_228719b1db.jpg,A brown and white dog running on grass .
2699426519_228719b1db.jpg,a brown and white pitbull running in the grass with its mouth open .
2699733386_c346c87ea6.jpg,A black and brown dog is running and splashing in the water .
2699733386_c346c87ea6.jpg,A black and brown dog walks in the shallows of a large body of water .
2699733386_c346c87ea6.jpg,A black dog running through water .
2699733386_c346c87ea6.jpg,A black dog wading through water .
2699733386_c346c87ea6.jpg,The dog is running in the surf .
2701895972_8605c4e038.jpg,A band is playing music underneath a white canopy .
2701895972_8605c4e038.jpg,A band performs at on an outdoor stage .
2701895972_8605c4e038.jpg,A band performs onstage .
2701895972_8605c4e038.jpg,Band performs at outdoor event .
2701895972_8605c4e038.jpg,People gather to hear musicians play various instruments upon a stage .
2704934519_457dc38986.jpg,A girl is shaking the water out of her hair .
2704934519_457dc38986.jpg,"A girl swings her long , wet hair in a lake ."
2704934519_457dc38986.jpg,A girl whipping water from her hair in a lake
2704934519_457dc38986.jpg,A woman in a river is shaking her hair causing a water to spray everywhere .
2704934519_457dc38986.jpg,A woman splashes in the water .
2707933554_f6dc5e0e3c.jpg,A brown butterfly perched on a girl 's hand
2707933554_f6dc5e0e3c.jpg,A girl in a colorful hat has a strange creature resting on her hand .
2707933554_f6dc5e0e3c.jpg,A girl in a hat has some sort of insect on her finger .
2707933554_f6dc5e0e3c.jpg,A girl in a tie dye hat has a butterfly on her hand .
2707933554_f6dc5e0e3c.jpg,"A girl in a yellow , blue and green tie dyed hat has a strange looking critter on her hand ."
2708634088_a4686be24c.jpg,two brown dogs one with a stick in its mouth
2708634088_a4686be24c.jpg,Two dogs are running side by side through long grass .
2708634088_a4686be24c.jpg,Two large black and brown dogs run through the tall grass .
2708634088_a4686be24c.jpg,Two large dogs bound through a field .
2708634088_a4686be24c.jpg,Two tall black dogs run through tall grass .
2709275718_73fcf08c23.jpg,A male wearing a blue shirt is holding a cup in hand while staring at the camera .
2709275718_73fcf08c23.jpg,A man in a short Mohawk and beard .
2709275718_73fcf08c23.jpg,"A man with a Mohawk and a shirt saying "" -ependent "" faces the camera"
2709275718_73fcf08c23.jpg,A man with a Mohawk is holding a cup .
2709275718_73fcf08c23.jpg,A man with a Mohawk smiles at the camera .
2714703706_d21c5cb8df.jpg,dogs playing
2714703706_d21c5cb8df.jpg,A brown dog is biting a white and tan dog on the snout .
2714703706_d21c5cb8df.jpg,The brown dog has a hold of the other dogs cheek with its teeth .
2714703706_d21c5cb8df.jpg,Two dogs are nuzzling each other nose to nose .
2714703706_d21c5cb8df.jpg,Two dogs bite at each other on the carpet .
2715289538_d77c8d0a85.jpg,A boy is trying to blow a huge bubble using a giant metal ring .
2715289538_d77c8d0a85.jpg,A man blowing a large bubble .
2715289538_d77c8d0a85.jpg,a red haired boy wearing glasses blowing a huge bubble
2715289538_d77c8d0a85.jpg,The boy wearing a blue shirt is blowing a huge bubble .
2715289538_d77c8d0a85.jpg,Young man in blue shirt peering through a large bubble .
2715337869_e4fe36db50.jpg,A girl jumps from an orange raft into a lake .
2715337869_e4fe36db50.jpg,a girl jumps off of a raft .
2715337869_e4fe36db50.jpg,Girl jumping into water from a raft .
2715337869_e4fe36db50.jpg,Girl jumping off a raft into a lake .
2715337869_e4fe36db50.jpg,The young girl is airborne as she falls into the lake .
271637337_0700f307cf.jpg,A collie jumps over a hurdle .
271637337_0700f307cf.jpg,A dog in a competition jumps over a hurdle .
271637337_0700f307cf.jpg,A dog jumping over a hurdle .
271637337_0700f307cf.jpg,A dog jumps over a barrier .
271637337_0700f307cf.jpg,A furry dog is jumping over a hurdle .
271770120_880e8d8e52.jpg,The black dogs try to wrestle the dog away from each other .
271770120_880e8d8e52.jpg,There are two blog dogs playing tug-o-war outside .
271770120_880e8d8e52.jpg,Two black dogs playing tug-of-war .
271770120_880e8d8e52.jpg,Two dogs playfully fight over a ball outside .
271770120_880e8d8e52.jpg,"Two large , black dogs are playing with a collapsed ball ."
2718027742_70a72f99ae.jpg,A child in a bathing suit plays in a sprinkler .
2718027742_70a72f99ae.jpg,A child plays in backyard sprinklers .
2718027742_70a72f99ae.jpg,A child seen from the waist down in a bathing suit standing on a slip and slide with jets of water shooting up
2718027742_70a72f99ae.jpg,A kid standing in a sprinkler .
2718027742_70a72f99ae.jpg,Child standing on yellow sprinkler mat with water spraying .
2723477522_d89f5ac62b.jpg,A big dog chases a little dog on the grass .
2723477522_d89f5ac62b.jpg,A black dog is chasing a smaller brown dog over grass .
2723477522_d89f5ac62b.jpg,The large brown dog is chasing after the little brown dog .
2723477522_d89f5ac62b.jpg,Two brown dogs run through the grass together .
2723477522_d89f5ac62b.jpg,two dogs play in the grass .
2734669176_c272b42597.jpg,"A baseball player , a woman with Frisbees , and a dog in front of blue bleachers ."
2734669176_c272b42597.jpg,A blonde haired girl is doing a trick with her dog that is in the air trying to catch a flying Frisbee .
2734669176_c272b42597.jpg,A dog jumping for a Frisbee while a woman crouches nearby .
2734669176_c272b42597.jpg,A woman thows a Frisbee to a dog as a baseball player in uniform runs behind her .
2734669176_c272b42597.jpg,The girl does freestyle Frisbee tricks with her dog at the baseball park .
2735290454_1bd8bc5eac.jpg,a black dog enjoys and ice cream cone .
2735290454_1bd8bc5eac.jpg,A black dog has an ice cream cone in its mouth .
2735290454_1bd8bc5eac.jpg,Black dog sitting while eating with neon yellow band around shoulders .
2735290454_1bd8bc5eac.jpg,The black dog is wearing a lime green collar .
2735290454_1bd8bc5eac.jpg,The furry black dog is wearing a neon yellow collar .
2738255684_0324ed062d.jpg,A group of greyhound dogs runs around a dirt track .
2738255684_0324ed062d.jpg,Greyhounds race on a sandy track with the dog in green taking the lead .
2738255684_0324ed062d.jpg,Race dogs run around a curve .
2738255684_0324ed062d.jpg,The horses are racing along the dirt track .
2738255684_0324ed062d.jpg,Three muzzled greyhounds race around a turn in a track .
2739332078_13d9acce59.jpg,A girl with blond hair offers a dimpled smile from under her black umbrella .
2739332078_13d9acce59.jpg,A lady posing while holding an umbrella .
2739332078_13d9acce59.jpg,A young blonde woman in black smiles under her black umbrella .
2739332078_13d9acce59.jpg,Blond woman with a black shirt is holding a black umbrella over her head .
2739332078_13d9acce59.jpg,The blonde haired woman is holding a black umbrella .
2742426734_291df6da08.jpg,A group of friends posing together in a park .
2742426734_291df6da08.jpg,A group of people posing for a picture on the grass .
2742426734_291df6da08.jpg,A group of people posing for a picture with the sun behind them .
2742426734_291df6da08.jpg,A group of young people pose for a picture in a field
2742426734_291df6da08.jpg,Young people pose for their picture in the countryside .
2744600462_5804577296.jpg,A cyclist donning blue and white is leading a pack of cyclists .
2744600462_5804577296.jpg,A large column of bicyclists is cycling down a road .
2744600462_5804577296.jpg,A pack of bicycle road racers lean through a curve .
2744600462_5804577296.jpg,A pack of bicyclists taking a turn during a race .
2744600462_5804577296.jpg,Cyclists competing in a race are coming around a bend in the road .
2744705147_acd767d3eb.jpg,A man and a woman in a brown room posing for the camera .
2744705147_acd767d3eb.jpg,A man in a striped shirt hugging a blond short-haired woman with a black apron on .
2744705147_acd767d3eb.jpg,A man in a striped shirt poses with a blond girl in a black apron .
2744705147_acd767d3eb.jpg,"A man is standing next to a woman , with his arm around her waist ."
2744705147_acd767d3eb.jpg,A man with glasses is standing next to a woman with blonde hair .
2746839158_4195210d27.jpg,Children playing outside in a fountain .
2746839158_4195210d27.jpg,Two boys in underwear play in the water in the city street .
2746839158_4195210d27.jpg,Two little boys play in the water left behind by the sprinklers .
2746839158_4195210d27.jpg,Two young boys are playing in a fountain in a city plaza .
2746839158_4195210d27.jpg,Two young boys play in the water that has collected on the street .
2747640247_b54bfa6886.jpg,A girl is playing on a homemade swing that hangs from a tree over water .
2747640247_b54bfa6886.jpg,A girl is sitting on a crudely made swing above the water .
2747640247_b54bfa6886.jpg,A girl is swinging over waves on a rope swing .
2747640247_b54bfa6886.jpg,A girl swinging from a tree on a rope over crashing waves .
2747640247_b54bfa6886.jpg,A girl swings on a tree over breaking waves .
2750867389_4b815f793a.jpg,A man and a boy behind the wheel of a car .
2750867389_4b815f793a.jpg,A man drives a truck while a child sits on his lap and steers .
2750867389_4b815f793a.jpg,A man drives a vehicle with a child on his lap .
2750867389_4b815f793a.jpg,Man and little boy driving a large brown SUV .
2750867389_4b815f793a.jpg,There is a man with a small boy on his lap sitting in the drivers seat of a jeep .
2751694538_fffa3d307d.jpg,a man and boy sit in the driver seat .
2751694538_fffa3d307d.jpg,A man holds a child on his lap while driving a truck .
2751694538_fffa3d307d.jpg,A man sits with a little boy in the drivers seat of a jeep .
2751694538_fffa3d307d.jpg,A young boy sits on the lap of a man behind the wheel of a vehicle .
2751694538_fffa3d307d.jpg,The boy is sitting in the lap of the car 's driver and helping to steer .
2752084369_52e7867da7.jpg,A little girl in a red dress and white hat holding two ZARA blue bags .
2752084369_52e7867da7.jpg,A little girl in a red dress is carrying shopping bags .
2752084369_52e7867da7.jpg,A little girl is carrying two shopping bags from Zara .
2752084369_52e7867da7.jpg,A toddler in a red dress carries two Zara shopping bags .
2752084369_52e7867da7.jpg,A young girl is carrying two large black shopping bags .
2752329719_868545b7d2.jpg,A couple is enjoying the view of the water while sitting on a patio .
2752329719_868545b7d2.jpg,A couple sit on a patio overlooking the ocean .
2752329719_868545b7d2.jpg,Couple sitting on chairs by a stone wall overlooking the ocean .
2752329719_868545b7d2.jpg,Two adults sitting in chairs overlooking the ocean
2752329719_868545b7d2.jpg,Two people sit on a well kept stone path that overlooks a large body of water .
2756591658_3ca6db1595.jpg,A woman in a swimsuit is standing on top of the cliff taking a photograph of the man carrying the backpack .
2756591658_3ca6db1595.jpg,A woman takes a picture of a man on the edge of a cliff .
2756591658_3ca6db1595.jpg,The couple takes a hike along the bluff .
2756591658_3ca6db1595.jpg,Two people are standing on a cliff in the summer .
2756591658_3ca6db1595.jpg,two people on the top of a cliff
2759089516_cbb993cb92.jpg,A child attempts to enter a house through the doggy door .
2759089516_cbb993cb92.jpg,a child 's legs while squeezing through a dog door .
2759089516_cbb993cb92.jpg,A child wearing gray shorts and pink-bottomed sneakers crawls through a window .
2759089516_cbb993cb92.jpg,A child wearing pink soled sneakers is climbing headfirst through a window .
2759089516_cbb993cb92.jpg,A kid climbs through a small door .
2759211664_d21393b668.jpg,A boy in a red shirt and white shorts is standing in the sand .
2759211664_d21393b668.jpg,A boy runs along a beach while a group of young girls watch .
2759211664_d21393b668.jpg,a boy sprints across the sand .
2759211664_d21393b668.jpg,A boy wearing a red shirt is running through the sand .
2759211664_d21393b668.jpg,The blonde girl is watching the boy run barefoot on the ground .
2760716468_b541e9fd0f.jpg,A man sits on a step with two duffel bags and a plastic bag by his sides .
2760716468_b541e9fd0f.jpg,A man wearing sandals sits on the sidewalk near some bags .
2760716468_b541e9fd0f.jpg,"Bald , older man sits in gray stone area with bags , clapping hands ."
2760716468_b541e9fd0f.jpg,Man with duffel bag sitting on a concrete curb .
2760716468_b541e9fd0f.jpg,Man with grey beard sitting on the sidewalk with bags on either side of him .
2762702644_2aa3bf9680.jpg,A woman wearing a red and black outfit standing in front of a building playing a violin .
2762702644_2aa3bf9680.jpg,A woman wearing black and red is playing a violin in front of a brick building .
2762702644_2aa3bf9680.jpg,A woman wearing red playing a violin on a sidewalk .
2762702644_2aa3bf9680.jpg,"Girl in red , with striped tights , playing violin outside of building ."
2762702644_2aa3bf9680.jpg,The girl in red and black is holding a violin and bow .
276356412_dfa01c3c9e.jpg,A dog goes headfirst into the long grass from the sand .
276356412_dfa01c3c9e.jpg,A dog is digging in the sand beneath some grass .
276356412_dfa01c3c9e.jpg,A light brown dog is poking his head into brush .
276356412_dfa01c3c9e.jpg,A tan dog digging a hole at the edge of the sand .
276356412_dfa01c3c9e.jpg,A yellow dog digs in the sand near grass .
2765747519_2b851e01d6.jpg,A baby in a green bag peeks out .
2765747519_2b851e01d6.jpg,A child is mostly hidden in a green shopping bag .
2765747519_2b851e01d6.jpg,A child is sitting in a green tote bag with only its eyes and hair poking out .
2765747519_2b851e01d6.jpg,Infant peers from a lime-green shopping bag
2765747519_2b851e01d6.jpg,Little baby is peeking out of a green grocery bag .
2768972186_92787cd523.jpg,A big dog is biting a smaller dog on the leg
2768972186_92787cd523.jpg,A dog bites the tail of another dog .
2768972186_92787cd523.jpg,A large brown dog sniffs a small white dog 's behind .
2768972186_92787cd523.jpg,a large brown dog trying to catch a small white puppy from behind
2768972186_92787cd523.jpg,The large brown dog is sniffing a small white dog .
2769731772_18c44c18e2.jpg,A girl and her child walking next to a mountain .
2769731772_18c44c18e2.jpg,A woman is hiking towards an orange colored rock face .
2769731772_18c44c18e2.jpg,"A woman with a baby in a backpack , standing in a canyon ."
2769731772_18c44c18e2.jpg,The girl with a baby on her back stand and look at the tall mountain
2769731772_18c44c18e2.jpg,Woman walking on a dirt path near a large copper boulder .
2773011586_6f4cd41e84.jpg,People are riding on a ride at a theme park or carnival .
2773011586_6f4cd41e84.jpg,Riders in the log ride throw their arms in the air in enjoyment as they prepare for the watery descent .
2773011586_6f4cd41e84.jpg,Two people are riding down a log flume in a theme park .
2773011586_6f4cd41e84.jpg,Two people raise up their arms in a rollercoaster ride
2773011586_6f4cd41e84.jpg,Water log amusement park ride with people in it at night .
2773682293_3b712e47ff.jpg,A man and a boy pose for a picture in a stairway overlooking a waterfall .
2773682293_3b712e47ff.jpg,A man and a boy posing together behind a fence and a gorgeous waterfall view .
2773682293_3b712e47ff.jpg,A man and little boy posing for a photo with a beautiful waterfall in the background .
2773682293_3b712e47ff.jpg,an asian father and child stand in front of a large waterfall .
2773682293_3b712e47ff.jpg,Man and Boy pose for a photo near a waterfall .
278002800_3817135105.jpg,A guy in black jacket eating .
278002800_3817135105.jpg,A man eats a pastry .
278002800_3817135105.jpg,A man in a black coat eats a doughnut while other men look out of frame .
278002800_3817135105.jpg,A man in a black jacket is eating a pastry while standing next to two other men .
278002800_3817135105.jpg,A man in black is eating a baked good near two elderly men .
278002875_d011ae9dc5.jpg,Four people stand in front of trees .
278002875_d011ae9dc5.jpg,Four young adults gathered outdoors
278002875_d011ae9dc5.jpg,four young people are walking through past trees in a busy park .
278002875_d011ae9dc5.jpg,"In the Fall , college students return to their schools ."
278002875_d011ae9dc5.jpg,Two girls and two boys walking in a park .
278007543_99f5a91a3e.jpg,A brindle dog runs beside some pilings in ground at the waterside .
278007543_99f5a91a3e.jpg,A brown dog is running past wooden posts on the beach .
278007543_99f5a91a3e.jpg,A dog running along the beach .
278007543_99f5a91a3e.jpg,A tan dog runs along a beach near wood stumps .
278007543_99f5a91a3e.jpg,The brown dog is running in front of the water and the wooden sticks .
2780087302_6a77658cbf.jpg,A man in black shirt sits on a stool while trying to sell stuffed animals .
2780087302_6a77658cbf.jpg,A man is outside selling various toys .
2780087302_6a77658cbf.jpg,A vendor sells children 's toys as visitors walk by .
2780087302_6a77658cbf.jpg,A vendor sells inflatable toys and stuffed animals on the sidewalk .
2780087302_6a77658cbf.jpg,Man sits on stool beside toys .
2781296531_f6f0f6c0f5.jpg,A boy is splashed in the face by a playground toy at a water park .
2781296531_f6f0f6c0f5.jpg,A young boy at a water park being sprayed in the face by a spigot decorated to look like a seahorse .
2781296531_f6f0f6c0f5.jpg,A young boy is gettnig splashed in the face by a blue water toy .
2781296531_f6f0f6c0f5.jpg,The boy is running through the sprinklers .
2781296531_f6f0f6c0f5.jpg,The little boy is running through the sprinklers .
2782480767_064c95eff2.jpg,A girl holds her breath underwater in a pool .
2782480767_064c95eff2.jpg,A girl is about to emerge from a swimming pool .
2782480767_064c95eff2.jpg,A girl underwater in a pool .
2782480767_064c95eff2.jpg,A little girl is swimming under the crystal blue water .
2782480767_064c95eff2.jpg,A young girl in a swimming pool is coming up for air after being underwater .
2784625888_71a421e171.jpg,A black dog jumps a horizontal bar in a grassy feild .
2784625888_71a421e171.jpg,A black dog jumps a hurdle in a grassy area .
2784625888_71a421e171.jpg,A black dog jumps over a pole on green grass .
2784625888_71a421e171.jpg,A medium sized black dog jumps over a gate
2784625888_71a421e171.jpg,The black dog is jumping over the white pole in the grass .
2788652511_4f10060e07.jpg,A boy with an orange shirt lies on a bodyboard in the surf .
2788652511_4f10060e07.jpg,A child in orange is on a boogie board in the waves .
2788652511_4f10060e07.jpg,A young boy rides his boogie-board through the ocean spray .
2788652511_4f10060e07.jpg,A young child wearing a yellow wetsuit rides on a surfboard .
2788652511_4f10060e07.jpg,"The child is on a boogie board , with waves splashing around ."
2792409624_2731b1072c.jpg,A black and white dog is drooling whilst walking on the grass .
2792409624_2731b1072c.jpg,A black and white dog is running through grass .
2792409624_2731b1072c.jpg,Black and White Dog runs across a lawn while drooling .
2792409624_2731b1072c.jpg,The black and white dog is running on the grass .
2792409624_2731b1072c.jpg,The black and white dog runs through the grass .
2795287622_da187a3e86.jpg,A girl jumping from a diving board into a pool
2795287622_da187a3e86.jpg,A girl jumping into a swimming pool
2795287622_da187a3e86.jpg,A girl jumps off of a diving board into a pool .
2795287622_da187a3e86.jpg,A little girl is jumping off the diving board into a pool .
2795287622_da187a3e86.jpg,A young girl in a pink and yellow bathing suit jumps from a diving board into a pool .
2797149878_bb8e27ecf9.jpg,A blond boy in a dark hoodie is holding a fishing rod .
2797149878_bb8e27ecf9.jpg,A boy on the beach casts a fishing pole in the water .
2797149878_bb8e27ecf9.jpg,A little boy is holding a fishing rod .
2797149878_bb8e27ecf9.jpg,A young boy wearing a black hoodie is holding a fishing pole .
2797149878_bb8e27ecf9.jpg,A young male holding a fishing pole .
2798651021_2566f2a47e.jpg,A guy sitting on the side of the road playing an accordion .
2798651021_2566f2a47e.jpg,A man is playing the accordion in an empty park .
2798651021_2566f2a47e.jpg,A man sits by a driveway in front of a white building playing an accordion .
2798651021_2566f2a47e.jpg,A man with an accordion sitting alongside a path .
2798651021_2566f2a47e.jpg,Older man playing accordion on a street .
279901198_e7a88c855a.jpg,A brown dog being chased in a rural area
279901198_e7a88c855a.jpg,A few brown dogs play in some dirt near woods .
279901198_e7a88c855a.jpg,a group of dogs running outside down a dirt trail .
279901198_e7a88c855a.jpg,The dogs are running outdoors near a wooded area .
279901198_e7a88c855a.jpg,Two brown dogs run along a gravel road while another dog watches .
2810333931_47fd8dd340.jpg,A group of children carrying poles and swords .
2810333931_47fd8dd340.jpg,A group of kids stand in a row holding sticks and swords .
2810333931_47fd8dd340.jpg,"Children group together in front of a crowd , holding long sticks ."
2810333931_47fd8dd340.jpg,Kids standing in a line with family watching in the background
2810333931_47fd8dd340.jpg,There is a group of 8 young children holding sticks while standing in the grass .
2810412010_f8b3bc1207.jpg,"A person with long hair emerging from a pool of water , their hair whipping around , and water cascading from the hair ."
2810412010_f8b3bc1207.jpg,A woman is flinging water with her hair .
2810412010_f8b3bc1207.jpg,A woman is throwing her wet hair back creating a pattern with the dripping water .
2810412010_f8b3bc1207.jpg,A woman whips her hair out of the water .
2810412010_f8b3bc1207.jpg,The spray from water ejected by a woman 's hair is reflecting the sunlight .
2813033949_e19fa08805.jpg,A black and white dog jumping for a ball .
2813033949_e19fa08805.jpg,A black and white dog jumps for a tennis ball .
2813033949_e19fa08805.jpg,A white and black dog is jumping in the air trying to catch a tennis ball .
2813033949_e19fa08805.jpg,A white and black dog is playing with a tennis ball near flowers .
2813033949_e19fa08805.jpg,There is a white and black dog jumping off the ground trying to catch a ball .
281419391_522557ce27.jpg,A black race car spins its tires while smoke comes out .
281419391_522557ce27.jpg,A black race car starts up in front of a crowd of people .
281419391_522557ce27.jpg,A broken down car during a race
281419391_522557ce27.jpg,Race car smoking very badly on the racetrack .
281419391_522557ce27.jpg,Red Bull-branded race car leaves smoke behind it in front of a crowd .
2814406547_a237ef0122.jpg,A man in a colorful outfit stands over a trashcan outdoors .
2814406547_a237ef0122.jpg,A man in a robe leaning against a trashcan and watching pedestrians .
2814406547_a237ef0122.jpg,A man wears a floral bathroom as he stands over a trashcan .
2814406547_a237ef0122.jpg,A person wearing clothes with a floral pattern leans on a trashcan cage .
2814406547_a237ef0122.jpg,person wearing a flowered robe holding a cup of coffee leaning on trashcan
2815256108_fc1302117d.jpg,"Two men are standing beside a sign that says "" Jesus or hell "" ."
2815256108_fc1302117d.jpg,Two men are standing in front of a protest sign resting on a red electric box .
2815256108_fc1302117d.jpg,"Two men are talking on the street ; one is pointing at a sign that says "" Jesus or Hell "" beneath a red box , and the other is standing there listening ."
2815256108_fc1302117d.jpg,"Two men discuss a sign that says "" Jesus or Hell "" ."
2815256108_fc1302117d.jpg,Two men talking by a red box and a poster
2815788792_d226215d10.jpg,A dog jumping upside down in front of a man .
2815788792_d226215d10.jpg,A man demonstrating his black and white dog performing a back flip .
2815788792_d226215d10.jpg,A man in a white t-shirt watching a dog do a back flip
2815788792_d226215d10.jpg,A man standing behind a small black and white dog doing a back flip .
2815788792_d226215d10.jpg,"Dog jumps backwards , doing trick with man outdoors ."
2818735880_68b3dfe1f5.jpg,brown dogs are running down a trail
2818735880_68b3dfe1f5.jpg,A group of dogs runs down a path through dry grass and bushes .
2818735880_68b3dfe1f5.jpg,A pack of dogs are running away down a trail .
2818735880_68b3dfe1f5.jpg,Five brown dogs are walking down a grassy path .
2818735880_68b3dfe1f5.jpg,Many dogs are running the same way in a field .
2819254573_9ecb5f4d5e.jpg,A child is yelling whilst on a roller coaster
2819254573_9ecb5f4d5e.jpg,"A happy , excited boy on a roller coaster ."
2819254573_9ecb5f4d5e.jpg,A kid is yelling while on a roller coaster .
2819254573_9ecb5f4d5e.jpg,A young boy screams on a roller coaster .
2819254573_9ecb5f4d5e.jpg,The blonde boy is riding roller-coaster with his mouth wide open .
2822891602_ff61df2ece.jpg,A boy in an orange snorkel mask swims underwater .
2822891602_ff61df2ece.jpg,A kid is diving underwater while wearing swim gear and orange goggles .
2822891602_ff61df2ece.jpg,Boy swims underwater with orange mask on .
2822891602_ff61df2ece.jpg,The boy in red goggles swims underwater .
2822891602_ff61df2ece.jpg,The little boy swims under the water .
2823075967_be4c350e9e.jpg,A black and white dog is playing with a tan dog .
2823075967_be4c350e9e.jpg,The black and white dog is biting the brown and white dog .
2823075967_be4c350e9e.jpg,Two dogs appear to be kissing with one another on flat ground .
2823075967_be4c350e9e.jpg,Two dogs either fighting or playing together .
2823075967_be4c350e9e.jpg,Two dogs play around at nighttime .
2825668136_107223182c.jpg,"A bike rider jumping off his bike , doing a trick"
2825668136_107223182c.jpg,A guy is doing a trick on a bike .
2825668136_107223182c.jpg,A man is performing a jumping trip on his bicycle .
2825668136_107223182c.jpg,A man with a bike jumps high above the concrete .
2825668136_107223182c.jpg,"Bike rider jumps off of gray stone rise , does trick in air ."
2826030193_4278ccb833.jpg,A baby in a red hooded sweatshirt clibing a red mat .
2826030193_4278ccb833.jpg,A baby wearing a red jacket climbs on a red table .
2826030193_4278ccb833.jpg,A little kid climbs a red mat on a festive carpet .
2826030193_4278ccb833.jpg,The child in the red coat laid in the red mat .
2826030193_4278ccb833.jpg,The toddler is ready to climb the red piece of equipment .
2831723637_30d4456665.jpg,A brown and white dog is running around a pole .
2831723637_30d4456665.jpg,A multicolored dog runs around obstacles on a course .
2831723637_30d4456665.jpg,Collie dog races around a pole .
2831723637_30d4456665.jpg,dog running around red and white poles
2831723637_30d4456665.jpg,The dog is running around a white and pink pole .
2832453252_a06f7826a8.jpg,Four children are playing in some water .
2832453252_a06f7826a8.jpg,Four young girls playing in the water .
2832453252_a06f7826a8.jpg,Kids play in water .
2832453252_a06f7826a8.jpg,Little girls play in the water .
2832453252_a06f7826a8.jpg,Young girls in bathing suits playing in the knee deep water beyond the blue railing .
2832487464_2d30634e1e.jpg,A black and white dog is jumping over a hurdle .
2832487464_2d30634e1e.jpg,A dog hurdles over a series of poles .
2832487464_2d30634e1e.jpg,A dog is jumping over a series of colored gates .
2832487464_2d30634e1e.jpg,A dog jumping over a beam
2832487464_2d30634e1e.jpg,A small black dog jumping over gates
2837127816_24441e5f7c.jpg,A man chases a dog trying to pass the barrier to enter a play area .
2837127816_24441e5f7c.jpg,A man follows his black and white dog as it takes on an obstacle course .
2837127816_24441e5f7c.jpg,A man runs with his dog as people watch from nearby tents .
2837127816_24441e5f7c.jpg,The dog does an obstacle course with his trainer .
2837127816_24441e5f7c.jpg,The man is training a dog to zigzag through poles .
2838125339_3dd314e315.jpg,a brown dog jumping a wooden wall a few people standind around also
2838125339_3dd314e315.jpg,A large brown dog climbs over a tall fence while three people look on .
2838125339_3dd314e315.jpg,A police dog in training jumping over a large wall
2838125339_3dd314e315.jpg,Dog climbing over wall
2838125339_3dd314e315.jpg,People watch as a dog scales a wooden wall in a grass field .
2841449931_84a05850ec.jpg,A man in a pink shirt and sunglasses is sitting in the sun .
2841449931_84a05850ec.jpg,A man with sunglasses in a pink shirt .
2841449931_84a05850ec.jpg,An old man sitting down watching something .
2841449931_84a05850ec.jpg,"A older man wearing a pink shirt and sunglasses sits , a woman behind him ."
2841449931_84a05850ec.jpg,The man is wearing sunglasses and a pink shirt
2842849030_89548af61c.jpg,A child in a pool wearing water-wings .
2842849030_89548af61c.jpg,"A child in churning water at the edge of a pool , with orange water wings ."
2842849030_89548af61c.jpg,A child plays in a pool while wearing orange floaties .
2842849030_89548af61c.jpg,A child with orange and white water wings is playing in a pool .
2842849030_89548af61c.jpg,a little boy is wearing water wings in a swimming pool .
2846785268_904c5fcf9f.jpg,A boy doing a trick on top of a guardrail on inline skates .
2846785268_904c5fcf9f.jpg,A person jumps onto a barrier .
2846785268_904c5fcf9f.jpg,A person wearing Rollerblades jumps over a yellow gate .
2846785268_904c5fcf9f.jpg,A young adult jumps on a yellow barricade .
2846785268_904c5fcf9f.jpg,Rollerblader grinding a yellow road barrier
2847615962_c330bded6e.jpg,A dog lays on a mattress on the porch .
2847615962_c330bded6e.jpg,A dog rolls on a mattress placed on a porch and scratches his back .
2847615962_c330bded6e.jpg,A spotted dog rolling over on a pad placed on a porch .
2847615962_c330bded6e.jpg,A white dog rolling on its back on a porch .
2847615962_c330bded6e.jpg,The spotted dog rolls on its back .
2848266893_9693c66275.jpg,A man in a white suit walks down the street holding a newspaper .
2848266893_9693c66275.jpg,A man in a white suit walks outside carrying a newspaper .
2848266893_9693c66275.jpg,a man wearing a white suit holding a newspaper walking through the streets .
2848266893_9693c66275.jpg,"The man holding a newspaper is wearing a white suit , black shirt and black shoes ."
2848266893_9693c66275.jpg,The man is wearing a white suit and walking on the street .
2848895544_6d06210e9d.jpg,A small boy holding a soccer ball for another boy to kick .
2848895544_6d06210e9d.jpg,A very little boy is stopping a soccer ball from going into the goal .
2848895544_6d06210e9d.jpg,A young boy playing goalie stops the soccer ball with his hands .
2848895544_6d06210e9d.jpg,Children playing with a soccer ball near a goal net .
2848895544_6d06210e9d.jpg,Two little boys in uniforms play soccer .
2848977044_446a31d86e.jpg,A cowboy is hanging upside down from a horse .
2848977044_446a31d86e.jpg,A man at the rodeo is riding his horse while upside down and not on the saddle
2848977044_446a31d86e.jpg,A man is riding upside down on the side of a horse at a rodeo .
2848977044_446a31d86e.jpg,A rodeo rider being thrown headfirst from a horse .
2848977044_446a31d86e.jpg,A rodeo rider doing a vertical trick on a brown horse as an audience looks on .
285306009_f6ddabe687.jpg,A man in a cap and shorts sits on a metal bench reading a newspaper .
285306009_f6ddabe687.jpg,"A man in a t-shirt , shorts and cap , sitting on a park bench , reading a paper ."
285306009_f6ddabe687.jpg,A man reads the paper on a wood an iron park bench .
285306009_f6ddabe687.jpg,"A man sits on a bench near a sidewalk , reading a newspaper ."
285306009_f6ddabe687.jpg,A man sits on a bench reading a newspaper .
2854959952_3991a385ab.jpg,One dog leaps to catch a softball while another looks on .
2854959952_3991a385ab.jpg,"The two dogs , one of which is leaping in the air , are chasing a ball outdoors ."
2854959952_3991a385ab.jpg,two dogs jump for a ball on a green field .
2854959952_3991a385ab.jpg,Two dogs play catch with a ball in a field .
2854959952_3991a385ab.jpg,Two small dogs pursuing a ball across a grassy field .
2855594918_1d1e6a6061.jpg,"A biker , all covered in mud , riding a blue bike ."
2855594918_1d1e6a6061.jpg,Biker in muddy orange shirt riding blue racing bike
2855594918_1d1e6a6061.jpg,One man in an orange shirt wearing a white helmet is riding a bike .
2855594918_1d1e6a6061.jpg,Person with orange shirt and black and white helmet riding bike
2855594918_1d1e6a6061.jpg,The man on the bike just finished riding through some mud .
2855727603_e917ded363.jpg,a black dog splashes in the water .
2855727603_e917ded363.jpg,a brown dog walking in a river with trees in the background
2855727603_e917ded363.jpg,A large brown dog plays in the water .
2855727603_e917ded363.jpg,A large sleek brown dog is standing in the water .
2855727603_e917ded363.jpg,The large brown dog is walking into a shallow lake .
285586547_c81f8905a1.jpg,A man and a dog who are both wearing sunglasses take a ride .
285586547_c81f8905a1.jpg,A man is riding a motorcycle with his dog in the passenager seat .
285586547_c81f8905a1.jpg,A man on a motorcycle rides with a dog
285586547_c81f8905a1.jpg,A man rides a motorcycle with his dog in the sidecar .
285586547_c81f8905a1.jpg,A motorcycle has a sidecar with a dog wearing goggles in it .
2855910826_d075845288.jpg,A football player in a blue and yellow uniform is tackling another player in a white and gold uniform .
2855910826_d075845288.jpg,Players on a football team scuffle in an attempt to get the ball .
2855910826_d075845288.jpg,Two football players are tackling an opposing football player with a referee nearby .
2855910826_d075845288.jpg,Two football players are tackling a third while a referee watches .
2855910826_d075845288.jpg,two football players tackle another football player .
2856524322_1d04452a21.jpg,A man on a bicycle jumping off a dirt ramp with one foot on the ground
2856524322_1d04452a21.jpg,A man on a bmx .
2856524322_1d04452a21.jpg,A man riding a bicycle performs a trick above a dirt mound .
2856524322_1d04452a21.jpg,A young man in tan shorts and green shirt is falling off his bicycle .
2856524322_1d04452a21.jpg,Man doing a jumping bike trick on dirt mound at night .
2856923934_6eb8832c9a.jpg,A man steers a speeding jet ski through a turn .
2856923934_6eb8832c9a.jpg,Two men are in a blue and white speed boat .
2856923934_6eb8832c9a.jpg,Two men are riding a blue and white jet ski .
2856923934_6eb8832c9a.jpg,"Two people are driving a blue jet ski , leaving a trail of water in the air ."
2856923934_6eb8832c9a.jpg,Two people jetskiing on a blue jet ski .
2857609295_16aaa85293.jpg,A dog catching a Frisbee with onlookers in the background .
2857609295_16aaa85293.jpg,A dog jumping to catch a Frisbee while people watch
2857609295_16aaa85293.jpg,A Jack Russel terrier catching a Frisbee in midair .
2857609295_16aaa85293.jpg,a small brown and white dog catching a Frisbee at a competition .
2857609295_16aaa85293.jpg,Dog catching a Frisbee on a field in front of an audience .
2860035355_3fe7a5caa4.jpg,A man looks across a city street at night .
2860035355_3fe7a5caa4.jpg,a man sits in the city at night .
2860035355_3fe7a5caa4.jpg,"An elderly man is standing outside at night , gazing at the street ."
2860035355_3fe7a5caa4.jpg,A photograph taken at night of a street scene and a man looking in the street
2860035355_3fe7a5caa4.jpg,This is a night view of a city street with people and traffic .
2860041212_797afd6ccf.jpg,a black dog has caught a bird in its mouth .
2860041212_797afd6ccf.jpg,A black dog in tall grass with a bird in its mouth .
2860041212_797afd6ccf.jpg,A black dog standing in a field is holding a bird in his mouth .
2860041212_797afd6ccf.jpg,"Black retriever stands in the grass , holding a bird in its mouth ."
2860041212_797afd6ccf.jpg,The black dog in the field has something in its mouth .
2860400846_2c1026a573.jpg,a tan and white dog jumping after a red Frisbee .
2860400846_2c1026a573.jpg,A white dog is running towards the red Frisbee on the grass .
2860400846_2c1026a573.jpg,A white dog jumps above a red Frisbee that is rolling along the surface of a low cut field .
2860400846_2c1026a573.jpg,A white dog wearing a red collar jumps up after a red Frisbee .
2860400846_2c1026a573.jpg,The dog jumps in the air running after the Frisbee .
2860667542_95abec3380.jpg,A big white bird flies out of the water leaving a splash .
2860667542_95abec3380.jpg,a crane flying just above a body of water
2860667542_95abec3380.jpg,A white water bird taking flight from a lake .
2860667542_95abec3380.jpg,"Long-necked , flying white bird grazes water with black legs ."
2860667542_95abec3380.jpg,The white crane is landing in the water .
2861100960_457ceda7fa.jpg,A man wearing a straw hat smokes a cigarette .
2861100960_457ceda7fa.jpg,A man with a straw hat is smoking a cigarette with a crowd nearby .
2861100960_457ceda7fa.jpg,The man in the straw hat is smoking a cigarette .
2861100960_457ceda7fa.jpg,The man in the straw hat smokes a cigarette .
2861100960_457ceda7fa.jpg,The man is wearing a straw hat and smoking a cigarette .
2863180332_372510aa49.jpg,A person on a downhill skateboard .
2863180332_372510aa49.jpg,A person wearing a helmet and red and silver jumpsuit is kneeling on a skateboard .
2863180332_372510aa49.jpg,A person wearing a helmet begins to ride a skateboard down a street hill .
2863180332_372510aa49.jpg,People in helmets racing down the street on skateboards .
2863180332_372510aa49.jpg,People ride skateboards on a road .
2865703567_52de2444f2.jpg,A man is jumping across a gap .
2865703567_52de2444f2.jpg,a man jumping from one building to another closeby
2865703567_52de2444f2.jpg,A man jumps off a large building onto the ground .
2865703567_52de2444f2.jpg,A man jumps off of one rooftop onto another .
2865703567_52de2444f2.jpg,A young man jumps from one balcony to another .
2866529477_7e0c053ebc.jpg,A boy wearing a swimming cap and goggles running through water with another child swimming behind him .
2866529477_7e0c053ebc.jpg,Some swimmers in the water .
2866529477_7e0c053ebc.jpg,Two boys wearing matching blue swim caps swim in a lake .
2866529477_7e0c053ebc.jpg,Two boys with blue swim caps in the murky water .
2866529477_7e0c053ebc.jpg,Young boys wading in blue swim caps .
2867845624_22e4fe0a23.jpg,A black and white dog frolicks in the water .
2867845624_22e4fe0a23.jpg,A black and white dog leaps through the water .
2867845624_22e4fe0a23.jpg,A black-and-white dog running in the water .
2867845624_22e4fe0a23.jpg,A black and white dog runs through the white water at a beach .
2867845624_22e4fe0a23.jpg,the black and white dog is running through the ocean .
2868668723_0741222b23.jpg,A boy is hanging upside down from a tire swing .
2868668723_0741222b23.jpg,a boy is swinging upside-down with his head sticking through a tire .
2868668723_0741222b23.jpg,A child upside down in a horizontal tire swing .
2868668723_0741222b23.jpg,A young boy is hanging head down in a tire swing with gravel beneath it .
2868668723_0741222b23.jpg,"A young boy wearing a grey sweater , blue jeans and boots hangs upside down in a tire swing ."
2870426310_4d59795032.jpg,Three little children in a grassy yard running towards the camera .
2870426310_4d59795032.jpg,Three little kids are playing on a yard .
2870426310_4d59795032.jpg,Three toddlers are running towards the camera in a grassy yard .
2870426310_4d59795032.jpg,Three young children are walking through a grassy yard .
2870426310_4d59795032.jpg,Two little girls and one little boy are running on the grass .
2871962580_b85ce502ba.jpg,A football player in mid stride holding a football .
2871962580_b85ce502ba.jpg,A football player is running with a football .
2871962580_b85ce502ba.jpg,A football player with a football is being pursued by another player .
2871962580_b85ce502ba.jpg,An american footballer in a white strip who is carrying the ball is being pursued by another player in a black strip .
2871962580_b85ce502ba.jpg,One football player holding the ball is chased by another football player from the opposing team
2873252292_ebf23f5f10.jpg,A man on a bicycle rides on a mountain .
2873252292_ebf23f5f10.jpg,A mountain biker makes his way up a grassy path on his red bicycle .
2873252292_ebf23f5f10.jpg,A mountain biker rides up a hill on a red bicycle .
2873252292_ebf23f5f10.jpg,A mountain biker with a backpack crests a ridge .
2873252292_ebf23f5f10.jpg,Someone in a yellow jacket mountain biking on a red bike .
2873445888_8764699246.jpg,A boy in shorts kicks while standing in shallow water .
2873445888_8764699246.jpg,A boy standing in water doing a kick .
2873445888_8764699246.jpg,A boy standing with one leg in water and one leg held up over the surface .
2873445888_8764699246.jpg,A little boy is kicking up his feet in the water .
2873445888_8764699246.jpg,A young boy kicks his leg up while standing in the water .
2875528143_94d9480fdd.jpg,a girl wearing pink bounces on a bed
2875528143_94d9480fdd.jpg,A little girl in a pink leotard is jumping and landing in a straddle split on a blue bed .
2875528143_94d9480fdd.jpg,A young girl jumping with her mouth open .
2875528143_94d9480fdd.jpg,Little girl in a pink Hello Kitty shirt is jumping .
2875528143_94d9480fdd.jpg,The girl in pink does a midair leg splits .
2876848241_63290edfb4.jpg,A motocross rider is on a dirt hill .
2876848241_63290edfb4.jpg,A person is riding a green motorcycle .
2876848241_63290edfb4.jpg,Biker with helmet riding a green dirt bike midair .
2876848241_63290edfb4.jpg,Green motorcycle moving fast down dirt path .
2876848241_63290edfb4.jpg,Motorcycle rider going over a bump .
2877159456_ea4a46b0d2.jpg,A man and a woman with three bikes and a silver car .
2877159456_ea4a46b0d2.jpg,A man and woman with bicycles stand by a silver car .
2877159456_ea4a46b0d2.jpg,"A man , woman and three bicycles are resting by a silver car ."
2877159456_ea4a46b0d2.jpg,Two bicyclists stand by a silver car with three bikes .
2877159456_ea4a46b0d2.jpg,Two bike riders standing with 3 bikes parked at the car .
2883099128_0b056eed9e.jpg,A man swings his racket at a tennis ball .
2883099128_0b056eed9e.jpg,A man with no shirt is playing tennis .
2883099128_0b056eed9e.jpg,A man without a shirt playing tennis .
2883099128_0b056eed9e.jpg,A shirtless man is getting ready to hit a tennis ball .
2883099128_0b056eed9e.jpg,A shirtless man playing tennis in an fenced-in area .
2886411666_72d8b12ce4.jpg,"a black , brown and white dog is running beside a green fence in a grassy garden ."
2886411666_72d8b12ce4.jpg,A dog is galloping through the grass .
2886411666_72d8b12ce4.jpg,"A dog runs through a lush , green lawn ."
2886411666_72d8b12ce4.jpg,A tri-colored dog is running on the green grass .
2886411666_72d8b12ce4.jpg,Dog running through grass in fenced in area .
288880576_818b6ecfef.jpg,A climber approaches the top of a cliff high above the surrounding terrain .
288880576_818b6ecfef.jpg,A climber is hanging on a rocky ledge high over a bridge .
288880576_818b6ecfef.jpg,A man is climbing a cliff high in the air .
288880576_818b6ecfef.jpg,A man is scaling a large cliff
288880576_818b6ecfef.jpg,"A mountain climber nears the top of a steep , high rock face ."
2892413015_5ecd9d972a.jpg,A little blonde girl going up a hill .
2892413015_5ecd9d972a.jpg,A little girl in a green shirt and pink shorts is running up a grassy hill near a pavilion .
2892413015_5ecd9d972a.jpg,A young girl is walking up a steep grassy hill .
2892413015_5ecd9d972a.jpg,The child in the green shirt is running up the hill with a picnic table behind her .
2892413015_5ecd9d972a.jpg,The little blond haired child is walking up the slope .
2892992529_f3335d0a71.jpg,A black and white dog with a Frisbee in his mouth on his hind legs
2892992529_f3335d0a71.jpg,A black dog catches a Frisbee at a park .
2892992529_f3335d0a71.jpg,A black dog with an orange bandanna catches a white Frisbee .
2892992529_f3335d0a71.jpg,A large black and white dog is catching a Frisbee in the park with a crowd of people behind him .
2892992529_f3335d0a71.jpg,Dog catching the Frisbee .
2894229082_ddc395f138.jpg,A child with a pink hat and a white and pink shirt standing in grass .
2894229082_ddc395f138.jpg,A little girl in a football jersy and pink snow hat is standing on a football field .
2894229082_ddc395f138.jpg,"A small child wearing a pink hat , bluejeans , and white shirt standing in a grass field ."
2894229082_ddc395f138.jpg,A young girl wearing a pink hat stands on a grassy field .
2894229082_ddc395f138.jpg,A young girl with a pink hat on with a yellow building in the background .
2894850774_2d530040a1.jpg,Two elderly women can be seen from a car talking next to a wall .
2894850774_2d530040a1.jpg,Two gray-haired women holding bags talk on the sidewalk near a road .
2894850774_2d530040a1.jpg,Two older women conversing near a wall as seen from the driver 's seat of a parked vehicle .
2894850774_2d530040a1.jpg,Two older women stand outdoors with their bags and talk .
2894850774_2d530040a1.jpg,Two women carrying bags stand outside next to a wall .
289599470_cc665e2dfb.jpg,A black haired girl is eating corn on the cob .
289599470_cc665e2dfb.jpg,A man is eating a piece of corn on the cob .
289599470_cc665e2dfb.jpg,A man is nibbling on an ear of corn
289599470_cc665e2dfb.jpg,A person with dark hair is eating a very large ear of corn .
289599470_cc665e2dfb.jpg,The child with black hair is eating corn on the cob .
2896668718_0c3cff910f.jpg,One football player wearing an orange jersey and one wearing a white jersey are set at the starting line .
2896668718_0c3cff910f.jpg,Two college football players about to face off .
2896668718_0c3cff910f.jpg,Two football players are getting ready to tackle each other
2896668718_0c3cff910f.jpg,"Two football players , one in an orange jersey and one in a white jersey , play on the field ."
2896668718_0c3cff910f.jpg,Two rival football players head to head .
2899374885_f3b2b1a290.jpg,A baby reaching into a water fountain .
2899374885_f3b2b1a290.jpg,A baby sticking out his tonge while looking at a spraying water fountain .
2899374885_f3b2b1a290.jpg,A baby trying to catch water from a fountain in his mouth
2899374885_f3b2b1a290.jpg,A small boy is playing at a water fountain
2899374885_f3b2b1a290.jpg,A toddler plays in a water fountain with his mouth open and ready for a drink .
2899501488_90d5da5474.jpg,Motorcycle racers take a sharp turn .
2899501488_90d5da5474.jpg,Motorcyclists racing on a track .
2899501488_90d5da5474.jpg,People on motorbikes are coming around a turn .
2899501488_90d5da5474.jpg,Riders on colorful motorcycles lean into a turn on a racetrack .
2899501488_90d5da5474.jpg,The motorcyclists all turn together in the race .
2902844125_4186bf3ab6.jpg,A boy performs a trick on his skateboard on a rail .
2902844125_4186bf3ab6.jpg,a skateboarder grinds a red rail .
2902844125_4186bf3ab6.jpg,A teenage boy grinds across a bar on his skateboard .
2902844125_4186bf3ab6.jpg,A young man skateboards off a pink railing .
2902844125_4186bf3ab6.jpg,The boy in the yellow shirt is riding a skateboard along a red bar .
2904601886_39e9d317b1.jpg,"prarie dogs that are spotted with , brown black and white"
2904601886_39e9d317b1.jpg,A group of coyotes look away from the camera while standing in a dry field .
2904601886_39e9d317b1.jpg,Four dogs are standing in a dry grassy field .
2904601886_39e9d317b1.jpg,Four multicolored dog like animals in a dryed grass field .
2904601886_39e9d317b1.jpg,Four wild dogs in a dry field .
2904997007_23d4b94101.jpg,A child leaping toward a red bed .
2904997007_23d4b94101.jpg,A little boy jumps high off his bed .
2904997007_23d4b94101.jpg,A little boy jumps off of a bunk bed onto another bed .
2904997007_23d4b94101.jpg,A small boy jumps from a bunk bed onto a single bed .
2904997007_23d4b94101.jpg,a young boy jumping from a bunk bed on a smaller bed .
2905942129_2b4bf59bc0.jpg,"A couple of smiling little boys ride together in a plastic chair-swing , one on the other 's lap ."
2905942129_2b4bf59bc0.jpg,Children swinging on a blue swing in the park .
2905942129_2b4bf59bc0.jpg,The two children swinging together on a swing .
2905942129_2b4bf59bc0.jpg,Two little kids laugh on a blue swing .
2905942129_2b4bf59bc0.jpg,"Two smiling , small children , one child holding the other on a swing ."
2909609550_070eea49b5.jpg,A dog staring at the end of an ice cream cone .
2909609550_070eea49b5.jpg,A shaggy white dog eyes the remaining part of an ice cream cone .
2909609550_070eea49b5.jpg,A white shaggy dog wants a bite of its owners ice cream cone .
2909609550_070eea49b5.jpg,Dog looking at food being held by person .
2909609550_070eea49b5.jpg,The shaggy dog is looking at the last of an ice cream cone .
2913207978_9e9624e249.jpg,An Asian woman holding a fan watches traffic go by .
2913207978_9e9624e249.jpg,An Asian woman in a misspelled t-shirt fans herself in the mid-afternoon sun while waiting for a bus in the city .
2913207978_9e9624e249.jpg,A woman in a white shirt standing beside a road fanning herself .
2913207978_9e9624e249.jpg,A woman waits at the side of a busy road holding a fan .
2913207978_9e9624e249.jpg,A woman with a fan near the street .
2919459517_b8b858afa3.jpg,A cyclist wearing blue and yellow riding past trees .
2919459517_b8b858afa3.jpg,a lone bicyclist wearing a helmet racing in a race .
2919459517_b8b858afa3.jpg,A man in blue rides a bike in a race in the forest .
2919459517_b8b858afa3.jpg,Man with blue and yellow shirt rides bike .
2919459517_b8b858afa3.jpg,The man is riding a bicycle through the forest .
2921094201_2ed70a7963.jpg,"A man sits in an airplane seat holding a young girl in his arms , surrounded by other passengers ."
2921094201_2ed70a7963.jpg,A small girl wearing pink sleeps on a man 's lap as they ride in an airplane .
2921094201_2ed70a7963.jpg,A young girl falls asleep in her father 's arms while seated on an airplane .
2921094201_2ed70a7963.jpg,Little girl sleeping in crowded airplane
2921094201_2ed70a7963.jpg,Young girl wearing a pink sweater sitting on a man .
2921112724_5cb85d7413.jpg,A man riding a three wheeled vehicle topples over .
2921112724_5cb85d7413.jpg,A person on a tricycle .
2921112724_5cb85d7413.jpg,I man is riding a 3 wheeled pedal bike and is airborne .
2921112724_5cb85d7413.jpg,Person in a 3-wheeler driving on 2 wheels .
2921112724_5cb85d7413.jpg,Someone is riding a three-wheeled vehicle throught a sandy playground .
2922973230_5a769ef92a.jpg,A female walking through grass .
2922973230_5a769ef92a.jpg,A girl going towards a heard of sheep .
2922973230_5a769ef92a.jpg,A girl walks toward a herd of sheep in the distance .
2922973230_5a769ef92a.jpg,A girl walks towards some sheep in a grassy valley .
2922973230_5a769ef92a.jpg,a woman walks to the cows .
2923497185_c64004ff2d.jpg,a brown and white dog is running through a white marker in a grassy field .
2923497185_c64004ff2d.jpg,A brown and white dog runs through an obstacle .
2923497185_c64004ff2d.jpg,A brown dog is running between two grey poles that are very close together .
2923497185_c64004ff2d.jpg,An Australian Shepherd dog runs through an obstacle .
2923497185_c64004ff2d.jpg,Long-haired dog moves quickly beneath two poles .
2923825744_ca125353f0.jpg,A football player is running with the ball .
2923825744_ca125353f0.jpg,A football player running with football under his arm .
2923825744_ca125353f0.jpg,A man in a football uniform is running with a football during a game .
2923825744_ca125353f0.jpg,One man in a blue jersey is running holding a football
2923825744_ca125353f0.jpg,The football player in black runs with the football .
2924483864_cfdb900a13.jpg,A dog wearing the number 8 leads in a dog race .
2924483864_cfdb900a13.jpg,A greyhound with a yellow and black stripped jacked with a red number 8 on it is running on a track
2924483864_cfdb900a13.jpg,Muzzled greyhounds are racing along a dog track .
2924483864_cfdb900a13.jpg,Three greyhounds are in a dog race at the track .
2924483864_cfdb900a13.jpg,White dog with yellow and black # 8 jacket in front of pack of dogs in race
2924870944_90ff9eca1a.jpg,"A brown dog bolts towards the camera , with his tongue out and mouth open ."
2924870944_90ff9eca1a.jpg,A brown dog runs over a dirt and grass background .
2924870944_90ff9eca1a.jpg,a dog running towards the camera
2924870944_90ff9eca1a.jpg,A dog with its tongue out of its mouth .
2924870944_90ff9eca1a.jpg,The brown dog is running along a grassy pathway .
2926595608_69b22be8d4.jpg,A group of basketball players wearing yellow and green reach for a ball .
2926595608_69b22be8d4.jpg,Basketball players shoot for a goal during a game .
2926595608_69b22be8d4.jpg,Four men jumping in a basketball game
2926595608_69b22be8d4.jpg,In this picture all men from both basketball teams with red and green jerseys are jumping .
2926595608_69b22be8d4.jpg,The man on the yellow basketball team tries to score while the men on the opposing team try to block his shot .
2926786902_815a99a154.jpg,A skier in a yellow jacket is airborne above the mountains .
2926786902_815a99a154.jpg,A skier jumps high in the air with a view of the mountains .
2926786902_815a99a154.jpg,A skiing man in a fluorescent jacket jumps very high and it looks as though he is flying .
2926786902_815a99a154.jpg,Somone is high in the air doing a ski jump .
2926786902_815a99a154.jpg,The skier in the green jacket and white pants appears to almost fly into the sky .
292780636_72e1968949.jpg,A man in a black coat and hat sits by an old building .
292780636_72e1968949.jpg,A man with a black hat sits against a brick building .
292780636_72e1968949.jpg,An old man in a black coat and hat leans against a brick building .
292780636_72e1968949.jpg,Old man in black coat and hat sitting against brick building .
292780636_72e1968949.jpg,White haired man in black hat and coat sitting against brick wall .
2928152792_b16c73434a.jpg,A boy in a green soccer outfit hangs from a machine .
2928152792_b16c73434a.jpg,A boy in a green soccer uniform hangs upside down from a farm vehicle .
2928152792_b16c73434a.jpg,A child hanging from a hay bale loader .
2928152792_b16c73434a.jpg,A young boy is tilted over on a cart smiling at the camera
2928152792_b16c73434a.jpg,The girl is hanging off of the tractor equipment .
2929405404_1dff5ab847.jpg,A man rides a motorcycle on a track .
2929405404_1dff5ab847.jpg,A motorcycle racer is producing sparks by leaning during a turn .
2929405404_1dff5ab847.jpg,A motorcyclist is turning a sharp corner on his red motorbike and is scraping it on the road .
2929405404_1dff5ab847.jpg,A motorcyclist making a sharp turn .
2929405404_1dff5ab847.jpg,The motorcycle rider makes sparks as he leans in for a turn .
2931950813_93145c4746.jpg,A boy is posing next to his scooter .
2931950813_93145c4746.jpg,A boy stands on a scooter in an abandoned boardwalk .
2931950813_93145c4746.jpg,A boy wearing a white top is resting on his scooter beside a concrete post .
2931950813_93145c4746.jpg,A small boy on a blue scooter in an urban setting is pointing a finger at the viewer .
2931950813_93145c4746.jpg,The little boy stands next to his scooter .
2932498509_27cb0038ec.jpg,Two boys splashing each other in the ocean .
2932498509_27cb0038ec.jpg,Two boys splashing in the surf .
2932498509_27cb0038ec.jpg,Two boys splash in the big ocean .
2932498509_27cb0038ec.jpg,Two children splashing in the ocean .
2932498509_27cb0038ec.jpg,Two shirtless young people playing in the water .
2933637854_984614e18b.jpg,a football player wearing an orange jersey holding a football
2933637854_984614e18b.jpg,A football player wearing an orange uniform smiling and holding the football .
2933637854_984614e18b.jpg,"A man in an orange jersey with the letter "" 12 "" on it plays football ."
2933637854_984614e18b.jpg,A University of Miami player holds a football .
2933637854_984614e18b.jpg,Number 12 in orange gets ready to throw the football .
2933643390_1c6086684b.jpg,football players wearing orange uniforms are tackling a player in a white uniform
2933643390_1c6086684b.jpg,A tackle in a football game .
2933643390_1c6086684b.jpg,Three footballers in a tackle .
2933643390_1c6086684b.jpg,Three men are involved in a football game are tackling each other .
2933643390_1c6086684b.jpg,two players take down the player with the ball in a football game
2934022873_3fdd69aee4.jpg,A group of downhill skateboards going down a hill .
2934022873_3fdd69aee4.jpg,A man in a white helmet crouches while he skateboards .
2934022873_3fdd69aee4.jpg,Two downhill skateboarders round a curve while others watch .
2934022873_3fdd69aee4.jpg,Two skateboarders wearing helmets are going around a turn .
2934022873_3fdd69aee4.jpg,two skateboarders wearing their helmets riding down a street .
2934325103_e9b8d7430f.jpg,A biker rides on a dirt road .
2934325103_e9b8d7430f.jpg,A person on a bmx bike .
2934325103_e9b8d7430f.jpg,A person on a BMX bike is riding on an outdoor course .
2934325103_e9b8d7430f.jpg,A person rides his mountain bike down a dirt road very fast .
2934325103_e9b8d7430f.jpg,Dirt bike rider jumping down the hill .
2934379210_4e399e3cac.jpg,A boy in a red shirt and jean shorts jumping off a swing .
2934379210_4e399e3cac.jpg,A boy is jumping off a swing
2934379210_4e399e3cac.jpg,A boy is jumping off of a swing .
2934379210_4e399e3cac.jpg,a boy jumps off a swing .
2934379210_4e399e3cac.jpg,A boy jumps off a swing with his legs apart .
2937942758_712be5c610.jpg,A person is standing near a row of identical red and white bicycles .
2937942758_712be5c610.jpg,A woman is standing outside near many bicycles .
2937942758_712be5c610.jpg,A woman standing near a bike rack .
2937942758_712be5c610.jpg,A woman stands near a row of identical red bicycles .
2937942758_712be5c610.jpg,There is a row of red and white bikes all in a bike rack .
293879742_5fe0ffd894.jpg,A brown dog is jumping over a fence and another dog is chasing it .
293879742_5fe0ffd894.jpg,A brown dog jumps over a wire fence and another dog follows him .
293879742_5fe0ffd894.jpg,A dog jumping off a fence and another dog on the grass in the background .
293879742_5fe0ffd894.jpg,A dog jumping over a gate followed by another dog .
293879742_5fe0ffd894.jpg,A small tan dog is jumping over a chain linked fence .
2939475047_84585ea45c.jpg,a football running back getting tackled
2939475047_84585ea45c.jpg,"Football player tackles a player who has the ball , as a third player watches ."
2939475047_84585ea45c.jpg,One football player attempts to get the ball from another football player who is running .
2939475047_84585ea45c.jpg,The American footballer in brown is tackling the player in whit who is running with the ball .
2939475047_84585ea45c.jpg,This is a football game in progress .
2940594396_20c40947b0.jpg,A disabled athlete is competing with his sponsored gear along a street lined with spectators .
2940594396_20c40947b0.jpg,A man riding on a three-wheeled wheelchair .
2940594396_20c40947b0.jpg,A man with a helmet is racing a three wheeled bicycle .
2940594396_20c40947b0.jpg,A man with no legs is in a race with his wheelchair .
2940594396_20c40947b0.jpg,The handicapped biker uses his arms to move his yellow sports bike .
2942311160_a154104c62.jpg,A blue buggy is driving across the sand dunes .
2942311160_a154104c62.jpg,A blue go cart in the dirt pointing downhill .
2942311160_a154104c62.jpg,A dune buggy goes down a hill .
2942311160_a154104c62.jpg,A dune buggy going down a sandy hill .
2942311160_a154104c62.jpg,A dune buggy traveling on sand .
2943384009_c8cf749181.jpg,A black and white motorcycle is being ridden around a racetrack .
2943384009_c8cf749181.jpg,A man on a motorcycle is racing on a track .
2943384009_c8cf749181.jpg,A motorcycle racer speeds down a track .
2943384009_c8cf749181.jpg,"A orange , white , and black motorcyclist racing ."
2943384009_c8cf749181.jpg,A professional motor racer in motion .
2946016853_ceca4f5a07.jpg,"A dog rounds a corner with his tail up , after exiting a yellow and orange tube ."
2946016853_ceca4f5a07.jpg,a husky dog running through a yellow tunnel at an obstacle course .
2946016853_ceca4f5a07.jpg,A large white and grey dog runs through a yellow tunnel in an obstacle course .
2946016853_ceca4f5a07.jpg,A white and black dog is running out of a yellow and orange tube .
2946016853_ceca4f5a07.jpg,A white and black dog rushes out of an orange tunnel .
2952141476_fc9a48a60a.jpg,A man floating in the ocean .
2952141476_fc9a48a60a.jpg,A man has jumped from a surfboard up into the air .
2952141476_fc9a48a60a.jpg,A person above their surfboard on the water .
2952141476_fc9a48a60a.jpg,A person is out in the water at the beach while the sun sets .
2952141476_fc9a48a60a.jpg,The surfer lost his board and is about to fall into the sea .
2952320230_26601173be.jpg,A female tennis player swings for the ball .
2952320230_26601173be.jpg,A woman intensely playing tennis in an all-white outfit .
2952320230_26601173be.jpg,A woman swinging a tennis racket on the court .
2952320230_26601173be.jpg,The tennis player dressed in white swings the racket .
2952320230_26601173be.jpg,The woman is dressed in all white swinging a tennis racket .
2953861572_d654d9b6f2.jpg,a black dog with a blue tag running on a beach
2953861572_d654d9b6f2.jpg,A brown dog runs down the sandy beach .
2953861572_d654d9b6f2.jpg,A brown dog runs in the sand .
2953861572_d654d9b6f2.jpg,Black dog running across sand .
2953861572_d654d9b6f2.jpg,The brown dog is running across the sand .
2955099064_1815b00825.jpg,A group of men struggle to catch the ball in the air .
2955099064_1815b00825.jpg,Three men react as a football flies overhead .
2955099064_1815b00825.jpg,three men with football in air
2955099064_1815b00825.jpg,Three men wrestle for a soccer ball .
2955099064_1815b00825.jpg,Three rugby players grab for the ball .
2957071266_1b40ec7d96.jpg,a black and a cream dog run through a field in front of a blue house
2957071266_1b40ec7d96.jpg,A black dog and a white dog run across a field behind a house .
2957071266_1b40ec7d96.jpg,Two dogs running in a field in front of a house .
2957071266_1b40ec7d96.jpg,Two dogs together in a field of grass within sight of a beautiful home .
2957071266_1b40ec7d96.jpg,Two large dogs are running off together through the field .
295729735_8360f2e64c.jpg,A boy and woman sitting on a passenger train
295729735_8360f2e64c.jpg,A woman and a boy sitting on a bus .
295729735_8360f2e64c.jpg,People sitting on seats by orange pole
295729735_8360f2e64c.jpg,Two people in a subway train separated by a seat
295729735_8360f2e64c.jpg,Two people ride the train .
2960759328_2d31e4af9b.jpg,Men on horses in the rodeo try to rope in a bull .
2960759328_2d31e4af9b.jpg,There is a cowboy in a rodeo trying to lasso a calf .
2960759328_2d31e4af9b.jpg,Two cowboys on horses chase a young cow with lassos ' .
2960759328_2d31e4af9b.jpg,Two cowboys riding horses attempt to rope a small cow .
2960759328_2d31e4af9b.jpg,Two men on horses are trying to lasso a bull .
2966552760_e65b22cd26.jpg,A child in a red shirt is sitting against a wall with a map while eating .
2966552760_e65b22cd26.jpg,A little girl eats an apple and sits in front of a map of the world .
2966552760_e65b22cd26.jpg,A smiling child sits against a wall on a blanket and eats a snack .
2966552760_e65b22cd26.jpg,A young child sits on the floor and leans against a map to eat .
2966552760_e65b22cd26.jpg,little girl sitting down eating ice cream
2967549094_d32422eb01.jpg,a man inside of a white subway train
2967549094_d32422eb01.jpg,A man sits by a window on a train .
2967549094_d32422eb01.jpg,A man sits by the window in a train .
2967549094_d32422eb01.jpg,A man sits in the window of a train .
2967549094_d32422eb01.jpg,"The side of a subway cart , with one man in the window ."
2968182121_b3b491df85.jpg,A brown number six race dog is slightly behind a black race dog on a track .
2968182121_b3b491df85.jpg,two dogs race across the track .
2968182121_b3b491df85.jpg,Two greyhounds race .
2968182121_b3b491df85.jpg,two muzzled greyhound dogs running around a track
2968182121_b3b491df85.jpg,Two muzzled racing dogs running along track .
2968216482_ede65b20a8.jpg,A biker patiently waits as his friend bikes ahead of him .
2968216482_ede65b20a8.jpg,A man in a leather outfit prepares to ride a motorcycle .
2968216482_ede65b20a8.jpg,One motorcyclist speeds away from a parked motorcyclist along a drag strip .
2968216482_ede65b20a8.jpg,Two men on motorcycles are driving down an empty street .
2968216482_ede65b20a8.jpg,Two people in black leather ride motorcycles .
2968693931_52d161b8e7.jpg,A kid skateboards down railings of a large set of stairs .
2968693931_52d161b8e7.jpg,An inline skater is grinding down a long rail .
2968693931_52d161b8e7.jpg,A skateboarder in midair above a large staircase and handrail .
2968693931_52d161b8e7.jpg,A teenage boy does tricks jumping across a railing .
2968693931_52d161b8e7.jpg,Skater rides skateboard down a long stair railing
2969380952_9f1eb7f93b.jpg,A few men sprint across the grass in competition with one another .
2969380952_9f1eb7f93b.jpg,A man in a grey shirt is winning a race in the grass .
2969380952_9f1eb7f93b.jpg,A man leads the way in a race .
2969380952_9f1eb7f93b.jpg,People running a race and the guy in grey is in the lead .
2969380952_9f1eb7f93b.jpg,Two men running outside in a competition .
2970067128_8842ab3603.jpg,A person on a bike jumping over a bench in the park .
2970067128_8842ab3603.jpg,"A person on a bmx bike , leaping onto a bench ."
2970067128_8842ab3603.jpg,A person performing tricks on a bicycle in a skate park .
2970067128_8842ab3603.jpg,A person riding a bicycle going over a raised platform .
2970067128_8842ab3603.jpg,Jumping a bicycle onto a park bench .
2976537455_f3988c2d46.jpg,A hockey player in red untangles from a player in white as he goes for the puck .
2976537455_f3988c2d46.jpg,Two hockey players almost fall on the ice during a scuffle .
2976537455_f3988c2d46.jpg,Two hockey players compete on the ice .
2976537455_f3988c2d46.jpg,Two hockey players fighting on the ice .
2976537455_f3988c2d46.jpg,Two hockey players in a struggle on the ice .
297724467_e8918a6f90.jpg,A brown dog standing on a beach next to a blue Frisbee .
297724467_e8918a6f90.jpg,A dog shaking itself dry next to a blue Frisbee near to a body of water .
297724467_e8918a6f90.jpg,A dog shaking off water after playing in the water with a Frisbee .
297724467_e8918a6f90.jpg,The brown dog is shaking itself off .
297724467_e8918a6f90.jpg,Wet dog shaking off water on beach
2978236380_fb24c43f1e.jpg,A man playing guitar sings into a microphone .
2978236380_fb24c43f1e.jpg,A man plays guitar and sings into a microphone .
2978236380_fb24c43f1e.jpg,An older man is playing a guitar and singing into a microphone .
2978236380_fb24c43f1e.jpg,Hawaiian man singing into a red microphone .
2978236380_fb24c43f1e.jpg,The Hawaiian singer belts out a tune .
2978735290_7464b12270.jpg,a boy jumps on another boy .
2978735290_7464b12270.jpg,A boy makes a jumping dive toward another boy with a soccer ball near .
2978735290_7464b12270.jpg,A little boy in the air above another boy on the ground where a soccer ball lies at his feet with the soccer net behind them .
2978735290_7464b12270.jpg,The boy jumps onto his soccer player brother .
2978735290_7464b12270.jpg,"Two children are playing , one is jumping in the air ."
2985679744_75a7102aab.jpg,A bearded man on a train
2985679744_75a7102aab.jpg,A man is sitting on a train resting his hand against his face .
2985679744_75a7102aab.jpg,A man sitting on a subway .
2985679744_75a7102aab.jpg,A man sitting on a subway looking at the camera .
2985679744_75a7102aab.jpg,A man sitting on public transportation .
2986280913_13fb2d472e.jpg,A boy and a dog running on grass
2986280913_13fb2d472e.jpg,A boy dressed in green running with a brown and white dog in a green field .
2986280913_13fb2d472e.jpg,A child and small dog running .
2986280913_13fb2d472e.jpg,A white dog and green shirted child running in the grass .
2986280913_13fb2d472e.jpg,Boy and white dog running in grassy field
2987576188_f82304f394.jpg,A group of people are walking in single file at an exhibit .
2987576188_f82304f394.jpg,several people walking next to a concrete building with many archways
2987576188_f82304f394.jpg,Students are going to class at a university
2987576188_f82304f394.jpg,The five people are standing under three tan arches .
2987576188_f82304f394.jpg,These six people are walking outside a building with columns .
298920219_9a3f80acc5.jpg,A black dog and a goose swim in the water .
298920219_9a3f80acc5.jpg,a dog and a redheaded bird are swimming in the water
298920219_9a3f80acc5.jpg,The black dog is swimming in a lake with a white duck .
298920219_9a3f80acc5.jpg,The white duck is swimming with a black dog
298920219_9a3f80acc5.jpg,White duck with red face swimming
2990977776_1ec51c9281.jpg,A boy is doing a stunt with his skateboard .
2990977776_1ec51c9281.jpg,A boy jumping a rail on his skateboard .
2990977776_1ec51c9281.jpg,A boy skateboarding .
2990977776_1ec51c9281.jpg,A young boy wearing a black shirt and brown pants practices jumping over a low bar on a skateboard .
2990977776_1ec51c9281.jpg,boy doing tricks on a skateboard
2991993027_36ac04e9a0.jpg,A group of people dressed as zombies .
2991993027_36ac04e9a0.jpg,A large group of people with facepaint on gather outside .
2991993027_36ac04e9a0.jpg,Everybody is dressed as a zombie at this party .
2991993027_36ac04e9a0.jpg,Many people have painted faces at night .
2991993027_36ac04e9a0.jpg,people dressed up in zombie costumes are standing around .
2992614450_b5a6692239.jpg,A bicyclist is jumping a horizontal wooden structure with countryside in front of him .
2992614450_b5a6692239.jpg,A dirt bike in midair
2992614450_b5a6692239.jpg,A man on a motorbike in midair
2992614450_b5a6692239.jpg,A person is in the air on a contraption that resembles a bicycle .
2992614450_b5a6692239.jpg,"Someone on a dirt bike , high in the air , near a building ."
2992999413_018f48aabc.jpg,a boy visits a Amish community .
2992999413_018f48aabc.jpg,A group of Amish people are standing outside of a church .
2992999413_018f48aabc.jpg,A group of people waiting to go into a white building .
2992999413_018f48aabc.jpg,"Amish looking people are outside a building , standing near a tree ."
2992999413_018f48aabc.jpg,A religious sect gathered together .
2993049054_611f900644.jpg,A man is wearing a black mask and black clothing in a social setting .
2993049054_611f900644.jpg,A person wearing a mask .
2993049054_611f900644.jpg,a single man wear a black mask with several people in the background
2993049054_611f900644.jpg,Man dressed in black wearing elaborate black mask
2993049054_611f900644.jpg,Man with mask on raises hand .
2998945968_86f236d1e8.jpg,A group of cyclists race uphill on foot with their bikes on their shoulders .
2998945968_86f236d1e8.jpg,Bicyclists are carrying their bicycles up a hill .
2998945968_86f236d1e8.jpg,Cyclists are carrying their bicycles up a steep grassy hill .
2998945968_86f236d1e8.jpg,people carry their bikes up the hill .
2998945968_86f236d1e8.jpg,Several bicyclers are carrying their bikes up a grassy hill .
3004290523_d1319dfdb4.jpg,A man in a cast uses a camcorder while another man watches him .
3004290523_d1319dfdb4.jpg,A man makes a video while another watches .
3004290523_d1319dfdb4.jpg,A man with a cast films some video while another man smiles .
3004290523_d1319dfdb4.jpg,A man with a cast is using a camcorder to record an enjoyable event .
3004290523_d1319dfdb4.jpg,A man with an arm cast films something on video while another man is looking at the camera .
3004291289_c4892898ae.jpg,a blonde haired girl in an Obama t-shirt is smiling at the camera .
3004291289_c4892898ae.jpg,A girl with long hair wearing an Obama t-shirt .
3004291289_c4892898ae.jpg,a woman wearing a t-shirt that says Obama
3004291289_c4892898ae.jpg,"A young women wears an "" Obama "" t-shirt ."
3004291289_c4892898ae.jpg,Woman in Obama t-shirt smiling .
3004359992_f6b3617706.jpg,A group of girls in cheerleader clothing tosses another girl into the air with an athletic field in the background .
3004359992_f6b3617706.jpg,"A group of young women , one up in the air ."
3004359992_f6b3617706.jpg,Cheerleaders throw girl in air .
3004359992_f6b3617706.jpg,Five girls cheerleading .
3004359992_f6b3617706.jpg,The cheerleaders toss their fellow member in the air .
300550441_f44ec3701a.jpg,A woman in a skirt walks down a path .
300550441_f44ec3701a.jpg,a woman walks on boards .
300550441_f44ec3701a.jpg,A woman with a scarf on her head walks down a wooden boardwalk .
300550441_f44ec3701a.jpg,Several people in a park walking on a low wooden boardwalk .
300550441_f44ec3701a.jpg,The woman wearing the brown skirt is carrying a black bag along a wooden walkway .
300922408_05a4f9938c.jpg,"A black man and a large , golden dog are on the beach ."
300922408_05a4f9938c.jpg,A black man and his dog on the beach .
300922408_05a4f9938c.jpg,A man kneels in the wet sand at a beach near a dog .
300922408_05a4f9938c.jpg,A man playing with his brown dog on the beach .
300922408_05a4f9938c.jpg,Man and dog standing on the beach .
3009383694_e045c6169e.jpg,A man is bungee jumping from a platform whilst being watched by someone above him .
3009383694_e045c6169e.jpg,A man is in freefall from a point at which others are observing .
3009383694_e045c6169e.jpg,A person bungee jumping with the coordinator watching from above .
3009383694_e045c6169e.jpg,A view from below of a man bungee jumping
3009383694_e045c6169e.jpg,This man is bungee jumping .
3009644534_992e9ea2a7.jpg,a closeup photo of a small dog with a holey ball in his mouth .
3009644534_992e9ea2a7.jpg,A dog carrying a white ball .
3009644534_992e9ea2a7.jpg,A dog fetches a ball in a field .
3009644534_992e9ea2a7.jpg,A dog trots with a ball in its mouth .
3009644534_992e9ea2a7.jpg,The dog is carrying a whiffle ball outside
3014773357_f66bd09290.jpg,A swan unfurling his wings over the water with a second swan in the background .
3014773357_f66bd09290.jpg,Two geese in dark blue water one goose has wings outstreached the other is starting a dive .
3014773357_f66bd09290.jpg,"Two swans are in the water , the one in front is flapping its wings ."
3014773357_f66bd09290.jpg,two white geese on the surface of the ocean
3014773357_f66bd09290.jpg,Two white swans on the water .
3015898903_70bebb8903.jpg,A man and 2 women in dark clothing .
3015898903_70bebb8903.jpg,Man with red marks around mouth standing with two women who are wearing black .
3015898903_70bebb8903.jpg,Three people wear a lot of makeup and stand together .
3015898903_70bebb8903.jpg,Two women in Gothic makeup are posing next to a man in a leather jacket and red scarf .
3015898903_70bebb8903.jpg,"Young man with red stains on face , with two women , posing in black clothing ."
3016651969_746bd36e68.jpg,Movers getting furniture through a window on the second floor and amused passers by .
3016651969_746bd36e68.jpg,People are pulling something out of a second story window
3016651969_746bd36e68.jpg,People are walking on a street outside of a building .
3016651969_746bd36e68.jpg,People holding onto ropes while trying to get something through a window on the second floor .
3016651969_746bd36e68.jpg,People move furniture through the second-story window of a building using ropes and pulleys .
3016708786_3591106cca.jpg,A group of young men wrestle with each other wielding a floppy toy sword .
3016708786_3591106cca.jpg,Teenagers are playing with a toy sword .
3016708786_3591106cca.jpg,The three people are playing around with a fake knife .
3016708786_3591106cca.jpg,Three men with mouths open and one is holding a fake sword
3016708786_3591106cca.jpg,Two young men pretend to attack a third man with a colorful prop knife .
3019857541_3de3e24f54.jpg,A brown dog leaps in the air over colorful leafs
3019857541_3de3e24f54.jpg,A dog is jumping in the air over some leaves .
3019857541_3de3e24f54.jpg,A dog is running through a backyard full of leaves .
3019857541_3de3e24f54.jpg,A dog knocking over potted plants in a yard covered in leaves .
3019857541_3de3e24f54.jpg,The small brown dog is amidst the potted plants and fallen leaves .
3023178539_836b50cd43.jpg,The boys dressed in athletic wear perform exercises on the grass .
3023178539_836b50cd43.jpg,Two boys are running around a field .
3023178539_836b50cd43.jpg,Two men are running side by side in a field .
3023178539_836b50cd43.jpg,Two men run across a field near a parking lot
3023178539_836b50cd43.jpg,two teenagers playing ultimate Frisbee
3027009366_c8362521e8.jpg,A group of men play soccer on the field .
3027009366_c8362521e8.jpg,A man in a red uniform leaps in the air as one in a white uniform tries to kick a ball .
3027009366_c8362521e8.jpg,"During a soccer game , one man is in the air while another has one foot down ."
3027009366_c8362521e8.jpg,The soccer player in white is challenging the player in red for the ball in midair .
3027009366_c8362521e8.jpg,"Two soccer teams are playing , one is in white the other in red ."
3028404926_2bd27e3e83.jpg,A boy turns a handcrank in a courtyard .
3028404926_2bd27e3e83.jpg,A child turning a crank with benches behind him .
3028404926_2bd27e3e83.jpg,A young boy is standing on a gray tiled area .
3028404926_2bd27e3e83.jpg,A young boy standing in a courtyard turning a crank .
3028404926_2bd27e3e83.jpg,Young boy turning a crank in the street .
3029463004_c2d2c8f404.jpg,A male surfer is on his stomach and riding a wave .
3029463004_c2d2c8f404.jpg,A man on a blue surfboard is on a wave .
3029463004_c2d2c8f404.jpg,A surfboarder prepares to catch a wave .
3029463004_c2d2c8f404.jpg,A surfer rides the waves .
3029463004_c2d2c8f404.jpg,Person riding wave on stomach on a blue surfboard .
3029715635_43ab414dfb.jpg,A black and white dog with a blue toy in its mouth runs on a grassy surface just beyond a fence .
3029715635_43ab414dfb.jpg,a black dog is running pasts a wire mesh fence with a blue bone shaped toy in its mouth .
3029715635_43ab414dfb.jpg,A black dog is running with a blue bone in his mouth .
3029715635_43ab414dfb.jpg,A black dog running with a blue toy in his mouth .
3029715635_43ab414dfb.jpg,A dog is running with a blue bone in its mouth
3030962048_f71948226c.jpg,An elderly indian lady is wearing an orange headscarf and bangles .
3030962048_f71948226c.jpg,an elderly woman smiles for the camera .
3030962048_f71948226c.jpg,A smiling old woman in India is covered by a safron shawl .
3030962048_f71948226c.jpg,A woman wearing an orange scarf smiles and looks at the camera .
3030962048_f71948226c.jpg,Old woman missing teeth stands with metal object in hand .
3035785330_2fd5e32bb1.jpg,A child is riding on a man 's back .
3035785330_2fd5e32bb1.jpg,A man and a boy wrestle inside a house .
3035785330_2fd5e32bb1.jpg,A man is giving a little boy a piggy back on the floor .
3035785330_2fd5e32bb1.jpg,A man wrestling with a child on the floor .
3035785330_2fd5e32bb1.jpg,a young boy playing on another mans back
3035949542_cb249790f5.jpg,the legs of two athletes playing soccer on a field
3035949542_cb249790f5.jpg,The lower halves of two kids playing soccer
3035949542_cb249790f5.jpg,Two guys in soccer attire chasing a soccer ball .
3035949542_cb249790f5.jpg,Two people play soccer while three people watch .
3035949542_cb249790f5.jpg,Two soccer players chasing a ball in the grass .
3036971334_78187a9570.jpg,a blond man jumping off a cliff into some water
3036971334_78187a9570.jpg,A man is jumping off a rock into a pool of water while three others watch .
3036971334_78187a9570.jpg,Four people are cavorting on the rocks at a river 's edge
3036971334_78187a9570.jpg,People stand by a rocky cliff with water below .
3036971334_78187a9570.jpg,Three people on a rocky cliff over a body of water .
3038045802_93f2cd5fbc.jpg,A skier doing a high jump from a snowy ramp near a mountain range .
3038045802_93f2cd5fbc.jpg,A ski jumper enjoys winter fun .
3038045802_93f2cd5fbc.jpg,A snowboarder flies off of a jump which is next to a big red atomic sign .
3038045802_93f2cd5fbc.jpg,a snowboarder is up in the air having taken off from a big jump in a tournament .
3038045802_93f2cd5fbc.jpg,A snowboarder jumps off a large ramp in the mountains .
3038760935_9a713510eb.jpg,The two dogs are jumping .
3038760935_9a713510eb.jpg,Two brown and white dogs racing across a lawn .
3038760935_9a713510eb.jpg,Two brown and white dogs running across grass .
3038760935_9a713510eb.jpg,Two dogs run together across a grassy lawn .
3038760935_9a713510eb.jpg,Two small white and brown dogs bound in unison .
3040051410_6205682ba3.jpg,A man looks at a woman and she smiles .
3040051410_6205682ba3.jpg,A man looks at a woman 's face while they talk .
3040051410_6205682ba3.jpg,a man stares at a lady .
3040051410_6205682ba3.jpg,A middle aged man is looking at the middle aged woman .
3040051410_6205682ba3.jpg,An older man gives a woman an amused look .
3041170372_c4376cd497.jpg,A bicylist riding in the mountains .
3041170372_c4376cd497.jpg,A man jumping a dirt ramp on a bmx bike .
3041170372_c4376cd497.jpg,A man rides his bike over a bump on a dirt path .
3041170372_c4376cd497.jpg,A mountain biker jumps a rock on a mountain .
3041170372_c4376cd497.jpg,Man riding a mountain bike doing a jump in the air .
3041487045_b48ac7ed08.jpg,A dog runs through the woods .
3041487045_b48ac7ed08.jpg,A pale tan dog romps through a wooded area
3041487045_b48ac7ed08.jpg,A tan dog is carrying a small object in its mouth .
3041487045_b48ac7ed08.jpg,a tan dog running
3041487045_b48ac7ed08.jpg,A yellow dog is trotting through the leaves .
3042380610_c5ea61eef8.jpg,A group of people are standing around a sound mixing table .
3042380610_c5ea61eef8.jpg,A group of people looking at sound equipment .
3042380610_c5ea61eef8.jpg,People are inspecting sound equipment indoors .
3042380610_c5ea61eef8.jpg,People examine equipment .
3042380610_c5ea61eef8.jpg,Six people standing behind electrical equipment .
3042484940_0975a5e486.jpg,A man holds up an electronic device while he and another male look on .
3042484940_0975a5e486.jpg,A man takes a picture of him and his friend with his phone .
3042484940_0975a5e486.jpg,A man takes a picture of himself and another guy .
3042484940_0975a5e486.jpg,Two men pose for a picture on a camera phone .
3042484940_0975a5e486.jpg,Two men taking a picture together with the phone of one of the men
3042679440_010b2c596c.jpg,A brightly lit urban street with lots of people walking across a street .
3042679440_010b2c596c.jpg,A busy city street as people are walking .
3042679440_010b2c596c.jpg,A crowd scene in a downtown area .
3042679440_010b2c596c.jpg,Blurry people walking in the city at night .
3042679440_010b2c596c.jpg,Many people are walking on a busy street at night .
3043266735_904dda6ded.jpg,An elderly person with a white hat is reading a paperback book .
3043266735_904dda6ded.jpg,An elder woman in a hat and scarf is looking through a book she has in her hands .
3043266735_904dda6ded.jpg,An older woman wearing a hat reads a book .
3043266735_904dda6ded.jpg,An old lady consulting a paperback book .
3043266735_904dda6ded.jpg,A woman in a white hat reading a book .
3044500219_778f9f2b71.jpg,Four girls in evening attire pose for a picture .
3044500219_778f9f2b71.jpg,four girls in evening wear are posing for a photograph .
3044500219_778f9f2b71.jpg,Four woman wearing formal gowns pose together and smile .
3044500219_778f9f2b71.jpg,"Four women are standing together , posing for a picture ."
3044500219_778f9f2b71.jpg,Four women in dresses pose together .
3044746136_8b89da5f40.jpg,A class full of students .
3044746136_8b89da5f40.jpg,A classroom of students watching a presentation .
3044746136_8b89da5f40.jpg,A conference is being held that involves laptops and big screen presentations .
3044746136_8b89da5f40.jpg,A group of people are at a conference watching a slideshow .
3044746136_8b89da5f40.jpg,A man is giving a presentation in front of a lot of people .
3046259614_614394e024.jpg,A man dressed in all white is talking to the people seated on the dirt floor .
3046259614_614394e024.jpg,A man in a long white robe and white head cap is pointing to a group of people sitting on a blanket .
3046259614_614394e024.jpg,A man in a white robe stands and talks to people who are sitting .
3046259614_614394e024.jpg,"A man wearing a long white robe and a white cap , stands over a group of seated people ."
3046259614_614394e024.jpg,The children are sitting with their shoes off .
3047264032_14393ecea8.jpg,"A man in a yellow shirt wears a gold , sun-shaped mask ."
3047264032_14393ecea8.jpg,A man wears a golden mask with his hair spiked and a yellow shirt .
3047264032_14393ecea8.jpg,A man wears a gold sun mask .
3047264032_14393ecea8.jpg,A man with a yellow shirt and gold sun mask on his face .
3047264032_14393ecea8.jpg,A yellow shirted man wearing a golden sun mask .
3049649128_d83d847168.jpg,A boy playing in a pile of dead leaves .
3049649128_d83d847168.jpg,A young boy is bursting out of a pile of dead leaves .
3049649128_d83d847168.jpg,A young boy is playing in leaves .
3049649128_d83d847168.jpg,A young boy with his eyes closed tossing leaves while sitting in a leaf pile .
3049649128_d83d847168.jpg,The child is playing in the leaves .
3049770416_0fb1954315.jpg,"A man holds a microphone to his mouth , backlit by green lights ."
3049770416_0fb1954315.jpg,A man in a shirt sings into a microphone onstage
3049770416_0fb1954315.jpg,A man sings into a microphone in front of a green light .
3049770416_0fb1954315.jpg,A man with a microphone .
3049770416_0fb1954315.jpg,A signer standing in green light .
3050976633_9c25cf6fa0.jpg,A group of men playing against each other in a football match .
3050976633_9c25cf6fa0.jpg,five men playing in a soccer game
3050976633_9c25cf6fa0.jpg,People outside playing soccer .
3050976633_9c25cf6fa0.jpg,Rugby players competing in a match .
3050976633_9c25cf6fa0.jpg,These people are playing a soccer type game .
3051754615_3d6494c2ae.jpg,"A bunch of people rowing a canoe , with a boat full of people in the background ."
3051754615_3d6494c2ae.jpg,A group of men in a canoe paddle down a river .
3051754615_3d6494c2ae.jpg,a team of rowers rowing in a green and red boat
3051754615_3d6494c2ae.jpg,Men wearing brown shirts with orange vests rowing orange and green boats .
3051754615_3d6494c2ae.jpg,Rowers racing furiously .
3053415073_5b667230ed.jpg,A person on skis on a rail at night .
3053415073_5b667230ed.jpg,A skier in electric green on the edge of a ramp made of metal bars .
3053415073_5b667230ed.jpg,A skier slides along a metal rail .
3053415073_5b667230ed.jpg,A yellow uniformed skier is performing a trick across a railed object .
3053415073_5b667230ed.jpg,The skier is wearing a yellow jumpsuit and sliding across a yellow rail .
3053813297_7ce5f87710.jpg,A heavy set couple sitting in lawn chairs on the grass with a brown dog at their feet .
3053813297_7ce5f87710.jpg,An elderly man and woman are sitting on lawn chairs holding onto the leash of a brown dog .
3053813297_7ce5f87710.jpg,People sit in chairs at a park with a dog .
3053813297_7ce5f87710.jpg,People sitting in chairs while dog lies in grass
3053813297_7ce5f87710.jpg,Some people in a park with a dog and folding chairs .
3056569684_c264c88d00.jpg,A damaged ambulance is being hauled on a truck bed down the road .
3056569684_c264c88d00.jpg,A wrecked ambulance is being towed .
3056569684_c264c88d00.jpg,Recked ambulance being towed by a large tow truck .
3056569684_c264c88d00.jpg,The ambulance on the flatbed truck was in a collision .
3056569684_c264c88d00.jpg,Wrecked ambulance is being towed by a large truck .
3064097919_e536ab9693.jpg,A skateboarder is doing a trick at the top of a ramp while another person watches .
3064097919_e536ab9693.jpg,A skateboarder is doing a trick off of a ramp while a guy looks on .
3064097919_e536ab9693.jpg,A skateboarder is in midair in the middle of a trick .
3064097919_e536ab9693.jpg,A teenage boy does a skateboard trick on a half pipe while another boy watches from the top .
3064097919_e536ab9693.jpg,Young man doing a trick jump on a skateboard .
3064716525_b8418d4946.jpg,a black and white dog is jumping fences in a dog show .
3064716525_b8418d4946.jpg,A black and white dog jumping over a steeple vault at a competition
3064716525_b8418d4946.jpg,A black and white dog performs a jump with his owner looking on .
3064716525_b8418d4946.jpg,A black and white dog running through an obstacle course
3064716525_b8418d4946.jpg,A dog leaping over a hurdle .
3065468339_4955e90fd3.jpg,A black dog looks into a pool of water .
3065468339_4955e90fd3.jpg,A black dog sniffing the ground near a body of water .
3065468339_4955e90fd3.jpg,A black dog with a red collar sniffs the ground .
3065468339_4955e90fd3.jpg,The dog is looking at the water .
3065468339_4955e90fd3.jpg,This hound is searching the water for his prey .
3067500667_0fce8f28d4.jpg,A cricket batsman has been bowled out middle stump .
3067500667_0fce8f28d4.jpg,"A cricket player swings his bat , but misses ."
3067500667_0fce8f28d4.jpg,A man is standing in front of some red sticks trying to hit a ball .
3067500667_0fce8f28d4.jpg,A man is swinging a paddle at a unique ball game .
3067500667_0fce8f28d4.jpg,A player hits the ball at a cricket game .
3067971348_69af5bb309.jpg,A cyclist is riding along a white line in a busy city center .
3067971348_69af5bb309.jpg,A girl is riding a bike and everyone is rushing by her in the city .
3067971348_69af5bb309.jpg,A stop action picture of a woman on a bicycle
3067971348_69af5bb309.jpg,Pedestrians and bikers crossing a busy street
3067971348_69af5bb309.jpg,The city at night .
3069937639_364fc11e99.jpg,A dog runs through a field .
3069937639_364fc11e99.jpg,A light colored dog leaps in a field .
3069937639_364fc11e99.jpg,A white dog is running across a grassy field .
3069937639_364fc11e99.jpg,A white dog runs through a field .
3069937639_364fc11e99.jpg,Small dog running in the field .
3071676551_a65741e372.jpg,A person rides the waves on a surfboard .
3071676551_a65741e372.jpg,A person surfing .
3071676551_a65741e372.jpg,A surfer is riding a wave .
3071676551_a65741e372.jpg,A surfer riding a large wave
3071676551_a65741e372.jpg,A surfer riding a surfboard in rough seas .
3072172967_630e9c69d0.jpg,A player from the white and green highschool team dribbles down court defended by a player from the other team .
3072172967_630e9c69d0.jpg,Four basketball players in action .
3072172967_630e9c69d0.jpg,"Four men playing basketball , two from each team ."
3072172967_630e9c69d0.jpg,Two boys in green and white uniforms play basketball with two boys in blue and white uniforms .
3072172967_630e9c69d0.jpg,Young men playing basketball in a competition .
3072782873_3278f3b3a7.jpg,A man and a woman are kissing in a crowded street .
3072782873_3278f3b3a7.jpg,A man and woman kiss in the street .
3072782873_3278f3b3a7.jpg,Couple kissing in the middle of a street .
3072782873_3278f3b3a7.jpg,Man and woman kissing on a public street .
3072782873_3278f3b3a7.jpg,Two people are kissing with old buildings on either side of them and people walking up in the background .
3076928208_5763e9eb8c.jpg,A black and tan dog jumping in the air in a grassy area in front of a fence .
3076928208_5763e9eb8c.jpg,A dog running with something in his mouth in the grass .
3076928208_5763e9eb8c.jpg,Black and tan dog with all paws off ground and yellow object in mouth .
3076928208_5763e9eb8c.jpg,The black and brown dog is playing in the yard .
3076928208_5763e9eb8c.jpg,The dog by the fence is running on the grass .
307994435_592f933a6d.jpg,A man in a red jacket is holding a piece of paper while posing .
307994435_592f933a6d.jpg,An Asian guy giving thumbs up with his eyes closed and tongue out .
307994435_592f933a6d.jpg,An Asian teenager in a red jacket has his thumb up and his tongue sticking out .
307994435_592f933a6d.jpg,Asian man giving thumbs up on street .
307994435_592f933a6d.jpg,Man in red jacket giving a thumbs-up with one hand a holding ticket in other .
3081330705_7a1732e12c.jpg,A man is on top of a cliff overlooking a forest and lake .
3081330705_7a1732e12c.jpg,A man on a cliff .
3081330705_7a1732e12c.jpg,A man stands on a mountain overlooking trees and a lake .
3081330705_7a1732e12c.jpg,A man stands on a mountaintop looking over dry forests and lakes .
3081330705_7a1732e12c.jpg,The man has a blue shirt on and is standing in front of some snowy mountains .
3082934678_58534e9d2c.jpg,A tan dog is running on pavement with a white dog running on grass beside it .
3082934678_58534e9d2c.jpg,"Two dogs , one white and one brown , run alongside each other near a grassy field ."
3082934678_58534e9d2c.jpg,Two dogs run down the road .
3082934678_58534e9d2c.jpg,two tan dogs running along a concrete path together .
3082934678_58534e9d2c.jpg,Two yellow dogs are running side by side down a road .
3083016677_5782bc337c.jpg,Motorcyclists near the beach .
3083016677_5782bc337c.jpg,There are two motorcycles with a man and a woman on it .
3083016677_5782bc337c.jpg,"Two guys with helmets are on motorcycles , each with a woman riding behind him"
3083016677_5782bc337c.jpg,Two motorcycles and four riders are on the road .
3083016677_5782bc337c.jpg,Two motorcycles with two riders each .
3084001782_41a848df4e.jpg,A man and a woman read a book while their friend has a drink .
3084001782_41a848df4e.jpg,A woman holds a drink while a man and a woman examine a book .
3084001782_41a848df4e.jpg,A woman holding a red cup with a straw in it sits in front of a man and a woman looking at a book .
3084001782_41a848df4e.jpg,Three people are gathered for a picture .
3084001782_41a848df4e.jpg,Two women and a man are looking at a book .
3084011028_d1e2c40d7d.jpg,A brunette and blonde girl are smiling .
3084011028_d1e2c40d7d.jpg,The two women are smiling at the camera .
3084011028_d1e2c40d7d.jpg,Two brunettes with brown eyes are looking into the camera .
3084011028_d1e2c40d7d.jpg,Two girls looking into camera and smiling
3084011028_d1e2c40d7d.jpg,Two women with long hair posing for a picture
3084018061_df66d98325.jpg,"Five people are sitting in a bar , while a tv plays nearby ."
3084018061_df66d98325.jpg,Older men at bar drinking alcohol
3084018061_df66d98325.jpg,Three men drink at a reflective bar .
3084018061_df66d98325.jpg,Three men stand at a bar with drinks .
3084018061_df66d98325.jpg,Three men stand in a bar with a purple counter .
3084034954_fe5737197d.jpg,A man at a casino hugging two colorfully dressed show girls .
3084034954_fe5737197d.jpg,A man in a white suit is standing with two women .
3084034954_fe5737197d.jpg,A man stands in the middle of two woman dressed in brightly colored costumes .
3084034954_fe5737197d.jpg,A white suited man stands between two showgirls in a casino foyer .
3084034954_fe5737197d.jpg,Two women in very colorful costumes stand next to a man dressed in all white .
3084380974_268a0f9236.jpg,a lone surfer diving into a large wave
3084380974_268a0f9236.jpg,A man in a wetsuit is surfing on blue water .
3084380974_268a0f9236.jpg,A man on surfboard dives over a large wave .
3084380974_268a0f9236.jpg,A surfer in a full body wetsuit in the ocean with a white surfboard .
3084380974_268a0f9236.jpg,A surfer in a wetsuit crests a wave .
3085357792_efcf297c71.jpg,A man in a blue shirt passes under the Samsung arch .
3085357792_efcf297c71.jpg,A man in a blue shirt runs under a blue road marker in a race .
3085357792_efcf297c71.jpg,A runner in a blue shirt and blue shorts participates in a race .
3085357792_efcf297c71.jpg,A runner jogging on a city street past a SAMSUNG advertisement banner .
3085357792_efcf297c71.jpg,Man running down a street in a marathon .
3087485737_cb09bc80b6.jpg,A man in blue shorts stands on a surfboard in shallow water .
3087485737_cb09bc80b6.jpg,"A man on a beach , with his foot on a boogie board ."
3087485737_cb09bc80b6.jpg,A man standing on the shore .
3087485737_cb09bc80b6.jpg,A man wearing a blue bathing suit stands on a red surfboard at the beach .
3087485737_cb09bc80b6.jpg,A young man with a Mohawk style haircut and surfer shorts stands on a boogie board at the beach .
3091338773_9cf10467b4.jpg,A brown dog is biting a green object .
3091338773_9cf10467b4.jpg,A brown dog is jumping up to catch a green strap in its mouth .
3091338773_9cf10467b4.jpg,A dog has its mouth wide open trying to bite something .
3091338773_9cf10467b4.jpg,A grey dog jumps to bite a green leash .
3091338773_9cf10467b4.jpg,A short-haired brown dog is snapping at a long green strip .
3091382602_60b9b53ed1.jpg,A man in a white shirt and a man in a black shirt in a hallway .
3091382602_60b9b53ed1.jpg,A man in black and one in white posing indoors .
3091382602_60b9b53ed1.jpg,Two guys act silly and pose for a photo .
3091382602_60b9b53ed1.jpg,Two men are making hand gestures and posing for a picture .
3091382602_60b9b53ed1.jpg,Two smiling young men look at the camera .
3091916691_b1c96669c6.jpg,A man in a bright pink shirt shakes the hand of a bearded man in a saffron shirt .
3091916691_b1c96669c6.jpg,A man in a pink shirt stands next to a man in orange .
3091916691_b1c96669c6.jpg,Three men stand around in bright solid colored shirts and colorful hats .
3091916691_b1c96669c6.jpg,Three smiling men in brightly-colored shirts .
3091916691_b1c96669c6.jpg,"Two men shaking hands and smiling at the camera , while a third man stands behind them ."
3092756650_557c5f2d03.jpg,A group of Indian men are just standing around with their arms crossed .
3092756650_557c5f2d03.jpg,A group of men stand outside .
3092756650_557c5f2d03.jpg,Four men from another country look at the camera .
3092756650_557c5f2d03.jpg,Men wearing hats stand with arms folded .
3092756650_557c5f2d03.jpg,Several men wearing ethnic hats are watching the photographer in an outdoor market .
3094317837_b31cbf969e.jpg,A man rides a wave on a surfboard .
3094317837_b31cbf969e.jpg,A man wearing a black wetsuit is surfing in the water .
3094317837_b31cbf969e.jpg,A person on a surfboard riding a wave
3094317837_b31cbf969e.jpg,A person wearing a black wetsuit jumps high above a wave with a surfboard .
3094317837_b31cbf969e.jpg,A surfer on a red surfboard jumps over a high wave in the ocean .
3095225232_2e6e6dc92e.jpg,People are standing on an escalator moving up .
3095225232_2e6e6dc92e.jpg,people go up the escalator .
3095225232_2e6e6dc92e.jpg,People ride up an escalator .
3095225232_2e6e6dc92e.jpg,People travel up the elevator together .
3095225232_2e6e6dc92e.jpg,Several people ride up an escalator .
3097776588_312932e438.jpg,A bald man has hand on the shoulder of another man .
3097776588_312932e438.jpg,a man puts his arm around another man as they pose for a picture
3097776588_312932e438.jpg,Two men touch their heads together and smile .
3097776588_312932e438.jpg,Two men wearing black
3097776588_312932e438.jpg,Two smiling men with their heads touching
3098824948_23c31df031.jpg,A bride and groom leaving after the wedding .
3098824948_23c31df031.jpg,A bride and groom walk together in a dark room .
3098824948_23c31df031.jpg,A man and bride walk down the aisle
3098824948_23c31df031.jpg,A man wearing a tuxedo and a woman in a white dress .
3098824948_23c31df031.jpg,The man is walking the bride down the aisle .
3102363657_dc95fe6850.jpg,A boy hugging a bumble bee character
3102363657_dc95fe6850.jpg,A child hugging a person in a large bee costume .
3102363657_dc95fe6850.jpg,A giant bee costume hugs a boy .
3102363657_dc95fe6850.jpg,A little boy hugging a giant bee mascot .
3102363657_dc95fe6850.jpg,"Small boy hugged by person in bee costume , blurry urban background ."
3103231330_db98b14501.jpg,A man in a blue jacket and gloves is standing in the street among other people .
3103231330_db98b14501.jpg,A man in a brightly-colored ski jacket stands with others on a European street .
3103231330_db98b14501.jpg,A man in a colorful jacket walks down the street surrounded by women in winter clothing .
3103231330_db98b14501.jpg,The man in a blue jacket is standing in a crowd .
3103231330_db98b14501.jpg,The man in the blue jacket is walking in a crowd of people past an English pub .
3104182973_5bb1c31275.jpg,A bunch of people near a christmas type tree .
3104182973_5bb1c31275.jpg,A couple hurrying past an urban ice skating park .
3104182973_5bb1c31275.jpg,Many people are outside watching ice skaters .
3104182973_5bb1c31275.jpg,People are skating in a outdoor rink around a huge Christmas tree .
3104182973_5bb1c31275.jpg,People walking by an outdoor ice rink with a tree in the center .
3106026005_473a7b1c8c.jpg,A man sits on a bench on a San Diego street .
3106026005_473a7b1c8c.jpg,A man wearing a coat and had sitting on a bench in the city .
3106026005_473a7b1c8c.jpg,A man wearing an orange cap sits on a white bench beside a blue trashcan .
3106026005_473a7b1c8c.jpg,"Man hunched on gray bench marked SAN DIEGO , neat blue trashcan ."
3106026005_473a7b1c8c.jpg,Man sitting on a bench on the sidewalk .
3106782647_b078830a9e.jpg,A bike rider is airborne with a daytime sky in the background .
3106782647_b078830a9e.jpg,a bmx rider gets a lot of air .
3106782647_b078830a9e.jpg,A male airborne on a bicycle .
3106782647_b078830a9e.jpg,The man is performing a trick with a bicycle high in the air .
3106782647_b078830a9e.jpg,The teen jumps the hill with his bicycle .
3106787167_e5f2312622.jpg,A man with mud on his clothes protects a ball from two other men while he runs down the field .
3106787167_e5f2312622.jpg,Dirty rugby players try to hold back the man with the ball .
3106787167_e5f2312622.jpg,Group of dirty men play football .
3106787167_e5f2312622.jpg,Three men are playing rugby one of them is carring the ball they are covered in mud .
3106787167_e5f2312622.jpg,Two muddy men try to tackle third muddy rugby player .
3106857210_07a92577fc.jpg,A girl in a yellow shirt walks with her hands in her pocket on a bridge .
3106857210_07a92577fc.jpg,A woman in a yellow shirt walks down a sunny street .
3106857210_07a92577fc.jpg,A woman in a yellow t-shirt and sunglasses walks down a sidewalk .
3106857210_07a92577fc.jpg,A woman outside on a street wearing a yellow shirt and sunglasses .
3106857210_07a92577fc.jpg,a young blond woman wearing a yellow shirt walking down a sidewalk .
3107558821_f3b205d4ed.jpg,Two girls take in the view .
3107558821_f3b205d4ed.jpg,Two woman stand on a building ledge and look down on a city .
3107558821_f3b205d4ed.jpg,Two women are standing next to a railing overlooking a city .
3107558821_f3b205d4ed.jpg,Two women look out at many houses below .
3107558821_f3b205d4ed.jpg,Two young girls look out to a town below them .
3107592525_0bcd00777e.jpg,A couple posing for the camera with rain jackets on .
3107592525_0bcd00777e.jpg,A couple stands covered in plastic ; she smiles and he scowls .
3107592525_0bcd00777e.jpg,A lady and a man wear rain ponchos .
3107592525_0bcd00777e.jpg,A man and a woman in plastic coverings .
3107592525_0bcd00777e.jpg,The man and woman are wearing a protective plastic raincoat .
3112821789_1f7c3bbb99.jpg,A man blows into an electrical instrument by a microphone .
3112821789_1f7c3bbb99.jpg,A man blows into a tube while standing in front of a man at the drumset onstage .
3112821789_1f7c3bbb99.jpg,A man plays an instrument next to a drummer .
3112821789_1f7c3bbb99.jpg,a musician plays a strange pipe instrument whilst standing next to a drummer on a stage .
3112821789_1f7c3bbb99.jpg,Two men perform a song together onstage .
3113322995_13781860f2.jpg,A bobsled team runs through a snowy trail .
3113322995_13781860f2.jpg,A pack of Huskies run across the snowy ground .
3113322995_13781860f2.jpg,A sled and dogs mushing
3113322995_13781860f2.jpg,The dogs run in the snow pulling a sled with a person .
3113322995_13781860f2.jpg,The dog team is pulling the man on the sled .
3113682377_14fc7b62b0.jpg,Two female friends pose for a picture at night .
3113682377_14fc7b62b0.jpg,Two girls smile for the camera .
3113682377_14fc7b62b0.jpg,Two smiling women pose for a picture .
3113682377_14fc7b62b0.jpg,Two women sit very close and pose for their picture to be taken .
3113682377_14fc7b62b0.jpg,Two young women pose and smile in a darkly lit area .
311619377_2ba3b36675.jpg,A black haired woman in a parka is looking at burning incense sticks .
311619377_2ba3b36675.jpg,A woman looks at a plate filled with steam .
311619377_2ba3b36675.jpg,A woman stands and watches incense burn with the smoke billowing .
311619377_2ba3b36675.jpg,A woman stands over a copper bowl holding many burning incense .
311619377_2ba3b36675.jpg,The woman is looking at a smoky exhibit .
3117562746_62f57a02b5.jpg,a dog chases another dog .
3117562746_62f57a02b5.jpg,Two dogs are running through the snow with ball in their mouths .
3117562746_62f57a02b5.jpg,"Two dogs holding red balls in their mouth , running in the snow ."
3117562746_62f57a02b5.jpg,Two dogs in the snow
3117562746_62f57a02b5.jpg,Two tan dogs run in the snow carrying red balls in their mouths .
3118534315_cc03e5ddab.jpg,A man is recording something with a red flag behind him .
3118534315_cc03e5ddab.jpg,A man with a video camera is taping while another paints art while onlookers pass by .
3118534315_cc03e5ddab.jpg,A person holding a camera in front of a pole with writing on it .
3118534315_cc03e5ddab.jpg,Kid posts sign while a woman walks by and a young man hold a video camera
3118534315_cc03e5ddab.jpg,The man is shooting video of another writing on a pole .
3119076670_64b5340530.jpg,A snowboarder flies in the air .
3119076670_64b5340530.jpg,A snowboarder is performing a stunt in mostly dark .
3119076670_64b5340530.jpg,Snowboarder in the air performing a stunt .
3119076670_64b5340530.jpg,There is a snowboarder doing tricks in a half pipe .
3119076670_64b5340530.jpg,The snowboarder gets serious air .
3120648767_812c72eabe.jpg,A dirt biker in the desert .
3120648767_812c72eabe.jpg,A man does a jump in the desert on a motorcycle .
3120648767_812c72eabe.jpg,A man is doing a motocross jump into the air .
3120648767_812c72eabe.jpg,A man is riding his dirt bike through the air in the desert .
3120648767_812c72eabe.jpg,A motorcycle rider wearing black and silver does a wheelie on a sandy terrain .
3122888809_9ae9b4b9b2.jpg,A black dog and a brown dog are smelling each others noses .
3122888809_9ae9b4b9b2.jpg,A black dog and a brown dog touching noses in a grassy field .
3122888809_9ae9b4b9b2.jpg,A black dog is touching noses with a light brown dog .
3122888809_9ae9b4b9b2.jpg,"There are two dogs , one is black and the other is brown , sniffing each other ."
3122888809_9ae9b4b9b2.jpg,Two dogs examine each other in a field .
3123463486_f5b36a3624.jpg,"A brown , black , and white dog runs along on the gravel ."
3123463486_f5b36a3624.jpg,A dog runs
3123463486_f5b36a3624.jpg,A little dog running on sand .
3123463486_f5b36a3624.jpg,"The brown , white and black dog runs on a gravel surface ."
3123463486_f5b36a3624.jpg,The dog is running across the gravel .
312427606_defa0dfaa8.jpg,A blond-hair girl is eating a peach .
312427606_defa0dfaa8.jpg,A girl eating a peach .
312427606_defa0dfaa8.jpg,A girl eats a peach .
312427606_defa0dfaa8.jpg,A little blond-haired girl enjoys eating a peach .
312427606_defa0dfaa8.jpg,A young girl with blonde hair eating a peach .
3124549928_10904a5a83.jpg,A boy in a brown jacket holds a large chunk of snow .
3124549928_10904a5a83.jpg,A boy wearing blue mittens gets ready to throw snow .
3124549928_10904a5a83.jpg,A child preparing to throw a snowball .
3124549928_10904a5a83.jpg,A young boy grins as he holds up a clump of snow .
3124549928_10904a5a83.jpg,A young boy in a brown jacket playing with snow .
3126773489_7ae425af17.jpg,a basketball player defends another player .
3126773489_7ae425af17.jpg,A man with a basketball blocks an attempt to take his ball .
3126773489_7ae425af17.jpg,Man runs by other man with basketball at a game .
3126773489_7ae425af17.jpg,"The player in the white dribbles the ball , while the player in the orange tries to stop him ."
3126773489_7ae425af17.jpg,Two men are playing during a basketball game .
3128164023_ebe8da4c32.jpg,Dogs chase each other .
3128164023_ebe8da4c32.jpg,Two brown and white dogs wrestle while running across the wet sand .
3128164023_ebe8da4c32.jpg,"Two dogs , identical white with brown spots wrestle on jet black sand ."
3128164023_ebe8da4c32.jpg,Two white and brown dogs playing on a beach .
3128164023_ebe8da4c32.jpg,Two white dogs with brown markings playing .
3128514681_a51b415c31.jpg,Two ladies wearing dresses pose on the side of the road at night .
3128514681_a51b415c31.jpg,Two woman wearing dresses stand in the street and pose .
3128514681_a51b415c31.jpg,Two women in dresses pose on a street .
3128514681_a51b415c31.jpg,Two women on the side of a road .
3128514681_a51b415c31.jpg,Two women wearing dresses and heels posing under hanging lights on a street .
3132760860_3e743a935d.jpg,A boy with a board strapped to his feet does a trick while holding onto some kind of rope .
3132760860_3e743a935d.jpg,A wakeboarder is leaping into the air whilst holding onto a yellow rope .
3132760860_3e743a935d.jpg,girl wearing swim gear is surfboarding
3132760860_3e743a935d.jpg,This boy is doing a stunt with a tow rope and skateboard .
3132760860_3e743a935d.jpg,"Waterskier holding line , mid-jump and almost turned upside down ."
3132832452_c354c6396c.jpg,A family surrounds a baby in the father 's lap .
3132832452_c354c6396c.jpg,a family gathers in the living room .
3132832452_c354c6396c.jpg,A man is sitting on a couch holding a baby while surrounded by children .
3132832452_c354c6396c.jpg,"A man sitting on a couch holding a baby , surrounded by three young girls ."
3132832452_c354c6396c.jpg,Three little girls looking at a baby that a man is holding on his lap
3132903412_b4780d0ccf.jpg,"A couple dressed in coats , hats , and scarves are standing in the snow ."
3132903412_b4780d0ccf.jpg,two cold people stand near a pole .
3132903412_b4780d0ccf.jpg,"Two people outside in cold winter , with a scarf and hat on"
3132903412_b4780d0ccf.jpg,Two people standing in the snow
3132903412_b4780d0ccf.jpg,Two people wearing winter clothes stand near a pole in a winter scene .
3133825703_359a0c414d.jpg,A child staring at Santa .
3133825703_359a0c414d.jpg,A father and son looking at a funny looking Santa .
3133825703_359a0c414d.jpg,A little boy and his father talking to a man dressed as Santa Claws .
3133825703_359a0c414d.jpg,The child is looking at Santa Claus .
3133825703_359a0c414d.jpg,The little boy has a yellow crown and the man is wearing red velvet .
3134341610_3c55e373a7.jpg,A man and woman in masks and costume make a toast in front of a christmas tree .
3134341610_3c55e373a7.jpg,A woman in mask sits next to a man wearing a Santa suit and also in mask as they hold wine glasses next to a Christmas tree .
3134341610_3c55e373a7.jpg,Santa and a woman drink wine next to the christmas tree while wearing joke disguise glasses .
3134341610_3c55e373a7.jpg,"Two people , one of whom is in a Santa costume , pose wearing funny glasses ."
3134341610_3c55e373a7.jpg,Two people with silly disguises at Christmas time
3134385454_4f1d55333f.jpg,"A girl jumping into a pool , with a man standing near ."
3134385454_4f1d55333f.jpg,A girl jumps into a swimming pool with a guy in black .
3134385454_4f1d55333f.jpg,A man and little girl are playing in an above ground swimming pool .
3134385454_4f1d55333f.jpg,A man and little girl splashing in pool .
3134385454_4f1d55333f.jpg,a man in black clothes is watching a child making a splash in a pool .
3134644844_493eec6cdc.jpg,A man is playing a guitar for a little girl in a hospital .
3134644844_493eec6cdc.jpg,A man is playing the guitar for a child in a hospital bed
3134644844_493eec6cdc.jpg,A man plays a guitar for a sick child in a hospital
3134644844_493eec6cdc.jpg,A man plays guitar for a girl in the hospital .
3134644844_493eec6cdc.jpg,A man with a guitar playing to an ill little girl in a hospital bed .
3135826945_f7c741e5b7.jpg,a boy wearing yellow reads a book .
3135826945_f7c741e5b7.jpg,A little boy with a yellow shirt is looking at a book someone is holding in front of him .
3135826945_f7c741e5b7.jpg,A parent and their toddler are reading a book .
3135826945_f7c741e5b7.jpg,A person in a sweater sits looking at a book with a child on their lap .
3135826945_f7c741e5b7.jpg,A woman teaches a young boy about babies through a book .
3136688093_568b053bdf.jpg,A man stands onstage with a fireworks going off beside of him .
3136688093_568b053bdf.jpg,A performer on a concert stage .
3136688093_568b053bdf.jpg,A person onstage with a light show in pink and blue .
3136688093_568b053bdf.jpg,Fireworks light up the night as a man stands onstage .
3136688093_568b053bdf.jpg,Person standing onstage with fireworks shooting behind them
3138504165_c7ae396294.jpg,A goalie stands in front of the goal at a hockey game .
3138504165_c7ae396294.jpg,A hockey player guards the goal .
3138504165_c7ae396294.jpg,A hockey player in a yellow jersey is guarding the goal .
3138504165_c7ae396294.jpg,An ice hockey goalkeeper wearing yellow is defending the goal .
3138504165_c7ae396294.jpg,The goaltender is crouching in front of the goal .
3139238055_2817a0c7d8.jpg,Four people make a silly pose at the dinner table .
3139238055_2817a0c7d8.jpg,Four people smile and hold golden plates behind their heads .
3139238055_2817a0c7d8.jpg,friends posing for a picture while holding plates
3139238055_2817a0c7d8.jpg,Two men and two women hold gold plates behind their heads .
3139238055_2817a0c7d8.jpg,Two men and women pose for a camera with large gold plates held behind their heads .
3139895886_5a6d495b13.jpg,"A black-and-white dog bounds off the ground , all feet in the air , of a yellow field ."
3139895886_5a6d495b13.jpg,A black and white dog is jumping over high yellow grass .
3139895886_5a6d495b13.jpg,A black and white dog is jumping through a field of brown grass .
3139895886_5a6d495b13.jpg,a dog runs through the dry grass .
3139895886_5a6d495b13.jpg,The black and white dog runs through the field .
3141440149_00becbbb93.jpg,Two boys are standing in a kitchen .
3141440149_00becbbb93.jpg,Two boys play in a kitchen .
3141440149_00becbbb93.jpg,Two little boys are standing in a kitchen .
3141440149_00becbbb93.jpg,Two young boys are playing in the kitchen of a house .
3141440149_00becbbb93.jpg,Two young boys standing in a kitchen with hardwood floors .
3143978284_ac086be9a3.jpg,Two elderly women with small child sucking pacifier
3143978284_ac086be9a3.jpg,"Two older women with a baby that has a pacifier in its mouth , the baby wears an orange and brown dress ."
3143978284_ac086be9a3.jpg,Two woman with a baby
3143978284_ac086be9a3.jpg,Two women are holding a young child .
3143978284_ac086be9a3.jpg,Two women sitting next to each other one is holding a baby and the other is showing her bracelet .
3145967019_1a83ebf712.jpg,"Three smiling women , one with a shoulder bag , one with a blue cup and one using sign language are posing for a picture ."
3145967019_1a83ebf712.jpg,Three women are drinking and hugging .
3145967019_1a83ebf712.jpg,Three women are posing for a picture
3145967019_1a83ebf712.jpg,Three women are posing together and smiling while one holds up a hand signal .
3145967019_1a83ebf712.jpg,Three women pose for a picture together .
3147913471_322ea231d9.jpg,a basketball player gets ready for the shot .
3147913471_322ea231d9.jpg,A basketball player is looking up and set to throw the ball .
3147913471_322ea231d9.jpg,Florida men 's basketball player # 33 shooting basketball .
3147913471_322ea231d9.jpg,The basketball player is holding a basketball getting ready to take a shot .
3147913471_322ea231d9.jpg,The Florida basketball player is preparing to shoot the ball .
3148647065_2d6cd88cf6.jpg,A dog is running through some dead leaves .
3148647065_2d6cd88cf6.jpg,a tan dog running through the grass with the background blurry
3148647065_2d6cd88cf6.jpg,A yellow dog with a collar running in a wooded area .
3148647065_2d6cd88cf6.jpg,"Brown and tan dog runs through brown , leafy terrain"
3148647065_2d6cd88cf6.jpg,"Pale brown dog runs in blurred , rural scene ."
3149919755_f9272b10b3.jpg,A black dog is looking at the ball on the beach by the ocean .
3149919755_f9272b10b3.jpg,A dog and a ball on a beach .
3149919755_f9272b10b3.jpg,A dog standing on a beach with a ball nearby .
3149919755_f9272b10b3.jpg,A dog stands on a beach at sunset .
3149919755_f9272b10b3.jpg,Dog in shadow on beach at sunset .
3150315970_8f045c41a4.jpg,a couple leaning over a concrete railing inside of a building
3150315970_8f045c41a4.jpg,A man and a woman are looking at each other while standing on an elaborate indoor balcony .
3150315970_8f045c41a4.jpg,A man and a woman looking over a balcony at an elegant building
3150315970_8f045c41a4.jpg,A man and woman are gazing at each other on a balcony inside a building .
3150315970_8f045c41a4.jpg,A man and woman stand at a balcony looking at each other .
3150440350_b0f2a9e774.jpg,A man dressed in a military uniform bends over to speak to a person sitting on the sidewalk .
3150440350_b0f2a9e774.jpg,A man in sailor whites talks to a person seated on the ground .
3150440350_b0f2a9e774.jpg,a man sitting on the floor crying while another man is trying to comfort him .
3150440350_b0f2a9e774.jpg,A pilot is bending down to assist a man that is crying .
3150440350_b0f2a9e774.jpg,A sailor is checking on a man who is sitting on the ground crying .
315436114_6d386b8c36.jpg,A brown dog bites a purple mitten in the snow .
315436114_6d386b8c36.jpg,A brown dog in snow is biting at a piece of pink cloth .
315436114_6d386b8c36.jpg,A dog in the snow ripping an object with its teeth
315436114_6d386b8c36.jpg,A dog on snow has something in its mouth .
315436114_6d386b8c36.jpg,The brown dog is gnawing at something in the snow .
3154528397_89112faf4b.jpg,A man in skiing gear is airborne .
3154528397_89112faf4b.jpg,A man is skiing in midair .
3154528397_89112faf4b.jpg,A skier in colorful clothes midair in a wintry scene .
3154528397_89112faf4b.jpg,A skier is airborne in front of some trees .
3154528397_89112faf4b.jpg,A skier flies through the air .
3154709407_9b0778cbeb.jpg,A bald man dribbles a basketball while wearing a Miami jersey .
3154709407_9b0778cbeb.jpg,"Man playing basketball , jersey number 5 ."
3154709407_9b0778cbeb.jpg,Number five plays basketball for Miami .
3154709407_9b0778cbeb.jpg,The basketball player is wearing orange sneakers .
3154709407_9b0778cbeb.jpg,The number five Miami player dribbles down the court .
3154813159_58a195236d.jpg,A dog jumping up in the air .
3154813159_58a195236d.jpg,A dog stands on his hind legs for a lady in purple .
3154813159_58a195236d.jpg,A white and brown dog is standing on its back legs next to a woman and a table with a gingerbread house on it .
3154813159_58a195236d.jpg,"A white and brown spotted dog , standing on its hind legs in front of a woman and a cake ."
3154813159_58a195236d.jpg,The brown and white dog is standing up on its hind legs .
3155987659_b9ea318dd3.jpg,A black and white dog is catching a Frisbee in the yard .
3155987659_b9ea318dd3.jpg,A black and white dog is trying to catch a Frisbee in the air .
3155987659_b9ea318dd3.jpg,A dog jumps to catch a red Frisbee in the yard .
3155987659_b9ea318dd3.jpg,Dog is jumping up on a very green lawn to catch a Frisbee .
3155987659_b9ea318dd3.jpg,The black and white dog tries to catch a red Frisbee on green grass .
3157220149_cc3c8cc84d.jpg,The two guys in blue jeans and winter hats hand out condoms .
3157220149_cc3c8cc84d.jpg,Two men sell paraphernalia like condoms with Obama images on them .
3157220149_cc3c8cc84d.jpg,Two young men distribute Obama condoms .
3157220149_cc3c8cc84d.jpg,two young men promting their website wearing knit caps and trying to sell condoms
3157220149_cc3c8cc84d.jpg,Two young men stand in front of a sign advertising a website .
3157744152_31ace8c9ed.jpg,A barefoot man in his pajamas is looking toward the sky while walking on the tennis court .
3157744152_31ace8c9ed.jpg,A barefoot man walks across a tennis court .
3157744152_31ace8c9ed.jpg,A man in a blue shirt is walking barefoot .
3157744152_31ace8c9ed.jpg,a man wearing a blue shirt walking barefoot on a tennis court
3157744152_31ace8c9ed.jpg,The man is wearing a blue sweater and is barefoot on a court .
3157847991_463e006a28.jpg,These men are smoking outside a grey building .
3157847991_463e006a28.jpg,"Two men are standing by a railing , while posing for a picture ."
3157847991_463e006a28.jpg,Two men in black jackets behind a white handrail .
3157847991_463e006a28.jpg,Two men smoking behind a railing .
3157847991_463e006a28.jpg,Two men smoking while standing by a rail in front of a building
3158327361_6f1a518228.jpg,a couple of people running on the shore near the beach .
3158327361_6f1a518228.jpg,A man and a woman hopping acrouss hot sand .
3158327361_6f1a518228.jpg,People running away from seagulls on the beach .
3158327361_6f1a518228.jpg,Two people run in the sand at the beach .
3158327361_6f1a518228.jpg,Two people run along a beach with seagulls
3159995270_17334ccb5b.jpg,A female skier in a green with pink flowers hat skiing .
3159995270_17334ccb5b.jpg,A woman skies
3159995270_17334ccb5b.jpg,A woman skiing
3159995270_17334ccb5b.jpg,A woman wearing a white coat skis down a snowy hill .
3159995270_17334ccb5b.jpg,The girl skies down the snowy mountain .
3160531982_37f5636b8a.jpg,A parachute is making his landing as the sunsets behind him .
3160531982_37f5636b8a.jpg,A person is parasailing as the sun sets .
3160531982_37f5636b8a.jpg,A person paraglides at sundown .
3160531982_37f5636b8a.jpg,A silhouette of a figure parachuting at sunset .
3160531982_37f5636b8a.jpg,"With the sun rising , a person is gliding with a huge parachute attached to them ."
3162289423_4ca8915d0c.jpg,A female snowboarder relaxing as the day comes to an end
3162289423_4ca8915d0c.jpg,a girl wearing a green jumpsuit and goggles with a beautiful sunset in the background
3162289423_4ca8915d0c.jpg,A snowboarder in a green jumpsuit looks behind herself .
3162289423_4ca8915d0c.jpg,A woman snowboarder has a profile photo taken of herself at sunset .
3162289423_4ca8915d0c.jpg,A woman wearing colorful goggles looks to the side as a sun sets behind her .
3164415865_612f9fd8bc.jpg,sleds sled down the street
3164415865_612f9fd8bc.jpg,Children are sledding down a snowy hill .
3164415865_612f9fd8bc.jpg,Five children sledding down a snow-covered street .
3164415865_612f9fd8bc.jpg,Four children snow sledding down a hill .
3164415865_612f9fd8bc.jpg,The people ride down the road on sleds .
316577571_27a0e0253e.jpg,A white dog and a black and white dog are running through the grass .
316577571_27a0e0253e.jpg,A white dog is chasing behind a black and white dog .
316577571_27a0e0253e.jpg,A white dog runs alongside a black and white dog in a grassy area .
316577571_27a0e0253e.jpg,Two dogs playing in a field .
316577571_27a0e0253e.jpg,Two white dogs running in grass .
3167379087_927ff05a35.jpg,A bike racer in a red jersey is pursued by another rider wearing blue .
3167379087_927ff05a35.jpg,Man with red shirt on a red bike in front of two other people on bikes .
3167379087_927ff05a35.jpg,Three bicyclists racing up a dirt path through the forest .
3167379087_927ff05a35.jpg,Three bikers pedal up a forest trail .
3167379087_927ff05a35.jpg,Three men riding bikes through the woods .
3168123064_d1983b8f92.jpg,A person in a black wetsuit is surfing in the ocean with a wave coming down .
3168123064_d1983b8f92.jpg,A person is surfing .
3168123064_d1983b8f92.jpg,A surfer in all black is riding a wave .
3168123064_d1983b8f92.jpg,A surfer rides the waves .
3168123064_d1983b8f92.jpg,A woman in a black wetsuit surfs in bad weather .
3168796547_0c14b368f9.jpg,Two children sit on an animal 's back .
3168796547_0c14b368f9.jpg,Two children sitting on a deer statue for a photo .
3168796547_0c14b368f9.jpg,Two kids sit on a statue of a deer .
3168796547_0c14b368f9.jpg,Two little kids riding on a fake reindeer .
3168796547_0c14b368f9.jpg,Two young children sit on top of a deer statue .
3169394115_2193158cee.jpg,A dog stands on a bench in the snow .
3169394115_2193158cee.jpg,A dog stands on a bench while snow is falling .
3169394115_2193158cee.jpg,A Jack Russell Terrier stands on a bench in the snow .
3169394115_2193158cee.jpg,a white and brown dog stands on a stone wall at night whilst snow is falling .
3169394115_2193158cee.jpg,The dog stands on something while the snow falls around him .
3169591322_d0b6d0cd04.jpg,A man performs a skateboard trick in a parking lot .
3169591322_d0b6d0cd04.jpg,A person on a skateboard during a high jump .
3169591322_d0b6d0cd04.jpg,a skateboarder is airborne in front of some low brick buildings .
3169591322_d0b6d0cd04.jpg,A skateboarder is flying through the air on a red skateboard .
3169591322_d0b6d0cd04.jpg,A skateboarding soaring through the air in front of a blue building .
3170110692_d1e0e66cee.jpg,a couple each wearing a silly mask and holding a fake cigar
3170110692_d1e0e66cee.jpg,A man and a woman are dressed as Groucho Marx with fake cigars .
3170110692_d1e0e66cee.jpg,a man and a woman dress up .
3170110692_d1e0e66cee.jpg,"A man and a woman wear funny masks and pretend to smoke large , fake cigars ."
3170110692_d1e0e66cee.jpg,A woman and a man pose with Groucho Marx disguises .
3170551725_1276644eab.jpg,A person does a trick in the air on a skateboard .
3170551725_1276644eab.jpg,A snowboarder is leaping a mogul .
3170551725_1276644eab.jpg,There are two people on a ski run and one is high in the air making a jump .
3170551725_1276644eab.jpg,"There are two snowboarders , one , who is dressed in white , is doing a trick ."
3170551725_1276644eab.jpg,Three people are in the snow .
3170856184_efabfd0297.jpg,A cricket player is bowling the ball as the batsman is getting ready to run .
3170856184_efabfd0297.jpg,A man winds up for pitching a cricket ball in a professional cricket game .
3170856184_efabfd0297.jpg,The two men are playing cricket in a stadium .
3170856184_efabfd0297.jpg,Two guys dressed in white play Cricket .
3170856184_efabfd0297.jpg,Two men with cricket equipment play on the field with an audience behind them .
3171066023_ec60ba30f3.jpg,A downhill skier races near trees .
3171066023_ec60ba30f3.jpg,A person skis down a snowy and tree-filled hill .
3171066023_ec60ba30f3.jpg,A person skis down a forested hill .
3171066023_ec60ba30f3.jpg,A person skis through a forest of tall trees .
3171066023_ec60ba30f3.jpg,A skier is riding skis along a tree lined trail .
3173461705_b5cdeef1eb.jpg,One dog is jumping up at another dog by a fence on a snowy day .
3173461705_b5cdeef1eb.jpg,Two blond dogs sniff one another .
3173461705_b5cdeef1eb.jpg,Two dogs in snow .
3173461705_b5cdeef1eb.jpg,Two dogs play in the snow
3173461705_b5cdeef1eb.jpg,Two tan dogs play in the snow .
3173928684_4ea0ee5114.jpg,Two blond dogs are fighting on a frosty lawn .
3173928684_4ea0ee5114.jpg,Two large white dogs are fighting in the grass .
3173928684_4ea0ee5114.jpg,two white dogs fighting with each other
3173928684_4ea0ee5114.jpg,Two white dogs play together on a slightly snowy patch of green grass .
3173928684_4ea0ee5114.jpg,Two white long haired dogs play roughly with each other in tall grass with snow .
3174228611_6cf9d2266b.jpg,a basketball player wearing a red and white jersey while running down the court .
3174228611_6cf9d2266b.jpg,A dark skinned man in a white sports outfit plays basketball .
3174228611_6cf9d2266b.jpg,A man dribbles a ball during a basketball game .
3174228611_6cf9d2266b.jpg,An SMU basketball player playing basketball .
3174228611_6cf9d2266b.jpg,The SMU basketball player drives to the basket .
3174417550_d2e6100278.jpg,A boy on a red snowboard is airborne .
3174417550_d2e6100278.jpg,A man in a yellow coat jumps his snowboard off a rail .
3174417550_d2e6100278.jpg,A person in the air on a snowboard .
3174417550_d2e6100278.jpg,A snowboarder doing a jump off of a ledge .
3174417550_d2e6100278.jpg,A snowboarder rides his board off a graffiti covered wall at night .
3174726084_c108de0a64.jpg,A flag is carried .
3174726084_c108de0a64.jpg,"A red , white , black and green flag ."
3174726084_c108de0a64.jpg,The flag of a country is being held in a crowd
3174726084_c108de0a64.jpg,"There is a hand in front of a red , green , white , and black flag ."
3174726084_c108de0a64.jpg,"There is a picture of a green , white , black , and red flag ."
3175446111_681a89f873.jpg,a lot of people playing games at an arcade
3175446111_681a89f873.jpg,A man in blue at an arcade is playing a fishing game .
3175446111_681a89f873.jpg,A man is trying to fish for a prize in a fairground game .
3175446111_681a89f873.jpg,An asian man is fishing in an arcade game .
3175446111_681a89f873.jpg,The family attempts to get a prize at the carnival .
3177799416_5bd0382370.jpg,A person snowboarding down a snowy hill .
3177799416_5bd0382370.jpg,A snowboarder is coming down a hill .
3177799416_5bd0382370.jpg,Person snowboarding down a snow covered slope .
3177799416_5bd0382370.jpg,"Someone is snowboarding down a hill , shredding snow ."
3177799416_5bd0382370.jpg,The man is snowboarding down a snowy hill .
3178599352_c57fdebcd2.jpg,A girl in jeans sitting on a white couch and smiling .
3178599352_c57fdebcd2.jpg,A girl is sitting on a couch with a keyboard in her lap .
3178599352_c57fdebcd2.jpg,A girl sits on a white couch next to a boy in a gray shirt .
3178599352_c57fdebcd2.jpg,A smiling woman sits on a white couch .
3178599352_c57fdebcd2.jpg,The girl is sitting on a white couch with a boy nearby .
3181409177_edb09c2718.jpg,A bicyclist is in the air over a ramp .
3181409177_edb09c2718.jpg,A bike rider makes a jump on a halfpipe ramp .
3181409177_edb09c2718.jpg,A bike rider on a ramp .
3181409177_edb09c2718.jpg,A boy doing a bike trick is in midair waiting to come back down .
3181409177_edb09c2718.jpg,"A guy on a bike goes vertical near a ramp with a grassy , hilly terrain behind him ."
3181599388_68559cfc17.jpg,a wrestler throws another wrestler to the ground .
3181599388_68559cfc17.jpg,Two men engage in a professional wrestling match .
3181599388_68559cfc17.jpg,two men in a fight in a ring
3181599388_68559cfc17.jpg,Two men in midair fighting in a professional wrestling ring .
3181599388_68559cfc17.jpg,Two wrestlers jump in a ring while an official watches .
3182258223_5b9c8a8c55.jpg,A woman in shadow looks at the camera while the one in the sun looks at a book .
3182258223_5b9c8a8c55.jpg,Girl stands reading a notebook .
3182258223_5b9c8a8c55.jpg,Two girls stand up against a red wall .
3182258223_5b9c8a8c55.jpg,Two young girls with headscarves stand near a door while one reads a book .
3182258223_5b9c8a8c55.jpg,Two young women wearing black head scarves and colorful skirts stand near a red door .
3182558164_488b819f14.jpg,A basketball player in the air about to make a shot .
3182558164_488b819f14.jpg,A basketball player jumps up with the ball as two others watch .
3182558164_488b819f14.jpg,A school basketball game is in progress .
3182558164_488b819f14.jpg,Basketball player from Eastern goes between two defenders for a shot .
3182558164_488b819f14.jpg,Men playing a basketball game .
3182570190_48214e54c7.jpg,A giant billboard of a man 's abs
3182570190_48214e54c7.jpg,Pedestrians walk in front of an advertisement depicting a shirtless man in jeans .
3182570190_48214e54c7.jpg,people pass by a huge black and white poster of a male model unzipping his jeans .
3182570190_48214e54c7.jpg,People walk by a large advertisement of partially naked man .
3182570190_48214e54c7.jpg,Some people walk past a large billboard .
3182996527_70d9c323d5.jpg,A bicycle rider jumps off a ramp .
3182996527_70d9c323d5.jpg,A bmx rider performs a stunt beside a graffiti covered wall .
3182996527_70d9c323d5.jpg,A man in dark clothing on a bicycle in midair near a stunt ramp with graffiti behind him .
3182996527_70d9c323d5.jpg,"A person on a bike is midair , twisting his body around the handlebars , with graffiti behind him ."
3182996527_70d9c323d5.jpg,The person is on a bike .
3183195653_11b66acb34.jpg,The brightly dressed middle eastern women are conversing in the market .
3183195653_11b66acb34.jpg,The two people have their heads covered with scarves .
3183195653_11b66acb34.jpg,two woman wearing different colored scarfs over their hair outside .
3183195653_11b66acb34.jpg,Two women with head garb looking at each other in a public area .
3183195653_11b66acb34.jpg,Woman with red headwrap at a market with a woman with a brown headwrap .
3184206563_5435f2b494.jpg,A woman in a blue shirt runs through a field of dry grass .
3184206563_5435f2b494.jpg,A woman in the blue sweater is running through a brown field .
3184206563_5435f2b494.jpg,a woman jogging on an open field
3184206563_5435f2b494.jpg,A woman runs outside in a blue coat .
3184206563_5435f2b494.jpg,The woman in the blue jacket ran through the field .
3185662156_c877583c53.jpg,A boy is riding a red sledge down a snowy hill .
3185662156_c877583c53.jpg,A child in a blue jacket going down a hill on a sled .
3185662156_c877583c53.jpg,A kid riding a red sled down a snowy hill .
3185662156_c877583c53.jpg,A little kid in blue is sledding down a snowy hill .
3185662156_c877583c53.jpg,A young child is sledding down a snowy hill on a red sled .
3187364311_4c2a87083b.jpg,A person throws an object as a furry dog jumps to chase it .
3187364311_4c2a87083b.jpg,A woman in black is throwing a stick for a brown dog to run after .
3187364311_4c2a87083b.jpg,A woman is getting her dog to jump in the air .
3187364311_4c2a87083b.jpg,A woman playing with a shaggy dog
3187364311_4c2a87083b.jpg,"A woman plays in the wind , with a furry brown dog ."
3188044631_ca3a9cc737.jpg,A man and a woman in a apron stand near a fireplace and Christmas tree .
3188044631_ca3a9cc737.jpg,A man and a woman posing in front of a christmas tree .
3188044631_ca3a9cc737.jpg,A man and a woman stand in front of a Christmas tree contemplating a single thought .
3188044631_ca3a9cc737.jpg,A man and woman with their hands on their chins are standing next to a Christmas tree .
3188044631_ca3a9cc737.jpg,A young couple thinking about their Christmas decorations .
3189251454_03b76c2e92.jpg,A brown dog barks surrounded by white snow .
3189251454_03b76c2e92.jpg,a dog wearing a black collar is standing open mouthed in the snow .
3189251454_03b76c2e92.jpg,A tan dog with a black collar barking in the snow .
3189251454_03b76c2e92.jpg,dog barking
3189251454_03b76c2e92.jpg,Dog standing in snow barking .
3189941492_a3f4347b1a.jpg,Four children jumping on the shore .
3189941492_a3f4347b1a.jpg,Four girls are jumping next to each other on the sand shore of a large body of water .
3189941492_a3f4347b1a.jpg,Four girls are jumping up and down on the sand near the ocean .
3189941492_a3f4347b1a.jpg,Four girls jump in the sand at the beach .
3189941492_a3f4347b1a.jpg,Four girls jump up while holding hands at the beach .
319185571_56162796da.jpg,A dog is jumping over a stream of water on a sandy beach .
319185571_56162796da.jpg,A dog jumping over a puddle on the beach
319185571_56162796da.jpg,A dog jumping over a stream of water .
319185571_56162796da.jpg,A grey and white dog jumping over standing water in the sand .
319185571_56162796da.jpg,A small dog leaps over a stream .
3195147187_a073d59fa8.jpg,A black dog lies on the floor while a brown dog stands behind him .
3195147187_a073d59fa8.jpg,A brown dog is jumping over a black dog that is laying down on a patio .
3195147187_a073d59fa8.jpg,A tiger striped pitbull jumps over a black and brown dog .
3195147187_a073d59fa8.jpg,one dog lying down while another jumps over him
3195147187_a073d59fa8.jpg,The black and tan dog is laying down with the smaller dog jumps over his back .
3195701071_81879257f5.jpg,A brown dog is flying through the air .
3195701071_81879257f5.jpg,A brown dog is jumping in the air .
3195701071_81879257f5.jpg,a brown dog jumping through the air in a grassy yard .
3195701071_81879257f5.jpg,A large tan dog jumps in the air over the grass in a fenced yard .
3195701071_81879257f5.jpg,"A red dog , jumping in midair , on a grassy backyard , shot from behind ."
3197981073_3156963446.jpg,A woman playing an acoustic guitar with a microphone
3197981073_3156963446.jpg,A woman singing and playing the acoustic guitar onstage .
3197981073_3156963446.jpg,A woman sings into a microphone while playing guitar .
3197981073_3156963446.jpg,A young brown haired woman plays her guitar and sings into a microphone .
3197981073_3156963446.jpg,A young woman plays guitar and sings on a stage .
319851847_7212423309.jpg,A man is using a chainsaw on a statue .
319851847_7212423309.jpg,A man weilding a chainsaw carves a log into a Gnome .
319851847_7212423309.jpg,A man with a chainsaw is carving wood into a statue of a man .
319851847_7212423309.jpg,The fellow with the chainsaw and brown coveralls is carving a statue with a chainsaw .
319851847_7212423309.jpg,The man is carving a Santa out of wood .
319869052_08b000e4af.jpg,A man is on top of a ridge looking at a small stone tower .
319869052_08b000e4af.jpg,A man looking at a rock formation .
319869052_08b000e4af.jpg,A man puts his hand to his head on a rock wall .
319869052_08b000e4af.jpg,A person screening their eyes standing beside a tower of flat stone .
319869052_08b000e4af.jpg,A person stands next to a rock monument with his hand near his head .
3203878596_cbb307ce3b.jpg,Two brown dogs are playing with each other in the snow .
3203878596_cbb307ce3b.jpg,Two brown dogs chase each other in the snow .
3203878596_cbb307ce3b.jpg,Two brown dogs play in the snow .
3203878596_cbb307ce3b.jpg,Two dogs playing in the snow .
3203878596_cbb307ce3b.jpg,Two dogs playing or fighting in the snow .
3204354161_caf89ec784.jpg,"a dirt biker performs a trick in midair ,"
3204354161_caf89ec784.jpg,A driver gets high in the air with his motorbike .
3204354161_caf89ec784.jpg,A motocross racer does a trick in midair .
3204354161_caf89ec784.jpg,Man performing stunts with his motorcycle .
3204354161_caf89ec784.jpg,The man is hanging off the back of the motocross bike as it is jumping through the air .
3204686006_88f04547b9.jpg,A few sledders are chased by a dog .
3204686006_88f04547b9.jpg,A group of people go sledding on a snowy hill and a dog chases one as he slides .
3204686006_88f04547b9.jpg,Children sled and a dog plays on a snowy hill .
3204686006_88f04547b9.jpg,Four people and a dog play in the snow .
3204686006_88f04547b9.jpg,"Four people in various stage of sledding on a snowy hill , while a dog playfully chases one of them ."
3205839744_24504ba179.jpg,A brown dog laying on a green cushion .
3205839744_24504ba179.jpg,A brown dog rests on a green cushion .
3205839744_24504ba179.jpg,A brown dog sleeps on a green pillow .
3205839744_24504ba179.jpg,A dog laying down on a green cushion .
3205839744_24504ba179.jpg,"A large brown dog is lying in the sun on a big , green dog bed ."
3206999917_e682672cbc.jpg,"A black , brown and white dog with his tongue out is in the snow"
3206999917_e682672cbc.jpg,"A black , white and brown dog waking in the snow with a red toy in its mouth near an icey tree ."
3206999917_e682672cbc.jpg,A dog is walking along a snowy surface .
3206999917_e682672cbc.jpg,A young Lassie looking dog is in the snow .
3206999917_e682672cbc.jpg,The dog walking through the snow is licking his nose .
3207654194_43d6bebd68.jpg,A dog is running across a desert with bushes around him .
3207654194_43d6bebd68.jpg,A dog running across the sand
3207654194_43d6bebd68.jpg,A dog running up a sandy hill
3207654194_43d6bebd68.jpg,A little brown dog is running fast on a sand dune during the day .
3207654194_43d6bebd68.jpg,"Small , hairy dog running in the sand ."
3208987435_780ae35ef0.jpg,An asian woman holding an asian baby that is reaching toward the camera .
3208987435_780ae35ef0.jpg,An oriental girl is holding a baby in her arms .
3208987435_780ae35ef0.jpg,A smiling Asian woman holding her baby
3208987435_780ae35ef0.jpg,A smiling woman dressed in white holding a baby who is reaching his hand out .
3208987435_780ae35ef0.jpg,The woman is holding a child and posing for a picture .
3209564153_077ed4d246.jpg,A man in a blue jacket with a helmet on skiing .
3209564153_077ed4d246.jpg,A person skiing down a hill .
3209564153_077ed4d246.jpg,A skier is coming down a hill .
3209564153_077ed4d246.jpg,A skier wearing a blue jacket and helmet is skiing down a hill .
3209564153_077ed4d246.jpg,A skier going goes down the mountain .
3211210739_3dea005fde.jpg,A boy jumps in a gymnastic competition .
3211210739_3dea005fde.jpg,A male gymnast upside down in midair .
3211210739_3dea005fde.jpg,A track athlete does a pole vault .
3211210739_3dea005fde.jpg,A young man is running and performing a trick over a balance beam .
3211210739_3dea005fde.jpg,The gymnast does a flip over the bar .
3211453055_05cbfe37cd.jpg,A man and a woman on a ski lift .
3211453055_05cbfe37cd.jpg,Two people are riding on a ski lift
3211453055_05cbfe37cd.jpg,Two skiers getting ready to jump off of a ski lift .
3211453055_05cbfe37cd.jpg,two skiers look down from the ski lift .
3211453055_05cbfe37cd.jpg,"Two skiers , one in pink and one in black , ride on a ski lift ."
3211556865_d1d9becf69.jpg,A man stands atop a mountain with arms extended .
3211556865_d1d9becf69.jpg,A person on top of a mountain with arms over head .
3211556865_d1d9becf69.jpg,A person stands at the top of a mountain and raises his arms .
3211556865_d1d9becf69.jpg,Man on top of a mountain with his arms in the air .
3211556865_d1d9becf69.jpg,The man is standing on the rocks above the river with his arms in the air .
3211581957_df2f7e2236.jpg,A brown horse with a rider on its back jumps a barrier .
3211581957_df2f7e2236.jpg,A horse jumps a fence in a show jumping competeition .
3211581957_df2f7e2236.jpg,A horse leaps a hurdle with a rider on its back .
3211581957_df2f7e2236.jpg,An equestrian on a horse makes a jump .
3211581957_df2f7e2236.jpg,Horse and rider leap over a barrier
3212465975_b657f40eed.jpg,A man jumps high on his yellow skateboard over the concrete tile .
3212465975_b657f40eed.jpg,A skateboarder gets airtime .
3212465975_b657f40eed.jpg,A skateboarder jumping with his skateboard
3212465975_b657f40eed.jpg,Boy jumping in the air with a skateboard .
3212465975_b657f40eed.jpg,Skateboarder in black with yellow skateboard in midair .
3213992947_3f3f967a9f.jpg,"A girl in a red jacket , surrounded by people ."
3213992947_3f3f967a9f.jpg,A woman in a puffy red jacket poses for a picture at an ice skating rink .
3213992947_3f3f967a9f.jpg,"A woman in a red coat is smiling , while people in the background are walking around in winter clothing ."
3213992947_3f3f967a9f.jpg,A woman wearing a red coat smiles down at the camera .
3213992947_3f3f967a9f.jpg,The woman in a red jacket is smiling at the camera .
3215081286_d55541aa6b.jpg,A dark street scene shows a neon lights and a group of people dining while another group walks .
3215081286_d55541aa6b.jpg,People inside a shop at night while other people walk around outside .
3215081286_d55541aa6b.jpg,People sit in a lit alcove off a dark street .
3215081286_d55541aa6b.jpg,Some people in building as seen from the street at night .
3215081286_d55541aa6b.jpg,There are some people in a restaurant and two men walking by them
3216829599_366a43f05e.jpg,A huge wave crashes over a man on a surfboard .
3216829599_366a43f05e.jpg,A person crouched in the middle of a large wave in the ocean .
3216829599_366a43f05e.jpg,A person surfs on a wave as water towers above him .
3216829599_366a43f05e.jpg,A surfer catching a wave .
3216829599_366a43f05e.jpg,Surfer is in the middle of a huge wave .
3217240672_b99a682026.jpg,A group of people ride down the road in a large tractor .
3217240672_b99a682026.jpg,A tractor decorated as a float for a parade
3217240672_b99a682026.jpg,A tractor pulling a wagon with a giant pumpkin covered in cloth and two wicker baskers on it drives down a road with people nearby .
3217240672_b99a682026.jpg,Several people ride in a very odd looking truck .
3217240672_b99a682026.jpg,Three men are driving a tractor that is carrying a huge brown object .
3217291172_10ef70af88.jpg,two african-Americans stand in front of the building .
3217291172_10ef70af88.jpg,Two black males are posing for a picture with winter clothes on .
3217291172_10ef70af88.jpg,Two men are posing for a picture .
3217291172_10ef70af88.jpg,Two men are standing together in front of a white brick building .
3217291172_10ef70af88.jpg,Two men with glasses stand outside a stone building in the cold .
3217893350_57be430d06.jpg,a man and woman are pretending to be spiritual in front of Japanese temple .
3217893350_57be430d06.jpg,"A man and woman relaxing in a beautiful , scenic country ."
3217893350_57be430d06.jpg,A woman and man are posing on a beach in front of a landmark .
3217893350_57be430d06.jpg,A young couple do yoga positions in front of a torii gate .
3217893350_57be430d06.jpg,Two people are standing on a beach with an oriental statue behind them in the water .
3217910740_d1d61c08ab.jpg,A teacher is instructing two boys how to use the computer in a class .
3217910740_d1d61c08ab.jpg,A woman helps boys on a computer .
3217910740_d1d61c08ab.jpg,Children sit in front of a computer while their teacher instructs them .
3217910740_d1d61c08ab.jpg,Kids work at computers with a teacher 's help .
3217910740_d1d61c08ab.jpg,Two boys are getting help on a computer from a teacher .
3220151692_d398ef9779.jpg,A sumo wrestler in black begins to push another in blue out of the ring .
3220151692_d398ef9779.jpg,Two sumo wrestlers are fighting in a ring .
3220151692_d398ef9779.jpg,two sumo wrestlers fight .
3220151692_d398ef9779.jpg,Two sumo wrestlers in the ring .
3220151692_d398ef9779.jpg,Two sumo wrestlers wrestling in a sand ring .
3220161734_77f42734b9.jpg,A blond haired child in a black outfit and red belt doing karate .
3220161734_77f42734b9.jpg,A child with a red sash practices martial arts .
3220161734_77f42734b9.jpg,A girl in a black outfit with a red sash and a black headband has one hand on her waist and one extended straight out .
3220161734_77f42734b9.jpg,A young boy wearing a black uniform with a red sash taking part in a martial arts exposition .
3220161734_77f42734b9.jpg,A young child with a red belt does a demonstration .
322050103_145f7233c6.jpg,A city street is busy with people as one person walks across the crosswalk .
322050103_145f7233c6.jpg,A man crosses the street next to a light rail station .
322050103_145f7233c6.jpg,A man crossing an intersection and others are walking
322050103_145f7233c6.jpg,A woman in a blue hat and coat is crossing the road on a pedestrian crossing .
322050103_145f7233c6.jpg,Man walking in the street under green lights
3223709894_97824ba76f.jpg,A brown dog runs in the grass with one ear up .
3223709894_97824ba76f.jpg,A fluffy dog runs in grass .
3223709894_97824ba76f.jpg,A shaggy dog is running through a grassy area .
3223709894_97824ba76f.jpg,a small brown puddle running through a grassy yard .
3223709894_97824ba76f.jpg,A small dog runs through the grass .
3224560800_8fefd52510.jpg,A male fire-dancer performs .
3224560800_8fefd52510.jpg,A man dances with a fire baton at night .
3224560800_8fefd52510.jpg,A man juggles a flaming staff in the dark .
3224560800_8fefd52510.jpg,A man twirling a flaming baton .
3224560800_8fefd52510.jpg,an african man is performing a trick with a stick that is burning with fire at both ends .
3225037367_a71fa86319.jpg,A crowd of people in knit hats standing near a van .
3225037367_a71fa86319.jpg,A group of people are gathered together .
3225037367_a71fa86319.jpg,A group of people gather around a truck .
3225037367_a71fa86319.jpg,A large group of people are gathered .
3225037367_a71fa86319.jpg,There are a lot of people crowded around a blue sign .
3225226381_9fe306fb9e.jpg,a black dog with a pink collar is following behind a brown dog with across a grassy field .
3225226381_9fe306fb9e.jpg,A little black dog chasing a little brown one .
3225226381_9fe306fb9e.jpg,A small white and black dog chasing a slightly larger brown dog in a grassy area .
3225226381_9fe306fb9e.jpg,One brown and one black dog in grass .
3225226381_9fe306fb9e.jpg,"Two dogs running , one brown and one grey"
3225998968_ef786d86e0.jpg,A man on skis on a snow-covered hill with mountains in the background
3225998968_ef786d86e0.jpg,A man with red pants is skiing downhill .
3225998968_ef786d86e0.jpg,A person in red pants skis down a mountain .
3225998968_ef786d86e0.jpg,A skier in red pants is on a snow covered slope .
3225998968_ef786d86e0.jpg,This person is skiing .
3226541300_6c81711e8e.jpg,Two men in magenta costumes performing .
3226541300_6c81711e8e.jpg,two men in red fight .
3226541300_6c81711e8e.jpg,Two men in red robes performing martial arts .
3226541300_6c81711e8e.jpg,Two people dressed in pink .
3226541300_6c81711e8e.jpg,two people in red traditional Chinese garb are performing with sticks
3229442620_fd47d01b59.jpg,A bird flying over some sand .
3229442620_fd47d01b59.jpg,A large bird swooping down towards the ground .
3229442620_fd47d01b59.jpg,A large brown and white bird flying over land .
3229442620_fd47d01b59.jpg,An eagle is coming in for a landing on the beach .
3229442620_fd47d01b59.jpg,A white and beige colored bird is flying over a sandy beach .
3231751379_10ebf7150c.jpg,A goalie is crouching in a defensive position in front of the goal .
3231751379_10ebf7150c.jpg,A hockey player in blue and red guarding the goal .
3231751379_10ebf7150c.jpg,An ice hockey goalkeeper in a red and blue strip is on his knees in front of the goal .
3231751379_10ebf7150c.jpg,An ice hockey player is bending down on the ice .
3231751379_10ebf7150c.jpg,The hockey player knelt on the ice .
3232030272_b2480a5fe7.jpg,A woman is walking in front of a fast-food restaurant .
3232030272_b2480a5fe7.jpg,A woman walking down the sidewalk beside a cheeseburger advertisement .
3232030272_b2480a5fe7.jpg,A woman walking near a fast food restaurant .
3232030272_b2480a5fe7.jpg,a woman wearing a white jacket walks past a billboard that is advertising hamburgers .
3232030272_b2480a5fe7.jpg,A woman with a white jacket and black pants is walking down the sidewalk in front of a banner advertising hamburgers .
3232470286_903a61ea16.jpg,A ball is about to enter a goal at a soccer match .
3232470286_903a61ea16.jpg,A soccer player in a white shirt kicked a goal .
3232470286_903a61ea16.jpg,A soccer player tries to kick the ball in the goal .
3232470286_903a61ea16.jpg,A soccer team scores a goal .
3232470286_903a61ea16.jpg,Goal attempt during a soccer game being played on green grass .
3235746553_a40416c00e.jpg,A brown dog begins to run along a beach with a wave in the background .
3235746553_a40416c00e.jpg,A brown dog is running on sand next to the ocean .
3235746553_a40416c00e.jpg,A dog is galloping on the beach .
3235746553_a40416c00e.jpg,A dog is running along a beach in front of the ocean .
3235746553_a40416c00e.jpg,A dog leaps by the ocean .
3239866450_3f8cfb0c83.jpg,A person is in a tree at night .
3239866450_3f8cfb0c83.jpg,A skier flies past bare trees after taking a night jump .
3239866450_3f8cfb0c83.jpg,A snowboarder getting air at night .
3239866450_3f8cfb0c83.jpg,I have no idea !
3239866450_3f8cfb0c83.jpg,Someone sitting in the tree in the dark .
3240048764_acce8af2a5.jpg,The couple is sitting near the water in lawn chairs .
3240048764_acce8af2a5.jpg,Two people on cots watching the water at twilight .
3240048764_acce8af2a5.jpg,Two people relax by the water .
3240048764_acce8af2a5.jpg,"Two people sit in the dark , on the shore , looking at the city lights ."
3240048764_acce8af2a5.jpg,Two people sitting in the shadows near the water .
3240090389_97a8c5d386.jpg,A person in a red shirt on a skateboard .
3240090389_97a8c5d386.jpg,A person riding a skateboard .
3240090389_97a8c5d386.jpg,A teenage male grinds on his skateboard .
3240090389_97a8c5d386.jpg,The skateboarder does a trick on a ramp .
3240090389_97a8c5d386.jpg,"While doing tricks , the skateboarder is at the top of the half pipe ."
3241965735_8742782a70.jpg,A parachute caught on a tree with some people on the ground shining a light at it .
3241965735_8742782a70.jpg,A person jumps up over the snow as their skis cross .
3241965735_8742782a70.jpg,A skier in midair
3241965735_8742782a70.jpg,A skier is doing a trick in the air at night .
3241965735_8742782a70.jpg,A skier makes a jump with his skis crossed .
3242263536_a436f19257.jpg,A man on rollerblades is doing a trick .
3242263536_a436f19257.jpg,A man riding a skateboard on a half pipe in the dark .
3242263536_a436f19257.jpg,A rollerskater does tricks on a half pipe .
3242263536_a436f19257.jpg,A skateboarder performs a trick on a ramp .
3242263536_a436f19257.jpg,There is a guy wearing a grey and white striped shirt and black pants skateboarding on the black surface .
3243020805_2bafc36c45.jpg,A boy is wielding a long white stick whilst some people are watching him from behind .
3243020805_2bafc36c45.jpg,A child swings a big white stick while others look on .
3243020805_2bafc36c45.jpg,a young boy swinging a stick about o hit something .
3243020805_2bafc36c45.jpg,A young boy swings a large stick as a crowd watches .
3243020805_2bafc36c45.jpg,The little boy swings a large white stick .
324355356_859988a710.jpg,Two staffordshire terriers race through a field in the woods
324355356_859988a710.jpg,Two brown dogs running in a grassy field .
324355356_859988a710.jpg,Two dogs running in the woods .
324355356_859988a710.jpg,two dogs run through a grassy patch that is surrounded by trees .
324355356_859988a710.jpg,Two tan dogs run along a field at the edge of a woods .
3244734844_c318c29c23.jpg,"A boy wearing a blue parka , green pants , and white shoes is leaping in a ramp ."
3244734844_c318c29c23.jpg,a man performs a large jump .
3244734844_c318c29c23.jpg,A man wearing a blue jacket jumping from one concrete wall to the other .
3244734844_c318c29c23.jpg,A person in a blue jacket jumps off of a tan cement wall .
3244734844_c318c29c23.jpg,Someone in a blue coat and white sneakers is airborne .
3245460937_2710a82709.jpg,A boy jumping to hit a tennis ball with his racket
3245460937_2710a82709.jpg,A boy wearing jeans leaps in the air and shows his shadow below .
3245460937_2710a82709.jpg,A child jumping on a tennis court .
3245460937_2710a82709.jpg,The boy is jumping in the air .
3245460937_2710a82709.jpg,Where is the rest of his racket ?
3245939062_8ffe1d2be5.jpg,a man and woman have matching tattoos .
3245939062_8ffe1d2be5.jpg,A man holds the hair of a woman to show her matching tattoo .
3245939062_8ffe1d2be5.jpg,a pair showing off matching musical note tattoos
3245939062_8ffe1d2be5.jpg,The man and woman show off their matching skull tattoos .
3245939062_8ffe1d2be5.jpg,Two people show off their matching skull tattoos while two other people look on .
3246991821_750a3097e2.jpg,A girl in a pink dress blows bubbles on a wharf .
3246991821_750a3097e2.jpg,A girl wearing a dress is blowing bubbles at a dock .
3246991821_750a3097e2.jpg,A little girl blows bubbles in a courtyard with a ship in the background .
3246991821_750a3097e2.jpg,Small girl blowing bubbles outside .
3246991821_750a3097e2.jpg,The girl in the pink dress is blowing bubbles on a walkway in front of a black ship .
3248408149_41a8dd90d3.jpg,A brown and white dog standing next to a smaller brown and white dog in front of a fence .
3248408149_41a8dd90d3.jpg,A brown and white dog stands on the sand to look at another dog .
3248408149_41a8dd90d3.jpg,A large dog plays in the sand with a small dog .
3248408149_41a8dd90d3.jpg,Collie dog digs in sand .
3248408149_41a8dd90d3.jpg,Two dogs playing in the sand next to a fence .
3249738122_decde6c117.jpg,a crowd cheers on a sled dog racer .
3249738122_decde6c117.jpg,A participant in a dog sled race passes onlookers .
3249738122_decde6c117.jpg,Dogs pull a sled in the snow .
3249738122_decde6c117.jpg,The crowd watches the musher 's dog sled .
3249738122_decde6c117.jpg,Three dogs pull a sled during a race in the snow .
3249865395_dceaa59f54.jpg,a few people waing around at a train stop
3249865395_dceaa59f54.jpg,Five people on a sidewalk .
3249865395_dceaa59f54.jpg,five people standing on a sidewalk
3249865395_dceaa59f54.jpg,Three girls and a guy wait for a rail train .
3249865395_dceaa59f54.jpg,three people stand on the sidewalk .
325005410_e1ff5041b5.jpg,"A crowd of people are sitting in bleachers , and some are holding American flags ."
325005410_e1ff5041b5.jpg,"A crowd of people , some with flags , at an event ."
325005410_e1ff5041b5.jpg,A group of people are at a convention waving American flags .
325005410_e1ff5041b5.jpg,People are sitting on bleachers waving American flags .
325005410_e1ff5041b5.jpg,People waving flags watch a game .
3250695024_93e8ab7305.jpg,A group of people stand together and look at the camera .
3250695024_93e8ab7305.jpg,"A man , a woman , a girl , and a younger girl look puzzled and concerned ."
3250695024_93e8ab7305.jpg,"A man , woman and one girl face the camera , while one girl faces away ."
3250695024_93e8ab7305.jpg,"Oriental man , and two women facing camera and young child with back to camera ."
3250695024_93e8ab7305.jpg,"Three people looking concerned facing us , a girl in a backback facing away ."
3251906388_c09d44340e.jpg,Two dogs play tug-of-war with a dark object in the snow .
3251906388_c09d44340e.jpg,Two poodles playing tug-o-war
3251906388_c09d44340e.jpg,Two white poodles fighting over something in their mouths in the snow
3251906388_c09d44340e.jpg,Two white standard poodles playing tug of war in the snow .
3251906388_c09d44340e.jpg,two white standard poodles play with a toy in the snow
3252985078_c4ee2aca4e.jpg,A crowd of men wearing paper numbers on their shirts run in a race .
3252985078_c4ee2aca4e.jpg,A group of people are running a race .
3252985078_c4ee2aca4e.jpg,A large pack of men jog in a race .
3252985078_c4ee2aca4e.jpg,People with numbers on their chests are running in a pack .
3252985078_c4ee2aca4e.jpg,There is a large crowd of runners .
3256043809_47258e0b3e.jpg,a brown and white dog is sniffing the snow covered ground .
3256043809_47258e0b3e.jpg,A brown and white dog walking in the snow near a fence .
3256043809_47258e0b3e.jpg,A brown & white greyhound dog sniffs the snow .
3256043809_47258e0b3e.jpg,A lean white and brown dog makes its way through a patch of snow .
3256043809_47258e0b3e.jpg,A slender dog checks out a snowy patch of land .
3256456935_664a7a5bba.jpg,A girl in martial arts class is kicking a dummy .
3256456935_664a7a5bba.jpg,A young girl in martial arts class kicks a bag .
3256456935_664a7a5bba.jpg,kid practicing karate move
3256456935_664a7a5bba.jpg,Little girl kicks black object at karate class .
3256456935_664a7a5bba.jpg,The girl with the red belt is kicking a pad that the person in black is holding .
3257107194_f235c8f7ab.jpg,"One man in the hole of a tire in water , and another man getting up from the water next to him ."
3257107194_f235c8f7ab.jpg,Two boys hanging off a tire dock .
3257107194_f235c8f7ab.jpg,Two men are playing with tires in muddy water .
3257107194_f235c8f7ab.jpg,Two men climb onto tires while sitting in the muddy water .
3257107194_f235c8f7ab.jpg,Two men trying to hoist themselves up from the water on to a walkway made of tires .
3259228898_cefd04580b.jpg,A man is kneeling in the top step while many people are behind him sitting in chairs .
3259228898_cefd04580b.jpg,A man sits on the stage giving technical assistance for a performance .
3259228898_cefd04580b.jpg,a man sitting in front of a stage
3259228898_cefd04580b.jpg,"A man with a "" Backyard Babies "" has a black box in front of him and a crowd on chairs behind him ."
3259228898_cefd04580b.jpg,Crowd behind man working projector
3259229498_2b5708c0c6.jpg,"A lone performer or lecturer takes the stage in an urban setting , for a crowd of about 30 spectators ."
3259229498_2b5708c0c6.jpg,An older crowd looks up at a small stage in the street .
3259229498_2b5708c0c6.jpg,A person standing on a stage in front of a seated crowd
3259229498_2b5708c0c6.jpg,People are seated outdoors to see someone onstage .
3259229498_2b5708c0c6.jpg,People are watching an outside presentation .
3259231890_16fe167b31.jpg,A girl in black is starring off into the distance .
3259231890_16fe167b31.jpg,A woman in a black coat with a camera on a tripod
3259231890_16fe167b31.jpg,A woman leans against the wall while a camera operates next to her .
3259231890_16fe167b31.jpg,A woman stands against a wall near a video camera .
3259231890_16fe167b31.jpg,a woman stands behind a video camera .
3259992164_94600858b3.jpg,people are dancing on a checkered platform while people are watching
3259992164_94600858b3.jpg,Many people are watching street performers dancing .
3259992164_94600858b3.jpg,Two men are performing on a sidewalk as a crowd watches
3259992164_94600858b3.jpg,"Two men break dancing , with a crowd looking on ."
3259992164_94600858b3.jpg,two men dancing on a checker board in front of a crowd
3261666285_86fceb762d.jpg,A basketball player in white is trying to defend against the player in black who is dribbling the ball .
3261666285_86fceb762d.jpg,An african american runs with a basketball as a caucasion tries to take the ball from him .
3261666285_86fceb762d.jpg,Guy in black uniform dribbling basketball away from guy in white uniform
3261666285_86fceb762d.jpg,Two teams are playing basketball as one man is driving towards the hoop .
3261666285_86fceb762d.jpg,White player attempts to get ball from black player on basketball court .
3262475923_f1f77fcd9f.jpg,The two men are playing Frisbee in a field .
3262475923_f1f77fcd9f.jpg,Two men in long sleeved clothing are playing Frisbee in a park .
3262475923_f1f77fcd9f.jpg,Two men in wintry athletic clothing play ultimate Frisbee .
3262475923_f1f77fcd9f.jpg,Two men play Frisbee in the park .
3262475923_f1f77fcd9f.jpg,two player run for the Frisbee .
3262647146_a53770a21d.jpg,A little boy jumps in the air while his younger brother looks on .
3262647146_a53770a21d.jpg,boy jumps through mud puddle .
3262647146_a53770a21d.jpg,The two young boys play in a puddle on a comfortable day .
3262647146_a53770a21d.jpg,Two children are playing in a mud puddle .
3262647146_a53770a21d.jpg,two little boys play with a puddle .
3262793378_773b21ec19.jpg,A bicyclist is attempting a trick on a wire in a tropical location .
3262793378_773b21ec19.jpg,A biker lets go of the handlebars while flying over the ground .
3262793378_773b21ec19.jpg,An extreme cyclist in red shirt and helmet jumping his bike over a guidewire
3262793378_773b21ec19.jpg,A person on a bike leaps high in the air at a beach .
3262793378_773b21ec19.jpg,Person in orange shirt balancing bicycle on wire
3263741906_6e4508d1c8.jpg,A dirty dog is running down a vacant road .
3263741906_6e4508d1c8.jpg,A dog is running on a pathway .
3263741906_6e4508d1c8.jpg,A dog running down a paved road .
3263741906_6e4508d1c8.jpg,A yellow dog runs down a dirt path .
3263741906_6e4508d1c8.jpg,Blonde dog running down road
3264397357_72f084cac1.jpg,A brown haired woman wearing a red scarf near a stream .
3264397357_72f084cac1.jpg,A dark haired lady with a big smile is wearing a bright red scarf .
3264397357_72f084cac1.jpg,A woman in a red scarf smiles for the camera .
3264397357_72f084cac1.jpg,A woman wearing a red scarf is standing on a hill by a winding road .
3264397357_72f084cac1.jpg,A woman wearing a red scarf smiles in front of a mountain background .
3264650118_be7df266e7.jpg,A man cross-country skis on a snowy path .
3264650118_be7df266e7.jpg,A man skies on the snowy ground among trees .
3264650118_be7df266e7.jpg,A man skiing through a wintry wooded area wearing a red jacket .
3264650118_be7df266e7.jpg,Cross-country skiers are traveling through a snowy forest .
3264650118_be7df266e7.jpg,People hike in the snow surrounded by trees .
3265964840_5374ed9c53.jpg,A boy on a snowboard leaps through the air .
3265964840_5374ed9c53.jpg,A man in a yellow hat is crouching on his snowboard .
3265964840_5374ed9c53.jpg,A man in a blue shirt and green cap on a red snowboard .
3265964840_5374ed9c53.jpg,A snowboarder flies through the air on a red snowboard in front of a snowy landscape .
3265964840_5374ed9c53.jpg,A snowboarder landing on a pile of wood .
3266261886_36e1323d2f.jpg,A sumo wrestler with a brown belt is pushing another wrestler in a bout .
3266261886_36e1323d2f.jpg,Sumo wrestlers pushing against each other .
3266261886_36e1323d2f.jpg,Two people are sumo wrestling .
3266261886_36e1323d2f.jpg,Two sumo wrestlers in a fight .
3266261886_36e1323d2f.jpg,Two sumo wrestlers wrestling .
3269380710_9161b0bd00.jpg,A man in a blue shirt smoking a cigarette .
3269380710_9161b0bd00.jpg,a man smokes a cigarette .
3269380710_9161b0bd00.jpg,a man wearing a blue shirt smoking a cigarette in front of a building
3269380710_9161b0bd00.jpg,A redheaded man smokes a cigarette while leaning his head forward .
3269380710_9161b0bd00.jpg,man in blue shirt smoking
3270047169_2ed289a9af.jpg,A boy on a skateboard rides down a red pole .
3270047169_2ed289a9af.jpg,A male youth is grinding a rail on his skateboard .
3270047169_2ed289a9af.jpg,A person skateboarding on a red rail .
3270047169_2ed289a9af.jpg,a skateboarder grinds a rail .
3270047169_2ed289a9af.jpg,The boy is performing a trick on a red rail with a skateboard .
3270691950_88583c3524.jpg,A man dives into a lake .
3270691950_88583c3524.jpg,A man dives into the water surrounded by rocks and pine trees .
3270691950_88583c3524.jpg,A man is diving into water near a shore .
3270691950_88583c3524.jpg,A young man dives into water .
3270691950_88583c3524.jpg,The man is diving into the water .
3273091032_98f724b36b.jpg,A chipmunk stands on the edge of a field and road
3273091032_98f724b36b.jpg,A squirrel stands in the grass looking around .
3273091032_98f724b36b.jpg,A squirrel stands on its hind legs in the grass at the edge of a road .
3273091032_98f724b36b.jpg,There is a squirrel sitting up in the grass .
3273091032_98f724b36b.jpg,The squirrel sits straight up in the grass .
3275537015_74e04c0f3e.jpg,Four girls are playing volleyball on a sandy beach near ocean .
3275537015_74e04c0f3e.jpg,Four girls in swimsuits are playing volleyball at the beach .
3275537015_74e04c0f3e.jpg,Four ladies in swimsuits play sand volleyball on the beach .
3275537015_74e04c0f3e.jpg,Four women in bikinis are playing volleyball on the beach .
3275537015_74e04c0f3e.jpg,Girls in bikinis are playing a game of volleyball near a body of water .
3280052365_c4644bf0a5.jpg,A crowd of people in the street at night .
3280052365_c4644bf0a5.jpg,A young girl sits atop a lady 's shoulders as they revel with the celebrating crowd .
3280052365_c4644bf0a5.jpg,Two woman and a child look at each other while a night party scene goes on behind them .
3280052365_c4644bf0a5.jpg,Two women and a child celebrating at a nighttime party .
3280052365_c4644bf0a5.jpg,Two women and one young girl are together in a crowded area .
3282634762_2650d0088a.jpg,A swan is flying through a body of water .
3282634762_2650d0088a.jpg,A swan preparing for flight across the pond
3282634762_2650d0088a.jpg,A swan taking off from a lake
3282634762_2650d0088a.jpg,The white swan is taking off from the water .
3282634762_2650d0088a.jpg,White bird flying above water .
3284460070_6805990149.jpg,A biker going up a path lined with red tape .
3284460070_6805990149.jpg,a bmx rider takes air along the course .
3284460070_6805990149.jpg,A motocross rider does a jump in the woods .
3284460070_6805990149.jpg,Biker in colorful clothes riding a trail .
3284460070_6805990149.jpg,The mountain bike is being ridden on a trail through the wood that is marked out by red tape .
3285993030_87b0f1d202.jpg,A black dog is running along a muddy stream surrounded by fall foliage .
3285993030_87b0f1d202.jpg,A black dog is running down a path .
3285993030_87b0f1d202.jpg,A curly clack dog is running down a natural path .
3285993030_87b0f1d202.jpg,Dark colored dog leaping down a path .
3285993030_87b0f1d202.jpg,Fuzzy dark gray dog running along a dirt path with weeds on the sides .
3286017638_c688c83e3d.jpg,A man helps up a woman who has fallen after kicking a soccer ball .
3286017638_c688c83e3d.jpg,One soccer player is laying on the ground with his arms in the air whilst the other runs towards the ball .
3286017638_c688c83e3d.jpg,One soccer player runs past a fallen teammate towards the ball .
3286017638_c688c83e3d.jpg,"Two men playing soccer , one sliding one running towards the ball ."
3286017638_c688c83e3d.jpg,Two people in brown uniforms playing in a soccer match .
3286045254_696c6b15bd.jpg,A basketball player concentrating on keeping the ball from other players .
3286045254_696c6b15bd.jpg,A basketball player holding a basketball .
3286045254_696c6b15bd.jpg,The basketball player in blue is running between two players in white .
3286045254_696c6b15bd.jpg,The man in blue has the basketball while the man on the left watches and the man on the right tries to stop him .
3286045254_696c6b15bd.jpg,Two basketball teams compete .
3286193613_fc046e8016.jpg,A brown dog bares its fangs .
3286193613_fc046e8016.jpg,A German shepherd on a leash barking up at somebody .
3286193613_fc046e8016.jpg,A leashed dog holds its mouth open wide .
3286193613_fc046e8016.jpg,"Brown dog barking at something off camera , green background ."
3286193613_fc046e8016.jpg,The brown and black dog has his mouth open .
3286198467_8880be127e.jpg,A brown dog is fetching something in its mouth on a field .
3286198467_8880be127e.jpg,A dog in a field holding something in its mouth .
3286198467_8880be127e.jpg,A dog is carrying something in his mouth .
3286198467_8880be127e.jpg,A dog with a choke collar is holding a gauntlet in its mouth .
3286198467_8880be127e.jpg,A large black and brown dog is carrying something in its mouth while walking on grass .
3286222970_1fa445e38f.jpg,"A little girl runs in the park , looking at somthing out of frame ."
3286222970_1fa445e38f.jpg,A young girl walks quickly outside .
3286222970_1fa445e38f.jpg,Girl running past a bench .
3286222970_1fa445e38f.jpg,The girl is running through a park near a wooden park bench .
3286222970_1fa445e38f.jpg,Young girl in green shirt and sandals runs down the street
3286620180_4b00e93e8e.jpg,A crowd of people wearing red shirts runs along a city road .
3286620180_4b00e93e8e.jpg,A group of people in red are running down the road .
3286620180_4b00e93e8e.jpg,A large group of men and woman all wearing red t-shirts participate in a race .
3286620180_4b00e93e8e.jpg,The people in orange t-shirts are jogging on the street .
3286620180_4b00e93e8e.jpg,There are hundreds of people with red shirts running a marathon .
3286822339_5535af6b93.jpg,A busy city street with many people walking along it .
3286822339_5535af6b93.jpg,A couple walk to the side of a crowded walkway .
3286822339_5535af6b93.jpg,Chinese market street in the winter time .
3286822339_5535af6b93.jpg,People walk down a paved street that has red lanterns hung from the buildings .
3286822339_5535af6b93.jpg,People walking down street lined with Chinese lanterns .
3287963317_186491ee78.jpg,A group poses for a picture in front of a frozen waterfall .
3287963317_186491ee78.jpg,Four people crouched near an ice formation .
3287963317_186491ee78.jpg,Four people sitting in the snow at the base of a frozen waterfall .
3287963317_186491ee78.jpg,There are four people dressed in warm clothes sitting in the snow in front of a huge piece of ice .
3287963317_186491ee78.jpg,Two couples pose for a picture in the winter .
3288173388_03bc2a844d.jpg,A girl in a Burka is learning vocabulary in a classroom .
3288173388_03bc2a844d.jpg,A man points to a blackboard to show a child something .
3288173388_03bc2a844d.jpg,A man teaches English to a young girl in a rural African village .
3288173388_03bc2a844d.jpg,one person pointing at a chalkboard with a student looking on
3288173388_03bc2a844d.jpg,The man writes something on the chalkboard to teach the girl who is standing next to him .
3290105461_7590f23371.jpg,"A cricket batter , dressed all in white , makes a hit"
3290105461_7590f23371.jpg,"A man , dressed in white and wearing a red cap , plays on the grass ."
3290105461_7590f23371.jpg,A man in a rugby uniform hitting a ball in a grassy field .
3290105461_7590f23371.jpg,A man playing cricket
3290105461_7590f23371.jpg,Cricket player with red cap hits the ball outdoors .
3291587911_81fc33300e.jpg,A German shepherd biting the protected arm of an attack trainer .
3291587911_81fc33300e.jpg,A man training a dog to attack his padded arm .
3291587911_81fc33300e.jpg,A man wearing protective clothing is being bitten on the arm by a dog .
3291587911_81fc33300e.jpg,A man with a stick and arm protection is being bitten by a large dog .
3291587911_81fc33300e.jpg,The man wearing padded clothing is fending off an attack by a dog .
3294179574_4f67e67d6f.jpg,A guy is doing a skateboard trick in front of a crowd .
3294179574_4f67e67d6f.jpg,A man is skateboarding in front of a group of people .
3294179574_4f67e67d6f.jpg,A skateboarder performs a trick in front of a large crowd .
3294179574_4f67e67d6f.jpg,A skateboarder leaping from a pool in front of a crowd .
3294179574_4f67e67d6f.jpg,Skateboarder does tricks in front of crowd while photographer watches
3294202771_e8ee78a439.jpg,A guy in boarding shorts is trying to do a flip or handstand on the beach .
3294202771_e8ee78a439.jpg,A man doing an acrobatic move on the seashore .
3294202771_e8ee78a439.jpg,A man is doing a back flip on a beach in front of the ocean .
3294202771_e8ee78a439.jpg,A man turning a somersault at the beach .
3294202771_e8ee78a439.jpg,A shirtless man is doing a back flip on a beach .
3294830188_e46bd9b93c.jpg,A flock of birds fly away with food in their beaks .
3294830188_e46bd9b93c.jpg,A seagull flies under another with food while three others follow .
3294830188_e46bd9b93c.jpg,Four birds are chasing another bird which has a piece of food in its mouth
3294830188_e46bd9b93c.jpg,Seagulls fighting over a scrap of bread .
3294830188_e46bd9b93c.jpg,Several birds flying in front of trees .
3295391572_cbfde03a10.jpg,A boy plays a game with wooden blocks .
3295391572_cbfde03a10.jpg,A child playing with building blocks on a wooden table .
3295391572_cbfde03a10.jpg,A small boy is building with some wooden blocks .
3295391572_cbfde03a10.jpg,A small boy wearing a blue shirt stacks wooden blocks .
3295391572_cbfde03a10.jpg,Boy in blue shirt looking at someone 's hand near stack of blocks on table .
3295680663_af21ea648b.jpg,A man jumps train cars with his bike .
3295680663_af21ea648b.jpg,A man on a bmx bike jumps over a train
3295680663_af21ea648b.jpg,A person is in the air while riding his bicycle on top of the train on a clear blue sky day .
3295680663_af21ea648b.jpg,A person is jumping over a train car while on their bicycle .
3295680663_af21ea648b.jpg,A person on a bicycle moving across the top of a train .
3298233193_d2a550840d.jpg,A brown dog playing with a tennis ball on a beach
3298233193_d2a550840d.jpg,A dog playing in the waves with a ball .
3298233193_d2a550840d.jpg,A dog plays with a ball at the beach .
3298233193_d2a550840d.jpg,A small brown dog plays with a ball on the beach .
3298233193_d2a550840d.jpg,Brown dog jumping near water on the beach .
3300019891_8f404d94a1.jpg,A large crowd dressed in renaissance attire gathers together in a city street .
3300019891_8f404d94a1.jpg,People are dressed in Victorian outfits in a crowded outdoor area .
3300019891_8f404d94a1.jpg,Some people in medieval costume are walking through a crowded street .
3300019891_8f404d94a1.jpg,street scene of elegant dressed people of older times
3300019891_8f404d94a1.jpg,There is a large gathering of people in costumes outside on the street .
3303648823_53cf750acd.jpg,A man in a red coat skiing .
3303648823_53cf750acd.jpg,A man in red is skiing down a snow slope .
3303648823_53cf750acd.jpg,A man wearing a red coat is skiing in the snow .
3303648823_53cf750acd.jpg,A skier outfitted in red on a snow-covered mountain .
3303648823_53cf750acd.jpg,A snow skier in a red top and black pants moving down a hill .
3304030264_da3dd18c7b.jpg,A boy in black pants and green t-shirt jumps high with his skateboard .
3304030264_da3dd18c7b.jpg,"A guy on a skateboard , jumping off some steps ."
3304030264_da3dd18c7b.jpg,A person in a green shirt on a skateboard jumping off of a short set of stairs .
3304030264_da3dd18c7b.jpg,a skateboarder in a green shirt is taking a jump of a step in front of a pink building .
3304030264_da3dd18c7b.jpg,He is in the air on his skateboard .
3304712466_18cbdb85fe.jpg,Bicycle racers being cheered on by some people .
3304712466_18cbdb85fe.jpg,Bicycle road racers passing a group of cheering spectators .
3304712466_18cbdb85fe.jpg,Crowds cheer on cyclists as they complete a race to the finish .
3304712466_18cbdb85fe.jpg,People on bicycles riding through a group of onlookers .
3304712466_18cbdb85fe.jpg,Racers on bikes riding past a crowd .
3305895920_100a67d148.jpg,A basketball player from one team making a rebound while three players oppose him .
3305895920_100a67d148.jpg,A basketball player in orange has the ball while three others in blue and white defend .
3305895920_100a67d148.jpg,Basketball player in orange trying to score through three men from the opposing team .
3305895920_100a67d148.jpg,Four men are playing in a basketball game .
3305895920_100a67d148.jpg,Three basketball players in white are defending against the attacking player with the ball in orange .
3307077951_dd31f1971c.jpg,A black and white dog is running over grass .
3307077951_dd31f1971c.jpg,A dog is running through the yard
3307077951_dd31f1971c.jpg,A shaggy black and white dog is running on the grass .
3307077951_dd31f1971c.jpg,The black and white dog is running on a green yard .
3307077951_dd31f1971c.jpg,The black and white dog is running outdoors .
3307147971_5b3abf61f9.jpg,A man and a woman ride scooter like vehicles
3307147971_5b3abf61f9.jpg,a man and woman are riding scooters through a field of grass and clover .
3307147971_5b3abf61f9.jpg,Two adults - a male and a female - are standing on scooters in a field of yellow flowers .
3307147971_5b3abf61f9.jpg,Two people on scooters in a field of flowers .
3307147971_5b3abf61f9.jpg,Two people wearing helmets ride over the yellow and white flowers .
330849796_c575c3108a.jpg,A girl asleep in a bus seat
330849796_c575c3108a.jpg,"A woman , curled up , sleeps in her seat on a bus ."
330849796_c575c3108a.jpg,A woman is asleep on a chair on a bus .
330849796_c575c3108a.jpg,"A young lady , asleep on a train ."
330849796_c575c3108a.jpg,The girl is sleeping in the seat .
3309042087_ee96d94b8a.jpg,a lone snowboarder jumping on the side of a snowy mountain .
3309042087_ee96d94b8a.jpg,A scene of snow and water .
3309042087_ee96d94b8a.jpg,A snowboarder jumping in the air off of snow .
3309042087_ee96d94b8a.jpg,A snowboarder is making a jump over a hillside with deep powder located in the woods .
3309042087_ee96d94b8a.jpg,A snowboarder jumps high over the snowy hill .
3309082580_7228067ee0.jpg,A bicycle racer in full helmet speeds through a dim forest .
3309082580_7228067ee0.jpg,A biker dressed in white rides through the forest .
3309082580_7228067ee0.jpg,A mountain biker wearing white races through a turn .
3309082580_7228067ee0.jpg,"a person on a motorbike , riding through the woods"
3309082580_7228067ee0.jpg,riding a bike through the woods
33108590_d685bfe51c.jpg,A young couple inspect merchandise from a street vendor .
33108590_d685bfe51c.jpg,People are gathering around a table of food and outside a taxi wisks by .
33108590_d685bfe51c.jpg,Three people prepare a table full of food with a police car in the background .
33108590_d685bfe51c.jpg,two people look at a street vendor .
33108590_d685bfe51c.jpg,Two women and a man at a food counter in dim lights .
3312096605_f458757418.jpg,Two people sit on a dock near the water .
3312096605_f458757418.jpg,Two people sit on a dock next to each other watching the sunset .
3312096605_f458757418.jpg,Two people sit on the end of a dock .
3312096605_f458757418.jpg,Two people sit on the end of a dock in the middle of still water .
3312096605_f458757418.jpg,Two people sitting on a dock .
3312779887_7682db7827.jpg,A person does a handstand with a snowboard on a yellow ramp .
3312779887_7682db7827.jpg,A snowboarder doing a handstand on a ramp .
3312779887_7682db7827.jpg,A snowboarder hangs upside down from his board during a maneuver in front of a crowd of people .
3312779887_7682db7827.jpg,A snowboarder is performing a stunt in front of a crowd of spectators .
3312779887_7682db7827.jpg,The snowboarder does a trick off of a yellow pyramid .
3313620862_0c65c645f5.jpg,A crowd of people watching a snowboarder do tricks .
3313620862_0c65c645f5.jpg,A crowd watching a skateboarder .
3313620862_0c65c645f5.jpg,A skateboarder performs a trick in front of a large crowd .
3313620862_0c65c645f5.jpg,Spectators watch as a snowboarder does a trick .
3313620862_0c65c645f5.jpg,The kid is showing off on his skateboard in front of a large crowd .
3314180199_2121e80368.jpg,A boy chasing a yellow ball .
3314180199_2121e80368.jpg,A child in a red and black striped shirt plays with a yellow ball on a wooden deck .
3314180199_2121e80368.jpg,A little boy in a red striped shirt about to head a soccer ball .
3314180199_2121e80368.jpg,A young boy is punching a yellow ball .
3314180199_2121e80368.jpg,A young boy moving towards a yellow ball .
3315353266_70f0bbb1c3.jpg,a man dressed in purple playing guitar
3315353266_70f0bbb1c3.jpg,A man in a purple suit is standing by a purple case playing a guitar .
3315353266_70f0bbb1c3.jpg,A man in purple plays a guitar for money .
3315353266_70f0bbb1c3.jpg,A man is standing on the street playing a guitar .
3315353266_70f0bbb1c3.jpg,A man plays his guitar with the case open for donations .
3315616181_15dd137e27.jpg,A man in a green shirt climbs an indoor climbing wall .
3315616181_15dd137e27.jpg,A man in a green shirt is climbing an obstacle course .
3315616181_15dd137e27.jpg,A teenage boy climbs an indoor climbing wall .
3315616181_15dd137e27.jpg,A teenager climbs a rock wall .
3315616181_15dd137e27.jpg,Someone climbs an indoor climbing wall .
3317333893_9d0faa8d30.jpg,A black dog circumvents a wooden fence in a snowy yard .
3317333893_9d0faa8d30.jpg,A black dog leaps through the snow near a fence .
3317333893_9d0faa8d30.jpg,A black dog running away from a wooden fence with snow on the ground .
3317333893_9d0faa8d30.jpg,A black dog running through the snow .
3317333893_9d0faa8d30.jpg,A black dog wearing a red collar is running through snow next to a wooden fence .
3318564834_4ccea90497.jpg,"A boy pauses in drawing on a white balloon to smile at the camera , and the girl next to him also smiles at the camera ."
3318564834_4ccea90497.jpg,A brunette boy and girl smile for the camera while drawing faces on a white balloon .
3318564834_4ccea90497.jpg,A girl is smiling and a young man is drawing on a white balloon .
3318564834_4ccea90497.jpg,Two smiling people with dark hair .
3318564834_4ccea90497.jpg,Two young adults smile at the camera .
3319020762_d429d56a69.jpg,A boy is being splashed by a large wave in the sea .
3319020762_d429d56a69.jpg,Two kids getting hit by a wave in the ocean
3319020762_d429d56a69.jpg,Two people are in the waves .
3319020762_d429d56a69.jpg,Two people in the surf as the wave covers them .
3319020762_d429d56a69.jpg,two people jumpinjg over a large wave at the beach
3319405494_58dee86b21.jpg,a group of skiers jumping down slopes with the sun directly cast in backgroud
3319405494_58dee86b21.jpg,Two people are going over a skii jump while one looks into the camera .
3319405494_58dee86b21.jpg,two skiers are jumping over a mound of snow underneath bright sunshine .
3319405494_58dee86b21.jpg,Two skiers attempt tricks while a third poses behind their jump .
3319405494_58dee86b21.jpg,Two skiing people jumping a ramp and a man looking straight ahead .
3320032226_63390d74a6.jpg,A child dressed for the cold sits in the snow .
3320032226_63390d74a6.jpg,a child in red sits in the snow .
3320032226_63390d74a6.jpg,A little girl in a red snowsuit sits on a snowball in a backyard .
3320032226_63390d74a6.jpg,little kid in red snowsuit with hello kitty mittens
3320032226_63390d74a6.jpg,The small girl in the Hello Kitty gloves and red snowsuit smiles while sitting on a large snowball .
3320411267_df70b90501.jpg,A man in a blue jacket is climbing on a rock in the woods .
3320411267_df70b90501.jpg,A person in a blue jacket climbs a large rock in a dark forest .
3320411267_df70b90501.jpg,A person is climbing a rock in a forest .
3320411267_df70b90501.jpg,A rock climber in the forest .
3320411267_df70b90501.jpg,A woman in blue is climbing up a big rock .
3321334180_8f764e0e0f.jpg,A beautiful white bird takes off in flight .
3321334180_8f764e0e0f.jpg,A bird descending from the sky
3321334180_8f764e0e0f.jpg,A bird with a white body and grey wings is landing on lake water .
3321334180_8f764e0e0f.jpg,A white and black bird stretches its wings in midair .
3321334180_8f764e0e0f.jpg,A white bird with its wings lifted up hovers over the water .
3321956909_7b5ddf500f.jpg,A baby girl in a brown snowsuit plays in the snow .
3321956909_7b5ddf500f.jpg,A little girl smiles in her snowsuit while playing in the snow .
3321956909_7b5ddf500f.jpg,A small child stands in the snow and smiles .
3321956909_7b5ddf500f.jpg,A toddler in a beige suit is smiling whilst playing in the snow .
3321956909_7b5ddf500f.jpg,Smiling child standing in the snow .
3323661814_1e8e1ae88c.jpg,A group of young ballerinas are in a dance studio .
3323661814_1e8e1ae88c.jpg,A little girl jumps in ballet in class as two others look on
3323661814_1e8e1ae88c.jpg,"Three little girls dressed in white , pink , and black are at a dance class"
3323661814_1e8e1ae88c.jpg,three young girls learn ballet .
3323661814_1e8e1ae88c.jpg,Young girls are practicing dance .
3324056835_84904fe2f8.jpg,A bunch of dogs on a beach .
3324056835_84904fe2f8.jpg,Several dogs are running on the beach .
3324056835_84904fe2f8.jpg,Six dogs running on the sandy beach .
3324056835_84904fe2f8.jpg,Six dogs walking beside the beach .
3324056835_84904fe2f8.jpg,Some dogs are running on a deserted beach .
3324375078_9441f72898.jpg,Dogs playing in the snow
3324375078_9441f72898.jpg,Three dogs are in the snow .
3324375078_9441f72898.jpg,"Three dogs , one black and two blond , run in the snow ."
3324375078_9441f72898.jpg,three dogs race through the snow
3324375078_9441f72898.jpg,Three large dogs enjoy a romp in the snow .
3325157569_8084ab3293.jpg,A basketball player aims for the goal .
3325157569_8084ab3293.jpg,A basketball player gets ready to shoot .
3325157569_8084ab3293.jpg,A basketball player has jumped in the air to shoot the basketball .
3325157569_8084ab3293.jpg,"A basketball player in white jumping to throw the ball , audience in the back ."
3325157569_8084ab3293.jpg,There is a college basketball player shooting a jumped .
3325910784_5ecb88310c.jpg,A dog is leaping over a tree stump .
3325910784_5ecb88310c.jpg,A dog jumps off a tree stump .
3325910784_5ecb88310c.jpg,a small brown and white dog jumping off of a tree stump
3325910784_5ecb88310c.jpg,"A white and brown dog , wearing a bandanna , jumps through the air ."
3325910784_5ecb88310c.jpg,A white dog is leaping over a tree stump .
3326249355_e7a7c71f06.jpg,A couple standing under a sign .
3326249355_e7a7c71f06.jpg,A couple stands in front of a wooden sign on top of a hill .
3326249355_e7a7c71f06.jpg,Two people standing outside in front of a wooden marker .
3326249355_e7a7c71f06.jpg,Two people stand next to a wood cross on a grassy hill .
3326249355_e7a7c71f06.jpg,Two people stand on a grassy hillside in front of a large wooden cross .
3327487011_1372c425fb.jpg,A classroom full of students is looking in the same direction inside a bamboo structure .
3327487011_1372c425fb.jpg,A group of children mostly wearing white uniform shirts sit and wait .
3327487011_1372c425fb.jpg,A group of students in uniforms listens attentively to the front of the class .
3327487011_1372c425fb.jpg,A large group of girls are all staring in the same direction .
3327487011_1372c425fb.jpg,The young girls are listening with books in front of them .
3329169877_175cb16845.jpg,A lone snowboarder wearing a white jacket jumping into the air on the snowy mountains .
3329169877_175cb16845.jpg,A snowboarder flies through the air in front of leafless trees .
3329169877_175cb16845.jpg,a snowboarder gets some air .
3329169877_175cb16845.jpg,A snowboarder in green pants and a white jacket is jumping high in the air .
3329169877_175cb16845.jpg,Someone in green pants is on a white snowboard in the air .
3329793486_afc16663cc.jpg,A man on a snowboard is grinding a ramp .
3329793486_afc16663cc.jpg,a skier on a snowy ski jump
3329793486_afc16663cc.jpg,A snowboarder is riding down a ramp amidst snow .
3329793486_afc16663cc.jpg,A snowboarder prepares to go over a ramp .
3329793486_afc16663cc.jpg,Snowboarding practice on a snowy hillside
3330102093_1d6e35e78d.jpg,A cyclist in a midair jump .
3330102093_1d6e35e78d.jpg,A man on a bike in the air he is wearing a blue hsirt and a yellow and white helmet .
3330102093_1d6e35e78d.jpg,A person has ridden their bicycle into the air .
3330102093_1d6e35e78d.jpg,A person riding a bike jumps through the air high above a bumpy racetrack .
3330102093_1d6e35e78d.jpg,Someone riding a bicycle is up in the air over a dirt and hill trail .
333031366_a0828c540d.jpg,A black and white dog with a stick is in muddy water .
333031366_a0828c540d.jpg,A dog is in some water with a tree branch in its mouth .
333031366_a0828c540d.jpg,A dog is plling a very large branch out of the water .
333031366_a0828c540d.jpg,A dog is walking through the water carrying a large stick in its mouth .
333031366_a0828c540d.jpg,"Black and white dog outdoors in muddy water , with stick in mouth ."
3331525712_af1dcc47f2.jpg,A fan sitting on someone 's shoulders is waving to a woman on a stage that says Amnesty International .
3331525712_af1dcc47f2.jpg,A man in blue jeans is sitting on the shoulders of another person as he interacts with a woman performer onstage at a concert .
3331525712_af1dcc47f2.jpg,A woman onstage points to a man holding up his hand
3331525712_af1dcc47f2.jpg,A woman with a microphone on a stage points the microphone at a man who is standing in the audience in front of her
3331525712_af1dcc47f2.jpg,Woman onstage at Amnesty International event exchanges gestures with man offstage .
3332136681_9aecf101fd.jpg,A man in an orange vest and hat is shoveling rocks while another man in a yellow and blue jacket looks on .
3332136681_9aecf101fd.jpg,A man with an orange vest is shoveling rocks .
3332136681_9aecf101fd.jpg,A man with a yellow vest shovels rocks while another man watches .
3332136681_9aecf101fd.jpg,One construction worker in an orange vest shoveling rocks while another one in a blue vest watches .
3332136681_9aecf101fd.jpg,"The man , wearing a worker 's vest , is shoveling rocks ."
3333017828_b930b9d41b.jpg,A dog runs along a beach near the waves .
3333017828_b930b9d41b.jpg,A white and brown dog runs along the shoreline .
3333017828_b930b9d41b.jpg,A white and tan dog is running on a beach .
3333017828_b930b9d41b.jpg,A white dog is running on wet rocks .
3333017828_b930b9d41b.jpg,A white dog running along side a river
3333826465_9c84c1b3c6.jpg,A man in a costume poses with two young boys .
3333826465_9c84c1b3c6.jpg,Two boys are posing along with an adult in a ninja-like costume
3333826465_9c84c1b3c6.jpg,Two boys pose with an action hero .
3333826465_9c84c1b3c6.jpg,Two young boys are posing for a picture with a character from the Power Rangers .
3333826465_9c84c1b3c6.jpg,Two young boys are posing with a person dressed as a Power Ranger .
3334537556_a2cf4e9b9a.jpg,A group of people on skis with two dogs .
3334537556_a2cf4e9b9a.jpg,A man dressed in a horned hat poses for a picture on skis with three other people and a dog .
3334537556_a2cf4e9b9a.jpg,"Four people holding each others shoulders with a brown dog in front of them , standing on snow ."
3334537556_a2cf4e9b9a.jpg,People dressed in costumes are on skis .
3334537556_a2cf4e9b9a.jpg,"People , some dressed in costumes , and dogs on a snowy mountain ."
3335370208_460fc19bfa.jpg,A man drives a motorbike while another man falls off of it and into the mud .
3335370208_460fc19bfa.jpg,A motocross bike and sidecar team are riding around a bend on a muddy circuit .
3335370208_460fc19bfa.jpg,The man falls out of the sidecar into a puddle during the race .
3335370208_460fc19bfa.jpg,Two men riding a dirt bike and one is falling off into a mud puddle .
3335370208_460fc19bfa.jpg,Two people are racing a sidecar motorcycle in the mud .
3338291921_fe7ae0c8f8.jpg,A brown dog in the snow has something hot pink in its mouth .
3338291921_fe7ae0c8f8.jpg,A brown dog in the snow holding a pink hat .
3338291921_fe7ae0c8f8.jpg,A brown dog is holding a pink shirt in the snow .
3338291921_fe7ae0c8f8.jpg,A dog is carrying something pink in its mouth while walking through the snow .
3338291921_fe7ae0c8f8.jpg,A dog with something pink in its mouth is looking forward .
3339105374_cc41e0b7d7.jpg,A woman in a red coat with a man in a white and black coat and a black dog in the snow .
3339105374_cc41e0b7d7.jpg,Two people and a dog are in the snow .
3339105374_cc41e0b7d7.jpg,Two people are interacting with a dog that has bitten an object one of them is holding .
3339105374_cc41e0b7d7.jpg,Two people are walking up a snowy hill with a dog .
3339105374_cc41e0b7d7.jpg,Two people playing on a snowy hill .
3340575518_137ce2695f.jpg,A few people sitting at the bottom of a grassy hill .
3340575518_137ce2695f.jpg,A group of people rest near a hill and cliff .
3340575518_137ce2695f.jpg,a group of people sitting on the side of a huge grassy mountain .
3340575518_137ce2695f.jpg,A group of people sitting on top of a hillside .
3340575518_137ce2695f.jpg,The green hilly countryside is where the people are gathered to sit down .
3341084434_db5e7d1fdc.jpg,A downhill slalom skier leaning through a turn .
3341084434_db5e7d1fdc.jpg,A person skiing down a snowy hill .
3341084434_db5e7d1fdc.jpg,"A person wearing blue , white , and red gear skiing down a steep slope ."
3341084434_db5e7d1fdc.jpg,A skier making a sharp turn on a slope .
3341084434_db5e7d1fdc.jpg,The skier is sliding on his side as he attempts the slalom
3341477531_4e37450f35.jpg,A shirtless man is doing a skateboard trick .
3341477531_4e37450f35.jpg,A shirtless man rides a skateboard .
3341477531_4e37450f35.jpg,A shirtless man skateboarding with his arms in the air .
3341477531_4e37450f35.jpg,A shirtless man skateboards on a ledge .
3341477531_4e37450f35.jpg,The skateboarder enjoys night skating at the skate park .
3343311201_eeb1a39def.jpg,An artist painting on a small canvas
3343311201_eeb1a39def.jpg,A woman standing on a lawn painting a picture .
3343311201_eeb1a39def.jpg,A woman wearing overalls standing at an easel painting a picture .
3343311201_eeb1a39def.jpg,Girl in blue coverall painting
3343311201_eeb1a39def.jpg,The lady holds her paintbrush next to the artist 's easel .
3344798356_5cc41f7939.jpg,A child is wearing a blue hat and snowsuit with red skis on their feet .
3344798356_5cc41f7939.jpg,A child skis across the snowy ground .
3344798356_5cc41f7939.jpg,A small child in a blue hat and coat skis on the snow .
3344798356_5cc41f7939.jpg,a young skier looks at the camera .
3344798356_5cc41f7939.jpg,There is a little child in a snowsuit on red skies in the snow .
3346289227_198fced308.jpg,A male on Rollerblades skating down a railing next to stairs .
3346289227_198fced308.jpg,A man is rollerblading down a white railing beside a red brick building .
3346289227_198fced308.jpg,A man is skating down a rail above some steps .
3346289227_198fced308.jpg,A man slides a skateboard down a stair ramp .
3346289227_198fced308.jpg,An in-line skater grinding on a rail .
334768700_51c439b9ee.jpg,"A dark-haired man in a red t-shirt , with a beard , playing the guitar in a park ."
334768700_51c439b9ee.jpg,A man in a red shirt plays guitar in a park .
334768700_51c439b9ee.jpg,A man is sitting and playing guitar on the grass .
334768700_51c439b9ee.jpg,"a man sitting in the grass , playing his guitar , wearing a red shirt"
334768700_51c439b9ee.jpg,a man wearing red plays his guitar on the grass .
3348384389_73b6647017.jpg,A brown and white dog with a pink collar is barking at a brown dog with a blue collar in the snow .
3348384389_73b6647017.jpg,A dark brown dog is biting at a lighter brown colored dog .
3348384389_73b6647017.jpg,The dog with the red collar is bearing its teeth at the dog with the blue collar .
3348384389_73b6647017.jpg,Two dogs are on a white carpet with one of the dogs showing its fangs .
3348384389_73b6647017.jpg,"Two dogs , one with mouth open ."
3348811097_0e09baa26f.jpg,A boy jumps off of an open air staircase .
3348811097_0e09baa26f.jpg,A person jumping off of an outdoor staircase .
3348811097_0e09baa26f.jpg,A person jumping step railing .
3348811097_0e09baa26f.jpg,Boy wearing a blue hoodie jumps over a stair railing .
3348811097_0e09baa26f.jpg,The young man wearing a blue sweatshirt and blue jeans is hopping over the railing on the fence .
3349309109_4024a09a17.jpg,A boy and a girl ride on two seperate camels .
3349309109_4024a09a17.jpg,Two females ride camels backs .
3349309109_4024a09a17.jpg,two girls ride camels .
3349309109_4024a09a17.jpg,Two kids are riding camels nearby rural structures overlooked by mountains .
3349309109_4024a09a17.jpg,Two kids on camel back in desert
3349451628_4249a21c8f.jpg,A boy in a dusty alley playing stickball .
3349451628_4249a21c8f.jpg,A boy swings a piece of wood .
3349451628_4249a21c8f.jpg,A child swings a bat next to a stone wall .
3349451628_4249a21c8f.jpg,A young boy wearing a blue visor swings a bat .
3349451628_4249a21c8f.jpg,A young boy with a visor on plays ball with his bat in the street .
3350786891_6d39b234e9.jpg,A group of dark skinned children are sitting beside a red metal container .
3350786891_6d39b234e9.jpg,A group of kids sitting against a large red dumpster .
3350786891_6d39b234e9.jpg,a group of people sitting outside in the dirt on the ground .
3350786891_6d39b234e9.jpg,A large group of people sitting near a shipping container .
3350786891_6d39b234e9.jpg,Two sub Saharan African girls in purple dresses sit on the ground .
3351111378_b5d80783a1.jpg,A boy on a black surfboard riding the wave on his stomach .
3351111378_b5d80783a1.jpg,A child in a red shirt is using a black wakeboard to splash over a beach wave .
3351111378_b5d80783a1.jpg,A kid with read hair boy boarding in the ocean
3351111378_b5d80783a1.jpg,A young boy with a red shirt surfing on a black surfboard .
3351111378_b5d80783a1.jpg,A young child wearing a red t-shirt rides a surfboard over a wave .
3351586010_7ffaa90ea8.jpg,A boy is rollerblading in a skate park .
3351586010_7ffaa90ea8.jpg,a young boy is rollerblading across a wide open space .
3351586010_7ffaa90ea8.jpg,A young boy rollerblading in a cement skate park .
3351586010_7ffaa90ea8.jpg,A young inline skater balances with outstretched arms as he skates over the pavement .
3351586010_7ffaa90ea8.jpg,A young inline skater takes a spin in the skate park .
3352199368_b35f25793e.jpg,A hiker is walking up the mountain on a snow-covered road .
3352199368_b35f25793e.jpg,A man in black carrying an orange backpack stands next to a red backpack that is laying in the snow .
3352199368_b35f25793e.jpg,"A man stands at dusk on an almost-pristine , snowy road , lit only by headlights ."
3352199368_b35f25793e.jpg,A person stands in the snow at the edge of a mountain .
3352199368_b35f25793e.jpg,A traveler on a snowy road
3352697012_751b079bbb.jpg,Two blonde female wrestlers in the ring .
3352697012_751b079bbb.jpg,Two female professional wrestlers are in a ring in the air and about to hit the floor .
3352697012_751b079bbb.jpg,"Two female wrestlers with long , blonde hair , fighting in front of a crowd ."
3352697012_751b079bbb.jpg,Two women wrestle in front of a crowd .
3352697012_751b079bbb.jpg,Two women wrestling in an arena .
3353328134_dd9ed0edab.jpg,A skier doing a flip in a wooded area .
3353328134_dd9ed0edab.jpg,A skier on red skis is flipping upside down between two trees .
3353328134_dd9ed0edab.jpg,Person on skis upside down caught between two trees
3353328134_dd9ed0edab.jpg,Skier jumps high in front of trees in snowy winter landscape .
3353328134_dd9ed0edab.jpg,The skier is doing a flip through some trees
3353400143_8b9543f7dc.jpg,A man in a yellow outfit riding a yellow motorcycle .
3353400143_8b9543f7dc.jpg,A motorcyclist in yellow .
3353400143_8b9543f7dc.jpg,A motorcyclist in yellow and white rides his bike .
3353400143_8b9543f7dc.jpg,A yellow motorcycle drives down the road .
3353400143_8b9543f7dc.jpg,A yellow motorcycle is being ridden on a racetrack .
3354200211_35348e47d8.jpg,A bunch of people walking down the street .
3354200211_35348e47d8.jpg,Adults and children dressed for cold weather in a road race .
3354200211_35348e47d8.jpg,A group of people run down a city street .
3354200211_35348e47d8.jpg,Many people are jogging along the street by a green fence .
3354200211_35348e47d8.jpg,Many people run in a race on a street .
3354330935_de75be9d2f.jpg,A person is holding a camera while a skier does a trick .
3354330935_de75be9d2f.jpg,A skier doing a trick by a snow mound while a man films it with a camera .
3354330935_de75be9d2f.jpg,a skier is being filmed by a man with video camera on a jib .
3354330935_de75be9d2f.jpg,A skier wearing blue snow pants is flying through the air near a jump .
3354330935_de75be9d2f.jpg,A skier stands on his hands in the snow in front of a movie camera .
3354883962_170d19bfe4.jpg,A dog runs in the snow .
3354883962_170d19bfe4.jpg,An off-white dog has his mouth open as he bounds through the fenced-in snowy area .
3354883962_170d19bfe4.jpg,A white dog runs past a fence on a snowy day .
3354883962_170d19bfe4.jpg,A white dog with a black collar runs in the snow .
3354883962_170d19bfe4.jpg,"A white poodle is running in the snow , near a chain link fence ."
3355683198_715fb1a2ac.jpg,A boy in a blue and white tie dye t-shirt is skateboarding on the railing of a building .
3355683198_715fb1a2ac.jpg,A boy in a tie dyed shirt is riding a skateboard down a railing .
3355683198_715fb1a2ac.jpg,A kid is skateboarding on a handrail .
3355683198_715fb1a2ac.jpg,A skateboarder goes down a stair railing .
3355683198_715fb1a2ac.jpg,A teenage boy in rides a hand-railing on a skateboard outside a columned brick building .
3356494271_6103d0b556.jpg,A man and a woman watch two dogs .
3356494271_6103d0b556.jpg,One huge dog and one little dog are on a path with a tall man and shorter woman .
3356494271_6103d0b556.jpg,Two dogs and two people in the woods .
3356494271_6103d0b556.jpg,Two dogs are on a trail in the woods while two people are looking at them from behind .
3356494271_6103d0b556.jpg,Two women with their dogs on a forest path .
3357194782_c261bb6cbf.jpg,A man in the dooorway of a bus looking onward .
3357194782_c261bb6cbf.jpg,"A man standing at the door of a vehicle , with another sitting , glancing out the window ."
3357194782_c261bb6cbf.jpg,People ride a bus or trolley .
3357194782_c261bb6cbf.jpg,some people riding an old bus
3357194782_c261bb6cbf.jpg,Three passengers on a train car .
3358380484_b99b48f0c9.jpg,A brown and white dog is running .
3358380484_b99b48f0c9.jpg,A brown and white dog is running through dead grass .
3358380484_b99b48f0c9.jpg,a brown and white dog with his tongue sticking out jumping on some grass
3358380484_b99b48f0c9.jpg,A dog and a ball .
3358380484_b99b48f0c9.jpg,A large brown and white dog is leaping through the hair .
3359636318_39267812a0.jpg,A group of people are standing in front of some stores .
3359636318_39267812a0.jpg,People stand on a sidewalk outside of retail stores .
3359636318_39267812a0.jpg,People walking or talking on a city street .
3359636318_39267812a0.jpg,Several people in front of stores .
3359636318_39267812a0.jpg,Two people are talking outside of the video game shop next door to the mobile phone store .
3361411074_83f27d2a1c.jpg,A brown and white dog is running up a grassy hill .
3361411074_83f27d2a1c.jpg,A dog is running up a grassy hill .
3361411074_83f27d2a1c.jpg,A dog on a grassy hill .
3361411074_83f27d2a1c.jpg,A dog running uphill
3361411074_83f27d2a1c.jpg,a white and brown dog is running up a grassy hill .
3361882891_6e610ffdbb.jpg,A bicycle rider takes a daring jump as his friends watch .
3361882891_6e610ffdbb.jpg,a biker jumps over a pile of dirt .
3361882891_6e610ffdbb.jpg,A man in blue jeans is jumping a bike over hills of dirt .
3361882891_6e610ffdbb.jpg,A man jumps off a ramp on his bike .
3361882891_6e610ffdbb.jpg,A man rides a bicycle over a dirt ramp .
3364160101_c5e6c52b25.jpg,A game of hockey is being played .
3364160101_c5e6c52b25.jpg,A man wearing a sports uniform runs down the field as another follows .
3364160101_c5e6c52b25.jpg,"A player in purple , white , and black attempts to make a play near the end of a field ."
3364160101_c5e6c52b25.jpg,number fiveteen runs with the lacrosse ball .
3364160101_c5e6c52b25.jpg,Two lacrosse players are running on the sports-field .
3364715316_df8c20bac1.jpg,Two people play on the beach .
3364715316_df8c20bac1.jpg,Two women are playing a racquet game on the beach .
3364715316_df8c20bac1.jpg,Two women in bathing suits play on the beach .
3364715316_df8c20bac1.jpg,Two women in bikinis play on the beach .
3364715316_df8c20bac1.jpg,Two women on a beach .
3367053761_8ec5834bf3.jpg,A girl with a bun is sitting at a desk .
3367053761_8ec5834bf3.jpg,"Group of people , from behind , seated in a line of desks by windows in library ."
3367053761_8ec5834bf3.jpg,People are sitting at desks in a library .
3367053761_8ec5834bf3.jpg,Person sitting at a desk in a library .
3367053761_8ec5834bf3.jpg,two people are sitting at desks by the windows in a library .
3370308329_7f2de5bb58.jpg,A group of girls climb up a snowy hill .
3370308329_7f2de5bb58.jpg,Four children climbing up a snow covered hill .
3370308329_7f2de5bb58.jpg,Four kids are climbing a shallow snow covered hill while wearing winter gear .
3370308329_7f2de5bb58.jpg,"Four kids climb a snowy hill , one struggles ."
3370308329_7f2de5bb58.jpg,Four snowsuit clad children climb up a snowy hillside .
3371533654_73a12a35a4.jpg,A man is skating through a tunnel .
3371533654_73a12a35a4.jpg,A person skates along the inside of a long tube .
3371533654_73a12a35a4.jpg,A rollerblader rides high in a full pipe while others watch
3371533654_73a12a35a4.jpg,A rollerblader skating inside a tube .
3371533654_73a12a35a4.jpg,A skateboarder whizzes through a tunnel .
3372214646_cc2ceb182f.jpg,A group of greyhounds race on a track .
3372214646_cc2ceb182f.jpg,A kangaroo wearing a yellow and black striped vest with the number eight on it is hopping .
3372214646_cc2ceb182f.jpg,many dogs race around the track .
3372214646_cc2ceb182f.jpg,Muzzled greyhounds are racing along a dog track .
3372214646_cc2ceb182f.jpg,Race dogs run their fastest down a sandy track .
3373481779_511937e09d.jpg,A man is guiding the hockey puck across the ice while an opposing player races towards it .
3373481779_511937e09d.jpg,hockey player in white uniform with stick
3373481779_511937e09d.jpg,Two hockey players wearing yellow and black uniforms skate on the ice .
3373481779_511937e09d.jpg,Two ice hockey players
3373481779_511937e09d.jpg,Two people in hockey uniforms on the ice .
3373870185_f79163fa51.jpg,A bird swooping over water .
3373870185_f79163fa51.jpg,"A bird , wings outstreached , over the water ."
3373870185_f79163fa51.jpg,A black and white bird is flying over water .
3373870185_f79163fa51.jpg,A white bird spreads its wings and jumps into the water feet first .
3373870185_f79163fa51.jpg,A white bird with a black beak begins to land near the water .
3373946160_1c82d54442.jpg,A black and brown dog rolls around in the grass .
3373946160_1c82d54442.jpg,A brown and black dog is rubbing his face in the grass .
3373946160_1c82d54442.jpg,A brown and black dog rubs his face in the grass .
3373946160_1c82d54442.jpg,A large dog rubs its face in the grass .
3373946160_1c82d54442.jpg,Black dog rolls head in grass .
3375134059_7e9eb2ef01.jpg,One dog on the ground and another dog standing above it .
3375134059_7e9eb2ef01.jpg,Two beige dogs play in the grass .
3375134059_7e9eb2ef01.jpg,"Two dogs in a field , facing each other ."
3375134059_7e9eb2ef01.jpg,Two dogs play with one another on the grass .
3375134059_7e9eb2ef01.jpg,two tan dogs play in the grass
3375991133_87d7c40925.jpg,A group of friends play in a lake .
3375991133_87d7c40925.jpg,Five people are in a natural water source .
3375991133_87d7c40925.jpg,many children play in the water .
3375991133_87d7c40925.jpg,People in bathing suits bend down and reach into the water of a lake .
3375991133_87d7c40925.jpg,Several people are playing outside in the water .
3376439178_159e4126de.jpg,A skier flies through the air in front of a mountainous landscape .
3376439178_159e4126de.jpg,A skier is jumping in the air over a snowfield near a mountain range .
3376439178_159e4126de.jpg,A skier performs a high jump in a snow-covered valley .
3376439178_159e4126de.jpg,A snow skier is taking a huge leap over a snow slope .
3376439178_159e4126de.jpg,Skier in red jumping high in the air over the snow .
3376809186_4e26d880b7.jpg,A group of people are in the water .
3376809186_4e26d880b7.jpg,Many people are in the water near a hillside .
3376809186_4e26d880b7.jpg,Many people hang out in a body of water .
3376809186_4e26d880b7.jpg,Many people swimming is a lake surrounded by trees and houses .
3376809186_4e26d880b7.jpg,Several people bathe in a lake .
3381788544_2c50e139dd.jpg,A group of Asian girls are standing together .
3381788544_2c50e139dd.jpg,"A group of asian women in sports attire , and one woman in the center is wearing a baseball cap ."
3381788544_2c50e139dd.jpg,Four teenagers in dark clothes looking in various directions .
3381788544_2c50e139dd.jpg,"There are several asian people , one wearing a baseball cap ."
3381788544_2c50e139dd.jpg,Two girls laugh while other girls look on .
3386060324_b98fdfa449.jpg,A bicycler jumps a ramp outside in the dark night .
3386060324_b98fdfa449.jpg,A man is sitting on a bike in the middle of the woods .
3386060324_b98fdfa449.jpg,A person doing a trick on a bike
3386060324_b98fdfa449.jpg,A person in a black jacket is jumping through the air on a bike .
3386060324_b98fdfa449.jpg,Man on a motorcycle performing a trick in the air .
3386953179_84c2d7922f.jpg,A skier makes the only path on an empty mountain .
3386953179_84c2d7922f.jpg,A snowboarder in a red jacket slides down a snowy mountain .
3386953179_84c2d7922f.jpg,A snowboarder wearing a red jacket is going down a mountain .
3386953179_84c2d7922f.jpg,a snowboarder wearing red is descending a snow covered mountain .
3386953179_84c2d7922f.jpg,Skier in red skiing down a snowy mountain .
3388836914_c267cf3a59.jpg,a female tennis player is lining up to take a swing with her racquet .
3388836914_c267cf3a59.jpg,A girl wearing white swings her tennis racket back .
3388836914_c267cf3a59.jpg,A tennis player in white gets ready to hit the ball .
3388836914_c267cf3a59.jpg,A woman in a white outfut playing tennis .
3388836914_c267cf3a59.jpg,A young woman playing tennis .
3391924827_53b31542ce.jpg,A biker flies through the air near sand dunes .
3391924827_53b31542ce.jpg,A biker holds onto their bike while in the air with a mountin in the background .
3391924827_53b31542ce.jpg,A cyclist jumping into the air
3391924827_53b31542ce.jpg,A person in the air holding on to a bicycle .
3391924827_53b31542ce.jpg,A person jumps high in the air holding onto their bicycle .
3392019836_c7aeebca1c.jpg,A couple gazes in awe at a display at a carnival
3392019836_c7aeebca1c.jpg,"There is a man in red and two children looking at a large , round , colorful wheel ."
3392019836_c7aeebca1c.jpg,Three people are standing at a carnival game .
3392019836_c7aeebca1c.jpg,two people play a game at a carnival .
3392019836_c7aeebca1c.jpg,Two people stand before a spinning wheel at a carnival .
3392293702_ccb0599857.jpg,A dog catches a toy in the snow .
3392293702_ccb0599857.jpg,A dog playing in the snow .
3392293702_ccb0599857.jpg,"A dog playing in the snow , ready to catch a toy"
3392293702_ccb0599857.jpg,A white and black dog is about to catch an object while it stands in a snowy field .
3392293702_ccb0599857.jpg,Dog with a red collar running in the snow .
3395173129_f0ac0a1ed4.jpg,The man on the left is looking at the woman and the man .
3395173129_f0ac0a1ed4.jpg,The two men and one woman wearing jackets are standing in front of a white and blue building .
3395173129_f0ac0a1ed4.jpg,Three people are standing in front of an arcade .
3395173129_f0ac0a1ed4.jpg,Three people in coats stand in front of a blue building .
3395173129_f0ac0a1ed4.jpg,Three people wearing mostly black are standing in front of a blue door .
3396036947_0af6c3aab7.jpg,A boy on a swing .
3396036947_0af6c3aab7.jpg,A little boy is swinging on a swing beside some trees and a river .
3396036947_0af6c3aab7.jpg,A toddler swings back very high .
3396036947_0af6c3aab7.jpg,A young boy is riding a swing high in the air .
3396036947_0af6c3aab7.jpg,Small child swinging on a swing with trees in the background .
3396043950_12783c5147.jpg,A boy wearing a white apron has is arms out in a communal darts and craft room whilst a boy in blue looks on .
3396043950_12783c5147.jpg,A crowd of people gather for a meal indoors .
3396043950_12783c5147.jpg,A room full of adults and children .
3396043950_12783c5147.jpg,Children serving at a community dinner .
3396043950_12783c5147.jpg,people in a school cafeteria with a boy in the foreground wearing yellow and brown stripes
339658315_fbb178c252.jpg,Two ladies next to a stroller inside a building .
339658315_fbb178c252.jpg,Two woman stand near a stroller in a dark building .
339658315_fbb178c252.jpg,Two women with a baby carriage in a building next to a table and chairs .
339658315_fbb178c252.jpg,Two women with a baby stroller in a fancy restaurant .
339658315_fbb178c252.jpg,Two women with strollers standing next to a table and chair .
3397220683_4aca010f86.jpg,A golden retreiver standing outside in the snow with a person standing with skis and poles .
3397220683_4aca010f86.jpg,A man and a dog outside in a snow storm .
3397220683_4aca010f86.jpg,A person is standing on skis in the snow with a dog .
3397220683_4aca010f86.jpg,Person with skis and a dog are standing in the snow .
3397220683_4aca010f86.jpg,The man is skiing in the snow with a large brown dog .
3400082864_9c737c1450.jpg,A man in a blue headband and white shirt plays tennis .
3400082864_9c737c1450.jpg,"A player watches the tennis ball he hit go flying , as the crowd watches ."
3400082864_9c737c1450.jpg,A tennis player getting ready to backhand the ball in a tennis match .
3400082864_9c737c1450.jpg,A tennis player in mid-swing .
3400082864_9c737c1450.jpg,A tennis player in the middle of a game .
3401039304_424ffc7dbf.jpg,A group of people sit in lawn chairs at the edge of a large cliff .
3401039304_424ffc7dbf.jpg,People in folding chairs take in the view from a cliff .
3401039304_424ffc7dbf.jpg,People sitting on chairs overlooking a steep rocky incline .
3401039304_424ffc7dbf.jpg,Several people sit in chairs near a canyon .
3401039304_424ffc7dbf.jpg,Several people sitting on foldable chairs near a geological formation .
3401647850_685c03ffff.jpg,"A big , brown dog is shaking off while in the water ."
3401647850_685c03ffff.jpg,A brown dog is in the water shaking its head .
3401647850_685c03ffff.jpg,A dog that is down in water is shaking off .
3401647850_685c03ffff.jpg,A large brown dog begins to shake while standing in the water .
3401647850_685c03ffff.jpg,The large dog wading in the water and shaking .
3403263046_3cc701a07a.jpg,A basketball player looks upward as a hand reaches for her ball .
3403263046_3cc701a07a.jpg,A female basketball player wearing a red uniform is holding a basketball and looking up while an arm is trying to block her .
3403263046_3cc701a07a.jpg,A female woman has a basketball in her hands and a determined look on her face .
3403263046_3cc701a07a.jpg,A woman basketball player holding the ball grimaces with effort while another player 's arm attempts to block her .
3403263046_3cc701a07a.jpg,A woman with a red basketball jersey is holding a basketball and looking up .
340425915_490293058f.jpg,A black and brown dog wearing a red coat rolls in the snow .
340425915_490293058f.jpg,A black and tan dog in a orange jacket laying in the snow .
340425915_490293058f.jpg,A brown and black dog lies in the snow with an orange vest on .
340425915_490293058f.jpg,A dog wearing a jacket rolls in the snow .
340425915_490293058f.jpg,A dog wearing an orange jacket is laying in the snow
3405759441_fb31c80240.jpg,"A bull rider hangs on tightly to a rope around a large , bucking bull 's back ."
3405759441_fb31c80240.jpg,A man in bullfighting regalia rides a bull 's back .
3405759441_fb31c80240.jpg,A man wearing blue pants is riding a bucking bull .
3405759441_fb31c80240.jpg,A matador in a colorful outfit is riding a bull
3405759441_fb31c80240.jpg,Bullrider at a rodeo riding a bull .
3410899419_4f8dca6f3f.jpg,"A group of young , naked children showering near large metal containers and a yellow bucket ."
3410899419_4f8dca6f3f.jpg,a group of young naked children showering outside
3410899419_4f8dca6f3f.jpg,Children are bathing in the falling water .
3410899419_4f8dca6f3f.jpg,Children bathe in water from large drums .
3410899419_4f8dca6f3f.jpg,Naked children bathe outside under a stream of water .
3412450683_7da035f2de.jpg,a bird lands in the water .
3412450683_7da035f2de.jpg,"A blue , long-legged wading bird prepares to land in water ."
3412450683_7da035f2de.jpg,A large bird has its wings spread above a body of water
3412450683_7da035f2de.jpg,A pelican diving towards the water with feet out .
3412450683_7da035f2de.jpg,There is an aquatic bird in flight about to land on the water .
3412822878_5d961492e5.jpg,A boy performs a skateboarding trick down a set of stairs .
3412822878_5d961492e5.jpg,A boy skateboards down the railing of some graffiti stairs
3412822878_5d961492e5.jpg,A boy with a blue shirt is standing on the railing of a flight of stairs .
3412822878_5d961492e5.jpg,A skateboarder slides down a handrail on his feet .
3412822878_5d961492e5.jpg,A teenage boy does tricks on his skateboard in an area with much graffiti .
3414734842_beb543f400.jpg,A couple holding hands and another woman are walking down a wooded trail .
3414734842_beb543f400.jpg,A couple holding hands and a woman standing beside them pose on a tree lined dirt road .
3414734842_beb543f400.jpg,Three friends on a stroll in the forest .
3414734842_beb543f400.jpg,Three people stand on a path through the woods .
3414734842_beb543f400.jpg,Two women and a man posing on a rural path
3415809168_af9dabdba5.jpg,A dog is running while another dog behind it carries a tennis ball .
3415809168_af9dabdba5.jpg,A dog runs with another dog in the background holding a ball in its mouth .
3415809168_af9dabdba5.jpg,Two black and white dogs running in a field .
3415809168_af9dabdba5.jpg,"Two black and white dogs walking on dirt , one of which has a ball in its mouth ."
3415809168_af9dabdba5.jpg,"Two dogs are running in the dirt , one with a ball in its mouth ."
3416246113_1745559b6b.jpg,A man in a blue headband plays tennis .
3416246113_1745559b6b.jpg,A man running during a tennis match .
3416246113_1745559b6b.jpg,A tennis player is running across the court with a racquet in his hand .
3416246113_1745559b6b.jpg,Closeup of a man running with a tennis racket
3416246113_1745559b6b.jpg,"This man , wearing a blue headband and white shirt , is playing tennis ."
3416339125_0860d3d1eb.jpg,A man in a white shirt and sunglasses and a man in a black shirt and sunglasses sit at a table with four beer bottles .
3416339125_0860d3d1eb.jpg,"There are two guys sitting around a table , both with beers in their hands ."
3416339125_0860d3d1eb.jpg,Two men drinking beers at a table
3416339125_0860d3d1eb.jpg,Two men in sunglasses sit at a table drinking beer .
3416339125_0860d3d1eb.jpg,Two men sit at a small round table and drink beer .
341665272_80d4d61376.jpg,A brown dog carrying a Frisbee runs through the snow .
341665272_80d4d61376.jpg,A brown dog is running through the snow with a Frisbee in its mouth .
341665272_80d4d61376.jpg,A dog catches a red Frisbee in the snow .
341665272_80d4d61376.jpg,A dog holding a Frisbee in its mouth .
341665272_80d4d61376.jpg,A dog is running in the snow carrying a red Frisbee .
3417102649_5c0b2f4b4d.jpg,A Dalmatian is playing near a tree .
3417102649_5c0b2f4b4d.jpg,A Dalmation chews on a small branch of a tree .
3417102649_5c0b2f4b4d.jpg,A Dalmation Dog bites a small branch on a tree while up on his hind legs .
3417102649_5c0b2f4b4d.jpg,A young dalmatian wears a hat next to a tree .
3417102649_5c0b2f4b4d.jpg,The spotted dog chews on a tree .
3417672954_46b75dea8d.jpg,A guy gettin lots of air on a skateboard at a skatepark
3417672954_46b75dea8d.jpg,A skateboarder in a green shirt is performing a jump .
3417672954_46b75dea8d.jpg,A skateboarder in the city .
3417672954_46b75dea8d.jpg,a skateboarder wearing a green shirt jumping on a ramp
3417672954_46b75dea8d.jpg,Skateboarder in green shirt doing tricks in air .
3419916411_72934edcdb.jpg,A brown dog is lying on a grassy field as the wind blows through his fur .
3419916411_72934edcdb.jpg,A dog playing in the grass .
3419916411_72934edcdb.jpg,a golden retriever is running in a grassy field
3419916411_72934edcdb.jpg,A yellow dog is running in a field near a mountain .
3419916411_72934edcdb.jpg,The dog is running through the grass in the sun .
3421706363_a3e22a4908.jpg,A boy in dark pants and green t-shirt rides his bike up a ramp .
3421706363_a3e22a4908.jpg,A man is jumping his bicycle off a ramp in a skate park .
3421706363_a3e22a4908.jpg,A man wearing a yellow shirt jumps his bike over a ramp .
3421706363_a3e22a4908.jpg,A teen boy doing a bicycle trick on a bike ramp
3421706363_a3e22a4908.jpg,A young man is performing a bicycle jump on a ramp .
3422458549_f3f3878dbf.jpg,An african american woman dressed in orange is hitting a tennis ball with a racquet .
3422458549_f3f3878dbf.jpg,A tennis player in an orange outfit hits a ball .
3422458549_f3f3878dbf.jpg,A tennis player in orange is striking the ball with her racquet .
3422458549_f3f3878dbf.jpg,A woman in an orange athletic outfit playing tennis
3422458549_f3f3878dbf.jpg,Serena Williams hitting a ball in an orange outfit
3423249426_02bedf9260.jpg,A group of people standing on a rock path .
3423249426_02bedf9260.jpg,A group of women converse together while overlooking the views of the foliage .
3423249426_02bedf9260.jpg,A woman looks skeptically at the person taking a picture of her and 3 girls who are outdoors .
3423249426_02bedf9260.jpg,Four women stop along a walkway to look at an area beyond the fence .
3423249426_02bedf9260.jpg,Women are outside .
3424927725_c4d1fcfac3.jpg,A man in yellow sits on a rock ledge overlooking a forest .
3424927725_c4d1fcfac3.jpg,A person in a yellow raincoat is sitting on the edge of a rock looking down
3424927725_c4d1fcfac3.jpg,A person in a yellow raincoat seating on a cliff .
3424927725_c4d1fcfac3.jpg,A person is sitting on the edge of a rock cliff .
3424927725_c4d1fcfac3.jpg,A person sitting on the edge of a rock outcropping looking down
3425061393_d093edb8da.jpg,a man gets ready to hit the tennis ball .
3425061393_d093edb8da.jpg,A tennis player moving for a shot .
3425061393_d093edb8da.jpg,A tennis player with green a green headband on is ready to hit the ball .
3425061393_d093edb8da.jpg,Tennis champ Rafael Nadal lunges to return a ball .
3425061393_d093edb8da.jpg,Tennis player lunges to the left .
3425071001_e7c9809ef2.jpg,A boy hits a tennis ball on a court .
3425071001_e7c9809ef2.jpg,A boy hits a tennis ball with a black and yellow racket .
3425071001_e7c9809ef2.jpg,A boy hits a tennis ball with his tennis racquet .
3425071001_e7c9809ef2.jpg,A boy plays tennis .
3425071001_e7c9809ef2.jpg,A teenage boy hits a tennis ball with a racket .
3425573919_409d9e15b2.jpg,A group of people watching a chess game .
3425573919_409d9e15b2.jpg,Many people are sitting in a park watching a chess game .
3425573919_409d9e15b2.jpg,People gather around a life size chess game .
3425573919_409d9e15b2.jpg,Several people are at a park watching a chess game played with giant pieces .
3425573919_409d9e15b2.jpg,The crowd is watching an over sized chess match .
3426144752_28d63615ca.jpg,a little girl plays with a plane .
3426144752_28d63615ca.jpg,A young blonde boy holding a toy airplane .
3426144752_28d63615ca.jpg,A young blonde child holding an airplane .
3426144752_28d63615ca.jpg,The blonde haired child is holding the small plane .
3426144752_28d63615ca.jpg,The blond haired and blue eyed child holds the wooden airplane in his hands .
3426964258_67a0cee201.jpg,a crowd of people are gathered in the street waving Irish flags .
3426964258_67a0cee201.jpg,"A large crowd of people , some with green , white and tan striped flags ."
3426964258_67a0cee201.jpg,a parade has many flags and people .
3426964258_67a0cee201.jpg,Crowd gathered in streets waving brightly colored flags .
3426964258_67a0cee201.jpg,People hold flags in a crowded block .
3427233064_6af01bfc5c.jpg,A girl in pink polka dots looks at a horse .
3427233064_6af01bfc5c.jpg,A girl is hanging on the fence watching a horse .
3427233064_6af01bfc5c.jpg,A little girl stands on the fence while peeking through it to look at the horse .
3427233064_6af01bfc5c.jpg,A young girl clings to a fence ant watches the horse on the other side .
3427233064_6af01bfc5c.jpg,A young girl dressed all in pink is standing on a fence and looking at a horse .
3427614912_b147d083b2.jpg,Two boys are sprinting on a running track .
3427614912_b147d083b2.jpg,Two boys race each other on foot .
3427614912_b147d083b2.jpg,Two men in a running contest .
3427614912_b147d083b2.jpg,two young men running along a track .
3427614912_b147d083b2.jpg,Two young men run on a track outside .
3429351964_531de1bf16.jpg,An Asian woman is at a market stall that is selling bananas .
3429351964_531de1bf16.jpg,A woman holding bags behind plantains .
3429351964_531de1bf16.jpg,A woman in a black shirt stands in front of bananas at a fruit stand .
3429351964_531de1bf16.jpg,A woman shops for bananas in an open-air market .
3429351964_531de1bf16.jpg,Woman by green bananas at an open air market
3429465163_fb8ac7ce7f.jpg,A child in a red and grey coat in front of a wooden shed .
3429465163_fb8ac7ce7f.jpg,A child 's shadow is shown behind him .
3429465163_fb8ac7ce7f.jpg,A little boy in a thick jacket stands with his hand high over his head .
3429465163_fb8ac7ce7f.jpg,The little boy in the red jacket is casting a shadow .
3429465163_fb8ac7ce7f.jpg,This boy is waving around his arms outside .
3430100177_5864bf1e73.jpg,A crowd of people sit an walk across dirty streets
3430100177_5864bf1e73.jpg,A group of people are gathered on a sidewalk in front of a store nearby a littered street .
3430100177_5864bf1e73.jpg,A woman is sitting on the curb staring off into the distance .
3430100177_5864bf1e73.jpg,Many people are standing outside on a street filled with litter .
3430100177_5864bf1e73.jpg,One woman sitting on a sidewalk with others to the side and behind her .
3430287726_94a1825bbf.jpg,a man in a black outfit is riding a blue snowmobile across the snow .
3430287726_94a1825bbf.jpg,A man riding a purple snowmobile
3430287726_94a1825bbf.jpg,A man wearing snow clothes and a helmet drives a snow vehicle in the snow .
3430287726_94a1825bbf.jpg,A man with a helmet is going snowmobiling .
3430287726_94a1825bbf.jpg,A person riding a snowmobile on large amounts of snow .
3430526230_234b3550f6.jpg,The dogs run through the field near the water .
3430526230_234b3550f6.jpg,Two black dogs are chasing each other through shallow grass toward water .
3430526230_234b3550f6.jpg,Two dogs are running towards the water through brown grass .
3430526230_234b3550f6.jpg,Two dogs are running toward the water .
3430526230_234b3550f6.jpg,Two dogs run two a pond on a winter day .
343073813_df822aceac.jpg,A brown dog is standing in the water .
343073813_df822aceac.jpg,A brown dog standing in water .
343073813_df822aceac.jpg,A dog stands in water .
343073813_df822aceac.jpg,A dog with golden fur is chest deep in water .
343073813_df822aceac.jpg,The dog is in the water looking back .
3430779304_43a2146f4b.jpg,Two cowboys on horseback lasso a young calf to the ground .
3430779304_43a2146f4b.jpg,Two cowboys on horses wrangle a calf in a rodeo .
3430779304_43a2146f4b.jpg,Two cowboys rope a steer from horseback in an indoor corral .
3430779304_43a2146f4b.jpg,Two men ride horses and a calf runs between them .
3430779304_43a2146f4b.jpg,Two people on horses chasing cow in an arena .
3430782104_34da558eba.jpg,A cowboy on a horse ropes a steer .
3430782104_34da558eba.jpg,A cowboy trying to rope a bull while on a horse
3430782104_34da558eba.jpg,A cowboy wrangles a calf in a rodeo .
3430782104_34da558eba.jpg,a girl on a horse trying to catch a bull with a rope
3430782104_34da558eba.jpg,A person attempts to rope a black cow while riding a horse .
3431671749_e8e3a449ac.jpg,A car is zooming off with fire coming out of its exhaust pipe .
3431671749_e8e3a449ac.jpg,A race car has fire shooting out the back .
3431671749_e8e3a449ac.jpg,A race car on a track has flames shooting from the rear .
3431671749_e8e3a449ac.jpg,Fire is coming out of the back of a race car .
3431671749_e8e3a449ac.jpg,Flaming are shooting from the rear of a race car .
3433259846_800a6079f0.jpg,A girl in her ballet class
3433259846_800a6079f0.jpg,A little girl in a dancing class .
3433259846_800a6079f0.jpg,A little girl in a pink tutu practices dancing with scarves .
3433259846_800a6079f0.jpg,A woman teaching a ballet class composed of small children holding colourful scarves .
3433259846_800a6079f0.jpg,Some girls dance while waving gauzey fabric .
3433470650_a8b1c27173.jpg,A group of men walk along a road divided with yellow ropes .
3433470650_a8b1c27173.jpg,A group of men walk on a street with yellow ribbon in front of a white and red building .
3433470650_a8b1c27173.jpg,A group of middle eastern men are walking down a street in front of a building .
3433470650_a8b1c27173.jpg,Man in maroon turban standing in road while people walk past
3433470650_a8b1c27173.jpg,"Many people are walking down a road in both directions , some are wearing turbans"
3435653630_3b6cca2c40.jpg,A basketball team of 8 girls is doing a hand huddle .
3435653630_3b6cca2c40.jpg,A group of basketball players in a huddle .
3435653630_3b6cca2c40.jpg,A sports team is in a huddle with hands together .
3435653630_3b6cca2c40.jpg,Basketball players huddle .
3435653630_3b6cca2c40.jpg,Players wearing black
3436259762_43709321ff.jpg,A black dog inside house is looking at something at higher position .
3436259762_43709321ff.jpg,A black dog is about to sit down in a white carpeted room .
3436259762_43709321ff.jpg,A black dog is hunched back and is ready to jump .
3436259762_43709321ff.jpg,A black dog with a blue collar is sitting on beige carpet .
3436259762_43709321ff.jpg,A black dog with a gemmed collar is sitting on white carpet .
3439243433_d5f3508612.jpg,A long haired white dog is in an area covered with fallen brown leaves .
3439243433_d5f3508612.jpg,A white dog standing on fallen leaves .
3439243433_d5f3508612.jpg,A white dog standing on leaves on the ground .
3439243433_d5f3508612.jpg,A white furry dog is running through leaves .
3439243433_d5f3508612.jpg,A white furry dog is walking on leaves with its tongue sticking out .
3440724965_03d6ca5399.jpg,A man has his hand on his head while a speaker is speaking .
3440724965_03d6ca5399.jpg,A man in a suit touches his head while another speaks at a microphone .
3440724965_03d6ca5399.jpg,A man is scratching his head at a meeting while a person spoke .
3440724965_03d6ca5399.jpg,A man wearing a suit scratches the back of his head at a meeting .
3440724965_03d6ca5399.jpg,a picture taken from the back of osme kind of large meetinghall .
3440952969_608eb5e42b.jpg,A long haired skateboarder is airborne above a set of cements steps and a metal Bannister .
3440952969_608eb5e42b.jpg,A man jumping a rail on his skateboard .
3440952969_608eb5e42b.jpg,A person riding a skateboard jumps high above the concrete steps .
3440952969_608eb5e42b.jpg,A skateboarder props up on a pole just before descending .
3440952969_608eb5e42b.jpg,The skateboarder tries to do a trick down the railing .
3441145615_b4fcd9eea0.jpg,A group of cyclers race around a track .
3441145615_b4fcd9eea0.jpg,A group of people in colored outfits ride bikes around a track .
3441145615_b4fcd9eea0.jpg,Bicyclists stay in a line as each wear different color suits .
3441145615_b4fcd9eea0.jpg,Multiple bicyclists wearing different colored shirts and helmets riding around a track .
3441145615_b4fcd9eea0.jpg,Ten cyclists in different colors are racing around a bend in the track .
3441511444_b031585b45.jpg,A man in uniform presents paperwork to another for his signature .
3441511444_b031585b45.jpg,A man wearing a tan coat signs papers for another man wearing a blue coat .
3441511444_b031585b45.jpg,"Two men are holding papers , while one of them writes something ."
3441511444_b031585b45.jpg,Two men getting a document signed
3441511444_b031585b45.jpg,Two men with heads down signing a paper .
3441701164_6dbbdf1bce.jpg,a dirt bike rider holds up his finger .
3441701164_6dbbdf1bce.jpg,A man wearing a sponsor covered motorcycling suit sits on a motorbike raising his hand .
3441701164_6dbbdf1bce.jpg,A motorcycle racer is gesturing at somebody .
3441701164_6dbbdf1bce.jpg,A race car driver stands up with his hand pointing in the air .
3441701164_6dbbdf1bce.jpg,The person in the blue jacket has a colorful helmet on .
3443703471_14845d8850.jpg,A dog leaps over a barrier .
3443703471_14845d8850.jpg,A dog leaps over a fence .
3443703471_14845d8850.jpg,A dog leaps over a wooden fence as another is about to .
3443703471_14845d8850.jpg,There are two dogs ; one leaps over the fence and the other tries to .
3443703471_14845d8850.jpg,Two brown and black dogs are jumping a fence .
3443853670_6c79fcfcb2.jpg,A man with his dog sitting against a white building in the grass .
3443853670_6c79fcfcb2.jpg,A person siting against a wall with a dog .
3443853670_6c79fcfcb2.jpg,A person sits with their back against a white wall with a tan dog .
3443853670_6c79fcfcb2.jpg,Dog and owner sitting on lawn .
3443853670_6c79fcfcb2.jpg,Person sitting and leaning back against white house while dog sits in front of him
3445296377_1e5082b44b.jpg,A girl in a pink snowsuit splashes into dirty flood water next to a picnic table .
3445296377_1e5082b44b.jpg,A little girl dressed in pink is falling in water while another girl dressed in red watches .
3445296377_1e5082b44b.jpg,a young child in a pink snow outfit falling into a puddle .
3445296377_1e5082b44b.jpg,Two children play in the melting slush .
3445296377_1e5082b44b.jpg,Two kids are dressed up and playing in the water .
3445428367_25bafffe75.jpg,A person is standing on a brick ledge taking a picture of something in the distance .
3445428367_25bafffe75.jpg,A woman takes a photograph .
3445428367_25bafffe75.jpg,A woman with long hair pointing her camera skyward as she stands on a brick wall .
3445428367_25bafffe75.jpg,The woman is holding a camera and standing on a brick wall .
3445428367_25bafffe75.jpg,Woman standing on a brick wall and taking a picture
3446762868_06e9d9d899.jpg,A skateboarder does a trick in midair .
3446762868_06e9d9d899.jpg,A skateboarder in the air in front of wires .
3446762868_06e9d9d899.jpg,a skateboarder jumps into the air .
3446762868_06e9d9d899.jpg,Skateboarder in jeans and t-shirt performing jump .
3446762868_06e9d9d899.jpg,The skateboarder is leaping in the air in front of the telegraph pole .
3447155358_5b5b59b15e.jpg,A girl in a dress holds a tennis racket .
3447155358_5b5b59b15e.jpg,A little girl in a red dress and cape holds a large tennis racquet .
3447155358_5b5b59b15e.jpg,A little girl in a red flowered dress with a tennis racket .
3447155358_5b5b59b15e.jpg,"A young girl , in an orange dress , holding a tennis racket ."
3447155358_5b5b59b15e.jpg,The little girl in the red flowered dress and pink cape is holding a racket .
3451523035_b61d79f6a8.jpg,A few horses race each other on the track .
3451523035_b61d79f6a8.jpg,Muzzled greyhounds are racing along a dog track at night .
3451523035_b61d79f6a8.jpg,Race dog # 2 is ahead of a few other dogs .
3451523035_b61d79f6a8.jpg,Several greyhounds with numbered shirts racing around a track .
3451523035_b61d79f6a8.jpg,The dogs in numbered uniforms are running .
3451984463_37ac1ff7a8.jpg,A cyclist is riding past buildings with backpack and cycling gear .
3451984463_37ac1ff7a8.jpg,A cyclist rides his black bicycle while wearing a yellow jacket and white helmet .
3451984463_37ac1ff7a8.jpg,"A cyclist with a helmet , backpack , and yellow jacket ."
3451984463_37ac1ff7a8.jpg,A man wearing a backpack and helmet riding a bicycle .
3451984463_37ac1ff7a8.jpg,a man with a backpack wearing a yellow raincoat is riding a bicycle past red brick and stone wall .
3454315016_f1e30d4676.jpg,"A large , white bird skates across the top of some water ."
3454315016_f1e30d4676.jpg,A white bird with a long neck flying low over the water
3454315016_f1e30d4676.jpg,The large white bird grazes the water .
3454315016_f1e30d4676.jpg,White bird in water preparing to fly .
3454315016_f1e30d4676.jpg,White bird starting to take flight from a lake .
3455419642_894d03f153.jpg,"A black dog jumps at a ball held by a man wearing blue jeans , a blue striped shirt , and a dark blue jacket ."
3455419642_894d03f153.jpg,A man and a dog play with a yellow ball .
3455419642_894d03f153.jpg,A man blays with a black dog and a yellow ball .
3455419642_894d03f153.jpg,man playing with a dog with a yellow ball
3455419642_894d03f153.jpg,The black dog is jumping up at the yellow ball being held by the man .
3455757720_7aeba57056.jpg,a brown dog running along the dirt shore of a stream
3455757720_7aeba57056.jpg,A small dog running on a beach .
3455757720_7aeba57056.jpg,A small furry brown dog is running on the shore of the ocean .
3455757720_7aeba57056.jpg,"A woman sitting on the sand at the beach , with a furry animal in the foreground walking towards her ."
3455757720_7aeba57056.jpg,Dog running away from woman on the seashore .
345684566_235e8dfcc1.jpg,A brown and white dog is walking on a woodland path .
345684566_235e8dfcc1.jpg,A dog with floppy ears walking towards the camera in the woods .
345684566_235e8dfcc1.jpg,A shaggy dog walks on a dirt road in a forest in winter .
345684566_235e8dfcc1.jpg,Brown and white dog is trotting across dirt with trees in the background .
345684566_235e8dfcc1.jpg,There is a brown and white dog running over dirt .
3457210101_3533edebc8.jpg,A woman from CBS talking to a man in a white shirt .
3457210101_3533edebc8.jpg,A woman holding a microphone speaks to a man wearing a white shirt .
3457210101_3533edebc8.jpg,a woman interviews a man .
3457210101_3533edebc8.jpg,A woman with a mic interviews the soccer player .
3457210101_3533edebc8.jpg,A woman with a microphone from CBS is asking a man a question .
3457572788_e1fe4f6480.jpg,A downhill skier in black pants and jacket .
3457572788_e1fe4f6480.jpg,A guy skiing down the snowy slope .
3457572788_e1fe4f6480.jpg,A man in blue skiing downhill .
3457572788_e1fe4f6480.jpg,A man skiing down a snowy hill .
3457572788_e1fe4f6480.jpg,A older man skiing down a mountain on a clear day
3459362347_c412ef9901.jpg,A woman and two elderly men are standing in front of a speaker .
3459362347_c412ef9901.jpg,A woman and two men wearing black jackets .
3459362347_c412ef9901.jpg,A woman and two men wearing hats and glassess are standing under a avrovulcan.com sign .
3459362347_c412ef9901.jpg,A woman and two older gentlemen who are both wearing hats .
3459362347_c412ef9901.jpg,Three older people stand in front of an avrovulcan.com sign .
3459492423_c881f12c9f.jpg,A man in orange pants and a ponytail is free climbing a rock face .
3459492423_c881f12c9f.jpg,A man is rock climbing without gear .
3459492423_c881f12c9f.jpg,A man wearing orange pants climbs a rock .
3459492423_c881f12c9f.jpg,a rock climber with it shirt off
3459492423_c881f12c9f.jpg,"Sweating , shirtless man climbing up rock face ."
3461110860_37ef15af8e.jpg,A man in a grey shirt is standing in a crowded street at night .
3461110860_37ef15af8e.jpg,A man stands in a crowd holding a white object .
3461110860_37ef15af8e.jpg,A man with glasses and a grey shirt is on a crowded street .
3461110860_37ef15af8e.jpg,Man wearing pass on a lanyard and standing in a crowd of people .
3461110860_37ef15af8e.jpg,One man with his eyes closed standing in a crowd .
3461114418_c27b4043a2.jpg,A bicyclist is riding down a leaf strewn trail .
3461114418_c27b4043a2.jpg,A bike rider with a yellow helmet and red jacket corners a trail in a leafy wooded area .
3461114418_c27b4043a2.jpg,A cyclist in a yellow helmet is biking through the woods in fall .
3461114418_c27b4043a2.jpg,A man in a yellow helmet riding his bike on a trail through the woods .
3461114418_c27b4043a2.jpg,A man on a bike is riding on a trail through the woods in the fall .
3461677493_5bfb73038e.jpg,A barber is cutting a man 's hair .
3461677493_5bfb73038e.jpg,a beautiful arrangement of flowers with a man cutting hair in the background
3461677493_5bfb73038e.jpg,a vase of red roses with a man cutting hair in the background .
3461677493_5bfb73038e.jpg,Barber giving a haircut .
3461677493_5bfb73038e.jpg,"Two men , one in white and another in blue ."
3463034205_e541313038.jpg,A boy is doing tricks with his bike on the ramp .
3463034205_e541313038.jpg,A boy rides his bike on a half-pipe .
3463034205_e541313038.jpg,A cyclist gets airborne on a ramp .
3463034205_e541313038.jpg,A man on a bike jumping on a bike ramp .
3463034205_e541313038.jpg,A teenage boy on a bicycle does tricks .
3463922449_f6040a2931.jpg,A brown dog is in an agility contest and running towards a blue tube .
3463922449_f6040a2931.jpg,A dog is running during a competition .
3463922449_f6040a2931.jpg,A dog runs toward a tunnel .
3463922449_f6040a2931.jpg,A golden retriever is competing in a dog competition .
3463922449_f6040a2931.jpg,The brown dog is running towards a blue and yellow tube .
3464871350_3f2d624a9c.jpg,A driver is sitting in a Team Penske race car .
3464871350_3f2d624a9c.jpg,A race car driver with an orange helmet sits in a team Penske Indy car at the raceway .
3464871350_3f2d624a9c.jpg,A race car sits in the pits .
3464871350_3f2d624a9c.jpg,Race car driver getting ready for the start of the race .
3464871350_3f2d624a9c.jpg,"Racing car marked TEAM PENSKE on track , banners and spectators in background ."
3465000218_c94e54e208.jpg,"A shirtless man and a woman wearing at a park , wearing face paint and laughing ."
3465000218_c94e54e208.jpg,People wearing body paint outside .
3465000218_c94e54e208.jpg,The man with his shirt off has paint under his eyes .
3465000218_c94e54e208.jpg,The people have paint on them .
3465000218_c94e54e208.jpg,Two friends in a park with face paint on their faces .
3468275336_61936db92d.jpg,A bride is throwing her bouquet to several women standing behind her .
3468275336_61936db92d.jpg,"A bride throwing her bouquet up in the air behind her , towards a group of ladies ."
3468275336_61936db92d.jpg,A bride throws her flowers over her head to a waiting crowd .
3468275336_61936db92d.jpg,A bride tossing her bouquet to a group of women .
3468275336_61936db92d.jpg,A new bride dressed in white throws a bouquet to waiting females behind her .
3468346269_9d162aacfe.jpg,A race car coming around a curve on a gravel course creating lots of dust
3468346269_9d162aacfe.jpg,A race car with a cloud of dust behind it
3468346269_9d162aacfe.jpg,A rally car kicks up dirt as it makes a sharp turn .
3468346269_9d162aacfe.jpg,Blue race car raises cloud of smoke on road as a crowd observes .
3468346269_9d162aacfe.jpg,Car racing on a dirt road
3470008804_0ca36a7a09.jpg,A bullfighter skewers his prey just as he 's hit by the bull .
3470008804_0ca36a7a09.jpg,A fancy outfitted bullfighter and bull .
3470008804_0ca36a7a09.jpg,A man stabs a bull in a bullfight .
3470008804_0ca36a7a09.jpg,a matador in white and gold clothing and pink sock is getting hit by a raging bull
3470008804_0ca36a7a09.jpg,The matador is struck by a charging bull as he stabs it with his swords .
3471463779_64084b686c.jpg,A baseball player throws the ball .
3471463779_64084b686c.jpg,A boy in the middle of a pitch at a baseball game .
3471463779_64084b686c.jpg,A pitcher on a mound throws a baseball .
3471463779_64084b686c.jpg,A teenage boy pitching a baseball .
3471463779_64084b686c.jpg,A young pitcher is throwing the baseball .
347186933_880caaf53b.jpg,a lady hangs from a tree with blue stuff tied around her .
347186933_880caaf53b.jpg,An acrobat entangles herself in fabric twisted in the trees above .
347186933_880caaf53b.jpg,"A woman hanging from a tree , her leg wrapped in cloth ."
347186933_880caaf53b.jpg,A woman dangles from a blue fabric connected to a tree .
347186933_880caaf53b.jpg,Woman hangs on tree limb .
3472066410_065b4f99d3.jpg,A girl in a green jacket leaps in the air .
3472066410_065b4f99d3.jpg,A girl in green is jumping on concrete .
3472066410_065b4f99d3.jpg,A woman with long hair jumps from a stone bench to another .
3472066410_065b4f99d3.jpg,a young woman jumping to a beam
3472066410_065b4f99d3.jpg,A young woman jumps from one bench to another .
3472270112_0a7cb7b27c.jpg,A baseman and a ballplayer from the opposing team sliding onto base .
3472270112_0a7cb7b27c.jpg,A runner slides into second base while the shortstop waits for the ball
3472270112_0a7cb7b27c.jpg,Men participate in a baseball game .
3472270112_0a7cb7b27c.jpg,"Three baseball players in motion ; one sliding into a base , another running in the background ."
3472270112_0a7cb7b27c.jpg,Three men playing baseball and the one wearing a red helmet is sliding to the plate .
3472364264_dbde5a8d0a.jpg,A dog plays on the beach .
3472364264_dbde5a8d0a.jpg,A dog running on a beach .
3472364264_dbde5a8d0a.jpg,a large dog runs on the beach with something hanging out of its mouth .
3472364264_dbde5a8d0a.jpg,The dog ran across the beach .
3472364264_dbde5a8d0a.jpg,The large black dog is running on the sand near the beach .
3473534758_1ae3847781.jpg,There are two Boston terriers biting at each other .
3473534758_1ae3847781.jpg,Two boxers playfully snap at each other .
3473534758_1ae3847781.jpg,Two dogs are playing together with their mouths open .
3473534758_1ae3847781.jpg,Two large dogs are fighting in a dirt field .
3473534758_1ae3847781.jpg,two small dogs growling at each other in a dirtbed
3474265683_43b1033d94.jpg,A man and woman in a crowd of people are having a verbal exchange .
3474265683_43b1033d94.jpg,"A man in a blue sweater , black leather jacket and gray hat is surrounded by people ."
3474265683_43b1033d94.jpg,"A man wearing a shirt and tie , looks perplexed as he navigates through a crowd ."
3474265683_43b1033d94.jpg,an old wearing a grey hat and a leather jacket surrounded by several other people .
3474265683_43b1033d94.jpg,"Man wearing hat , cardigan , and tie in a crowd of people"
3474406285_01f3d24b71.jpg,a brown dog jumping over a blue and yellow stick .
3474406285_01f3d24b71.jpg,A brown dog jumping over a hurdle .
3474406285_01f3d24b71.jpg,A brown dog jumps over an obstacle .
3474406285_01f3d24b71.jpg,A dog jumps over a hurdle at a competition .
3474406285_01f3d24b71.jpg,The brown dog is jumping a hurdle over a yellow and black pole .
3474985112_24ef46e82d.jpg,A male bicyclist wearing a blue helmet is out for a ride in the outdoors .
3474985112_24ef46e82d.jpg,A man mountain biking with a blue helmet
3474985112_24ef46e82d.jpg,A man wearing a blue helmet is riding in the dirt on his bike .
3474985112_24ef46e82d.jpg,A mountain biker rides down a trail .
3474985112_24ef46e82d.jpg,The man in the blue helmet is on a bike .
3475005101_6f6e437459.jpg,A baseball player crouching to catch the ball as a runner slides to safety .
3475005101_6f6e437459.jpg,A boy is sliding towards a base while the baseman is waiting for the ball in a baseball game .
3475005101_6f6e437459.jpg,Little league slides into plate where rival player crouches in anticipation .
3475005101_6f6e437459.jpg,Two boys play in a little league game .
3475005101_6f6e437459.jpg,Two Children playing baseball at the park .
3475092236_cf45d383c7.jpg,A group of people are looking and taking photos of something off camera .
3475092236_cf45d383c7.jpg,A group of people are standing by a window watching something .
3475092236_cf45d383c7.jpg,A group of people clap and take pictures of an unseen subject .
3475092236_cf45d383c7.jpg,A group of people stand and wait to see something .
3475092236_cf45d383c7.jpg,Crow of people taking pictures and clapping .
3475111806_f0d2927707.jpg,A man takes a picture in a crowd .
3475111806_f0d2927707.jpg,a man takes a picture of another two men in a crowd .
3475111806_f0d2927707.jpg,"At a concert , two men look on while another takes a photo ."
3475111806_f0d2927707.jpg,The crowd is gathering for an event at Best Buy .
3475111806_f0d2927707.jpg,Two men in a crowd are turned around taking a picture together while a concert is going on in the background .
347543966_b2053ae78c.jpg,A group of men stand outside a glass and steel building .
347543966_b2053ae78c.jpg,Three men are looking at a wall very intently in a city .
347543966_b2053ae78c.jpg,Three men stand in a glass area .
347543966_b2053ae78c.jpg,Three people in a glass structure .
347543966_b2053ae78c.jpg,Three people stand in an outdoor glass structure .
3475581086_a533567561.jpg,A girl in a green and pink outfit attempts to climb a wall made for kids .
3475581086_a533567561.jpg,A girl with a pink hat is climbing a playground wall .
3475581086_a533567561.jpg,A little girl climbing a rock wall .
3475581086_a533567561.jpg,A little girl in a hat climbing a kiddie wall .
3475581086_a533567561.jpg,A young girl wearing a pink hat climbs on the playground equipment .
3476451861_5b9c9ce191.jpg,A bicyclist is performing a trick on a tall tree .
3476451861_5b9c9ce191.jpg,A person is riding a bike on a tree .
3476451861_5b9c9ce191.jpg,A person riding a bike with blue wheels on a tree trunk at night .
3476451861_5b9c9ce191.jpg,A young person doing a bike trick on a trunk of a tree .
3476451861_5b9c9ce191.jpg,Person is riding a bike with blue tires up a tree .
3477315700_52a4d740a5.jpg,A little girl in a harness is in midair on a sunny day .
3477315700_52a4d740a5.jpg,A little girl in a pink jacket and hat is swinging in a harness attached to yellow ropes .
3477315700_52a4d740a5.jpg,A young child jumps in a bungee seat in front of a blue sky and tree .
3477315700_52a4d740a5.jpg,Little girl in pink coat on a swing .
3477315700_52a4d740a5.jpg,The little girl wearing pink is having fun bungee jumping .
3477778668_81ff0a68e0.jpg,A group of people dressed in formal wear pose for a picture .
3477778668_81ff0a68e0.jpg,"A wedding photo , the bridesmaids in purple , all of the groomsmen jumping ."
3477778668_81ff0a68e0.jpg,Bridal party posing in a park area .
3477778668_81ff0a68e0.jpg,The bridesmaids in purple surround the bride and groom with the groomsmen in the rear .
3477778668_81ff0a68e0.jpg,"This wedding photo shows the wedding party , in purple and white , gathered outside ."
3478084305_9e1219c3b6.jpg,A boy jumps off a short wall with his arms out .
3478084305_9e1219c3b6.jpg,A dark haired boy in sunglasses is jumping .
3478084305_9e1219c3b6.jpg,a little boy jumps off a yellow railling .
3478084305_9e1219c3b6.jpg,A young boy is jumping in the air in front of a concrete wall .
3478084305_9e1219c3b6.jpg,The boy is wearing blue sunglasses and jumping by a yellow rail .
3480126681_52cea26bda.jpg,A black and white dog is running on sand .
3480126681_52cea26bda.jpg,A black and white dog runs across the red dirt .
3480126681_52cea26bda.jpg,A black dog running across barren terrain .
3480126681_52cea26bda.jpg,A black pitbull dog is running through the dirt .
3480126681_52cea26bda.jpg,Black dog with white paws runs on barren field
3481859121_3d3e566ec0.jpg,A group of people sitting on a sidewalk .
3481859121_3d3e566ec0.jpg,Girls sit on benches .
3481859121_3d3e566ec0.jpg,The girl is wearing silver shoes and a pink jacket .
3481859121_3d3e566ec0.jpg,The girls take a break in the afternoon .
3481859121_3d3e566ec0.jpg,Two teenage girls are texting in the park .
3482237861_605b4f0fd9.jpg,A boy is riding a scooter down the concrete path .
3482237861_605b4f0fd9.jpg,A child on a scooter moving down the sidewalk .
3482237861_605b4f0fd9.jpg,A youth rides a scooter on a sidewalk near a building .
3482237861_605b4f0fd9.jpg,The boy is riding his scooter on the sidewalk .
3482237861_605b4f0fd9.jpg,Young boy rides his scooter on drive .
3482314155_bd1e668b4e.jpg,A bull is charging a man in an arena .
3482314155_bd1e668b4e.jpg,A guy is running away from a black bull .
3482314155_bd1e668b4e.jpg,A man in a bull ring is being charged down by the bull .
3482314155_bd1e668b4e.jpg,A man running away from a charging bull .
3482314155_bd1e668b4e.jpg,Man in ring bending backwards with a bull behind him .
3483140026_e14f64fdf5.jpg,A man in a hardhat stands beside a ladder .
3483140026_e14f64fdf5.jpg,A man in an orange jacket and white hat looks off camera .
3483140026_e14f64fdf5.jpg,A man is wearing a hardhat and orange jacket standing in front of a red ladder .
3483140026_e14f64fdf5.jpg,A person in a white helmet is standing next to a ladder .
3483140026_e14f64fdf5.jpg,A smiling construction worker with a white helmet .
3484625231_5b1a1a07b8.jpg,A football player in possession of the ball gets tackled by a football player on the opposing team .
3484625231_5b1a1a07b8.jpg,A football player leaps in the air while another tries to hold onto his foot .
3484625231_5b1a1a07b8.jpg,Male football player in orange and white uniform dodges tackle of another player .
3484625231_5b1a1a07b8.jpg,Two guys playing football .
3484625231_5b1a1a07b8.jpg,Two men during a football game
3484820303_7be0e914b4.jpg,"A boy is on a bicycle , and there is a girl on the back of it with an umbrella ."
3484820303_7be0e914b4.jpg,A couple stands outside with an umbrella and a bicycle .
3484820303_7be0e914b4.jpg,A girl with an umbrella is riding on the back of a bicycle peddled by a smiling boy .
3484820303_7be0e914b4.jpg,A man rides a bike with a woman holding an umbrella .
3484820303_7be0e914b4.jpg,"There is a boy on a bicycle ; and a girl , holding an umbrella , climbing on the back ."
3484842724_ef1124c87a.jpg,A baseball player is trying to run to a base while the baseman catches the ball .
3484842724_ef1124c87a.jpg,A softball player runs towards first base while the pitcher attempts to throw her out .
3484842724_ef1124c87a.jpg,The first baseman makes hte catch just in time to get the runner out in this softball game .
3484842724_ef1124c87a.jpg,Three people play baseball on a field at a park .
3484842724_ef1124c87a.jpg,Three young women are playing softball .
3485486737_953f9d3be2.jpg,A man in the back of a van takes a picture of a yellow truck .
3485486737_953f9d3be2.jpg,a man looking out the back of his car looking at a yellow van behind
3485486737_953f9d3be2.jpg,A person riding in the back of one vehicle is looking down the road towards a yellow truck .
3485486737_953f9d3be2.jpg,Photographer shooting picture of yellow bus .
3485486737_953f9d3be2.jpg,Two people sit in shadow in the open back of a vehicle followed by another vehicle .
3486324591_9f5eeb24b9.jpg,A boy with a Mohawk chasing geese in a park .
3486324591_9f5eeb24b9.jpg,A child is playing with two white and black geese .
3486324591_9f5eeb24b9.jpg,A child laughs as he plays with a large bird .
3486324591_9f5eeb24b9.jpg,A young boy chases away two Canadian geese .
3486324591_9f5eeb24b9.jpg,A young boy runs along the grass as two geese begin to fly away .
3486831913_2b9390ebbc.jpg,A brown dog on the grass next to a pond .
3486831913_2b9390ebbc.jpg,A brown dog runs through a grassy field
3486831913_2b9390ebbc.jpg,a brown dog wearing a blue collar is running on the grass .
3486831913_2b9390ebbc.jpg,A dog is lying in the grass with a body of water beside him .
3486831913_2b9390ebbc.jpg,The brown dog with a blue bandanna tied around its neck is laying in the grass by the water .
3487131146_9d3aca387a.jpg,A group of men stands near a tree as a racing car stirs up a cloud of dust on the gravel road beside them .
3487131146_9d3aca387a.jpg,A race car kicks up dirt and dust on a gravel track .
3487131146_9d3aca387a.jpg,Many people stand by watching a car smoke heavily .
3487131146_9d3aca387a.jpg,People are watching a race car speed thorugh the dirt .
3487131146_9d3aca387a.jpg,Six spectators watching a dirt racing car pass by in a cloud of dust .
3488837187_0c7264a16c.jpg,"A baby boy picks at his hair , while holding a red and yellow ball ."
3488837187_0c7264a16c.jpg,A blonde haired toddler is holding a soft red and yellow soccer ball .
3488837187_0c7264a16c.jpg,A little kid holding a yellow and red soccer toy .
3488837187_0c7264a16c.jpg,A small child holds a stuffed soccer ball .
3488837187_0c7264a16c.jpg,A young boy looks at a yellow and red stuffed soccer ball .
3489774350_a94e6c7bfc.jpg,A child eating food and smiling at the camera .
3489774350_a94e6c7bfc.jpg,"A little child in a green shirt eats a crust of bread , smiling ."
3489774350_a94e6c7bfc.jpg,A small child in a green jacket eating something .
3489774350_a94e6c7bfc.jpg,A small child looks and smiles as she eats .
3489774350_a94e6c7bfc.jpg,A smiling little boy in a green jacket eats a snack .
3490186050_4cb4193d4d.jpg,A boy dribbles a soccer ball in a grass field next to a parking lot .
3490186050_4cb4193d4d.jpg,A boy plays ball on a grassy field .
3490186050_4cb4193d4d.jpg,A child in yellow and black kicks a blue and black ball .
3490186050_4cb4193d4d.jpg,A little boy is about to kick a black soccer ball .
3490186050_4cb4193d4d.jpg,A young boy is playing soccer .
3490528249_6aae9b867b.jpg,Two automobiles race each other and pour smoke from behind .
3490528249_6aae9b867b.jpg,Two drag racing cars resembling train locomotives are leaving the starting line .
3490528249_6aae9b867b.jpg,Two dragsters race down the track in front of a crowd of spectators watching the drag race from the stands .
3490528249_6aae9b867b.jpg,Two race cars speed along a track with smoke coming from the backs of them .
3490528249_6aae9b867b.jpg,Two rocket dragsters racing at a dragsters .
3491607076_922ec561d9.jpg,A man holds a trophy on the stage .
3491607076_922ec561d9.jpg,A race car driver accepts his trophy .
3491607076_922ec561d9.jpg,a racer holds up his trophy .
3491607076_922ec561d9.jpg,The racing winner accepts his trophy .
3491607076_922ec561d9.jpg,Winning racer displaying his trophy and waving to the crowd .
3492734013_e6b177ed99.jpg,A boy surrounded by pigeons is interacting with a person who is part of a larger crowd .
3492734013_e6b177ed99.jpg,A crowd scene with pigeons in a plaza .
3492734013_e6b177ed99.jpg,A family is talking in a plaza standing in the middle of a bunch of birds .
3492734013_e6b177ed99.jpg,Boy in yellow shirt getting picture taken surrounded by pigeons
3492734013_e6b177ed99.jpg,Group of people in an open square with a large flock of pigeons .
3493479159_609ebe1b35.jpg,A man is riding a red racing motorcycle .
3493479159_609ebe1b35.jpg,A motorcyclist dressed in red .
3493479159_609ebe1b35.jpg,"A person in a motocross uniform , and wearing a helmet , rides a red motorcycle ."
3493479159_609ebe1b35.jpg,A racer in full gear and helmet with sponsors logos is riding a red sport motorcycle .
3493479159_609ebe1b35.jpg,A racing motorcycle and motorcyclist in red leaning into a turn .
3496028495_431cfdc042.jpg,A brown dog swimming in the water with a tennis ball in his mouth .
3496028495_431cfdc042.jpg,A brown dog swims back to shore after retrieving a yellow tennis ball .
3496028495_431cfdc042.jpg,a brown labradoodle retrieves a tennis ball in a lake
3496028495_431cfdc042.jpg,The brown dog is swimming .
3496028495_431cfdc042.jpg,There is a brown dog swimming outside with a tennis ball in its mouth .
3497106366_d1a256e723.jpg,A man rides a surfboard as a wave comes up behind him .
3497106366_d1a256e723.jpg,A man surfing with a mountain in the background .
3497106366_d1a256e723.jpg,A surfer is riding a wave in the ocean on a clear day
3497106366_d1a256e723.jpg,The surfer in the black body suit rides a wave off the coast
3497106366_d1a256e723.jpg,The surfer is riding a wave with a mountain in the background .
3497234632_6ec740fc1e.jpg,A group of basketball players stand on the basketball court .
3497234632_6ec740fc1e.jpg,A group of men play basketball .
3497234632_6ec740fc1e.jpg,Boys play basketball on a wood floor near clear glass doors .
3497234632_6ec740fc1e.jpg,Several men around an indoor basketball hoop .
3497234632_6ec740fc1e.jpg,"Young boys playing indoor basketball , one team has black and white uniforms , the other has orange and white ."
3497502407_ec566442c9.jpg,A girl stands high on an obstacle course platform .
3497502407_ec566442c9.jpg,A man standing on a platform high up in a tree .
3497502407_ec566442c9.jpg,A person standing on a platform attached to a tree .
3497502407_ec566442c9.jpg,A woman on a tree canopy walk
3497502407_ec566442c9.jpg,A woman stands on a circular ledge surrounding a tall tree .
3499720588_c32590108e.jpg,A dark skinned man plays a blue guitar on the street .
3499720588_c32590108e.jpg,"A man playing his guitar on the street , surrounded by buildings and street lights ."
3499720588_c32590108e.jpg,A man plays a blue guitar on the an empty urban street .
3499720588_c32590108e.jpg,a man walking the streets while playing the guitar .
3499720588_c32590108e.jpg,The man plays his guitar on the local streets .
3503471307_464a8f588c.jpg,A boy is doing a jumping stunt on a bicycle in a run down street .
3503471307_464a8f588c.jpg,A boy is in the air on his bike .
3503471307_464a8f588c.jpg,A boy performs a one-handed trick on his bicycle by a rundown building .
3503471307_464a8f588c.jpg,A young man is pulling tricks on his bike in front of a warehouse .
3503471307_464a8f588c.jpg,The boy does a jumps his bike into the air .
350443876_c9769f5734.jpg,A little baby climbing up the ladder after someone .
350443876_c9769f5734.jpg,A little girl is climbing a ladder .
350443876_c9769f5734.jpg,A person on a ladder with a baby underneath .
350443876_c9769f5734.jpg,A person stands at the top of a ladder as a young girl begins to climb .
350443876_c9769f5734.jpg,A person stands on a ladder and a small child climbs at the bottom of the ladder .
3504881781_6a842e043b.jpg,A group of men are changing the shells on a cannon .
3504881781_6a842e043b.jpg,Group of men loading a cannon .
3504881781_6a842e043b.jpg,several men loading a metal cannon
3504881781_6a842e043b.jpg,Several people work on a machine .
3504881781_6a842e043b.jpg,Some men try to load what looks like a cannon .
3506468593_7e41a6d9f1.jpg,A girl swings on a vine over water .
3506468593_7e41a6d9f1.jpg,A girl tries holding onto a vine so she so n't fall into the water .
3506468593_7e41a6d9f1.jpg,a girl wearfing pink swings over a creek .
3506468593_7e41a6d9f1.jpg,The girl is swinging on a rope over a small pond .
3506468593_7e41a6d9f1.jpg,Woman swinging above water while holding a vine .
3507076266_8b17993fbb.jpg,A man in a brown jacket is leading a black shire horse .
3507076266_8b17993fbb.jpg,A man walking a large black horse .
3507076266_8b17993fbb.jpg,Man in brown jacket leading black horse
3507076266_8b17993fbb.jpg,Man leads a black show horse as crowd observes .
3507076266_8b17993fbb.jpg,The man is walking with a draft horse
3507670136_2e5f94accf.jpg,A dirt biker is taking a large jump wearing a yellow suit .
3507670136_2e5f94accf.jpg,A man in yellow performs a bike trick .
3507670136_2e5f94accf.jpg,A motocross bike is jumping through the air over a dirt track .
3507670136_2e5f94accf.jpg,A person wearing yellow is taking a jump on a dirt bike .
3507670136_2e5f94accf.jpg,The motorcycle racer in a yellow uniform is in midair .
3514278386_de2343577e.jpg,A baseball player in a black shirt just tagged a player in a white shirt .
3514278386_de2343577e.jpg,A woman in a baseball uniform tags another with her mitt .
3514278386_de2343577e.jpg,The number ten player on the white softball team gets tagged at base by a girl on the other team .
3514278386_de2343577e.jpg,Two girls participate in a softball game .
3514278386_de2343577e.jpg,Two girls playing in a game of softball .
3515358125_9e1d796244.jpg,A brown dog is chasing a ball on the grass
3515358125_9e1d796244.jpg,"A dog , trailing a leash , chases a tennis ball across a grassy area ."
3515358125_9e1d796244.jpg,A dog with a red leash still attached chases over the grass toward a tennis ball .
3515358125_9e1d796244.jpg,A German shepherd dog is running toward a tennis ball .
3515358125_9e1d796244.jpg,A large brown dog runs after a tennis ball in a field .
3517127930_5dbddb45f6.jpg,A boy hits the ball at a baseball game .
3517127930_5dbddb45f6.jpg,A softball player 's team watches as she swings at a pitch .
3517127930_5dbddb45f6.jpg,batter hits a baseball
3517127930_5dbddb45f6.jpg,One of the members of a baseball team in brown and white is at bat .
3517127930_5dbddb45f6.jpg,softball player swinging at a pitch
3518126579_e70e0cbb2b.jpg,A guy riding something down steps .
3518126579_e70e0cbb2b.jpg,A man skates down a long outdoor stairway .
3518126579_e70e0cbb2b.jpg,A young man attempts to ride a unicycle down an outdoor stairway stained with moss .
3518126579_e70e0cbb2b.jpg,the man is pedaling the tiny bike down the steps .
3518126579_e70e0cbb2b.jpg,"Two men walk down a stone stairway , one is riding a unicycle ."
3518687038_964c523958.jpg,A cricket bowler winds up .
3518687038_964c523958.jpg,A man getting reading to throw a ball .
3518687038_964c523958.jpg,A man in a white athletic suit is throwing a ball in a cricket game .
3518687038_964c523958.jpg,A man standing in front of two ads prepares to throw something across a field .
3518687038_964c523958.jpg,A man wearing white winds up to throw .
3518755601_cebf11e515.jpg,Three girls are sitting our on the sand at the beach posing for the camera .
3518755601_cebf11e515.jpg,Three ladies play in the sand .
3518755601_cebf11e515.jpg,Three people sitting in the sand on a beach .
3518755601_cebf11e515.jpg,three young woman smiling on the beach
3518755601_cebf11e515.jpg,"Three young women wearing wetsuits on beach , two gesturing at camera ."
351876121_c7c0221928.jpg,"A big , brown dog is sleeping next to a small black and white cat ."
351876121_c7c0221928.jpg,A cat sleeps nestled up to a dog .
351876121_c7c0221928.jpg,A dog and cat are snuggling up during a nap .
351876121_c7c0221928.jpg,A dog and cat laying down together .
351876121_c7c0221928.jpg,A small cat laying with a large dog
3520617304_e53d37f0af.jpg,A military uniformed man performing a takedown maneuver on a similarly dressed man .
3520617304_e53d37f0af.jpg,One Marine flips another one down .
3520617304_e53d37f0af.jpg,One military man executes a combat move on another outside a gated facility .
3520617304_e53d37f0af.jpg,One soldier throws another soldier with a shaved head onto the ground .
3520617304_e53d37f0af.jpg,"Two military men practicing a "" take-down "" maneuver ."
3521201948_9049197f20.jpg,A 5 dog race where all the dogs have mussels .
3521201948_9049197f20.jpg,Five large dogs run through a fenced grass area while wearing muzzles .
3521201948_9049197f20.jpg,Five large dogs with long tails play together on a grassy field with blue and red balls .
3521201948_9049197f20.jpg,Five muzzled greyhounds are running in a grassy field .
3521201948_9049197f20.jpg,Muzzled greyhound dogs running in a pack .
3522000960_47415c3890.jpg,A guy catches a wave on his surfboard
3522000960_47415c3890.jpg,A man is surfing a large wave in the ocean .
3522000960_47415c3890.jpg,A surfer catches a gnarly wave .
3522000960_47415c3890.jpg,A surfer rides in a wave tunnel .
3522000960_47415c3890.jpg,"Surfer partially visible through crashing wave , shore in background ."
3522076584_7c603d2ac5.jpg,a biker performs a trick in the air .
3522076584_7c603d2ac5.jpg,A child rides a bike high in the air .
3522076584_7c603d2ac5.jpg,A person flying through the air on a bicycle .
3522076584_7c603d2ac5.jpg,A person is jumping while riding a bike .
3522076584_7c603d2ac5.jpg,A person on a bike flies through the air with the sun flaring through the bike frame .
3523474077_16e14bc54c.jpg,a man holding a digital camera standing outside of a huge building .
3523474077_16e14bc54c.jpg,A man in a blue shirt holding a camera .
3523474077_16e14bc54c.jpg,"A man in a blue t-shirt holds a camera ,"
3523474077_16e14bc54c.jpg,a man wearing blue holds a camera .
3523474077_16e14bc54c.jpg,The man in a blue shirt is holding a camera near to a boy wearing a backpack .
352382023_7605223d1c.jpg,A dog carrying a stick while walking in water
352382023_7605223d1c.jpg,A dog with a stick in his mouth walking through water .
352382023_7605223d1c.jpg,A large brown dog with a stick in his mouth coming out of water .
352382023_7605223d1c.jpg,A wet dog carrying a stick in its mouth .
352382023_7605223d1c.jpg,Dog retrieving stick in water
3526150930_580908dab6.jpg,A woman and a young girl pose and smile for a photo .
3526150930_580908dab6.jpg,"A woman and a young girl smiling for the camera , in front of some flowers ."
3526150930_580908dab6.jpg,A woman and girl pose together in a garden .
3526150930_580908dab6.jpg,A woman poses with a small girl on her lap in front of a flower bush .
3526150930_580908dab6.jpg,A woman with brown hair is sitting with a little girl with short brown hair outside next to some red flowers .
3527715826_ea5b4e8de4.jpg,"A girl , in a black shirt and hot pink pants , is about to hit a tennis ball on the court ."
3527715826_ea5b4e8de4.jpg,A girl in pink flip flops and pants playing tennis .
3527715826_ea5b4e8de4.jpg,A girl trying to hit a ball in the air with a tennis racket on the tennis court .
3527715826_ea5b4e8de4.jpg,A girl wearing a black shirt and pink pants playing tennis on a tennis court .
3527715826_ea5b4e8de4.jpg,A girl wearing pink flip flops and tights is swinging a tennis racket at a tennis ball .
3528902357_be2357a906.jpg,A bicyclist is attempting a trick while wearing minimal protective gear .
3528902357_be2357a906.jpg,A boy attempting a jump on his bike .
3528902357_be2357a906.jpg,A boy is riding his bike over a ramp at a park .
3528902357_be2357a906.jpg,A closeup of a man riding a bicycle .
3528902357_be2357a906.jpg,A man in a helmet is doing stunts on a bike .
3530342993_a4a1f0e516.jpg,A bicycler is going down a ramp at a bike festival .
3530342993_a4a1f0e516.jpg,A bike jumps through the air .
3530342993_a4a1f0e516.jpg,A cyclist is performing a stunt in a bicycle-cross competition .
3530342993_a4a1f0e516.jpg,A man riding a bicycle down a ramp towards a dirt bike course .
3530342993_a4a1f0e516.jpg,A stunt cyclist launches himself into midair over a ramp while other cyclists watch .
3530843182_35af2c821c.jpg,A couple practice different ways to wear sunglasses in front of a red car .
3530843182_35af2c821c.jpg,A girl and boy with sunglasses and a red car behind them .
3530843182_35af2c821c.jpg,A man with sunglasses and a woman with a hat are in front of a car .
3530843182_35af2c821c.jpg,a man with sunglasses on his head is looking at the woman with a white hat and red scarf next to him whilst standing in front of a red sports car .
3530843182_35af2c821c.jpg,A woman in a crochet hat and sunglasses smiles while the man beside her in a plaid short and sunglasses looks behind her .
353180303_6a24179c50.jpg,A costumes woman applies makeup while looking in a mirror .
353180303_6a24179c50.jpg,"A showgirl , holding lipstick in her hand , and wearing a feather headdress , looks in a mirror ."
353180303_6a24179c50.jpg,A showgirl puts on her lipstick in the mirror .
353180303_6a24179c50.jpg,A woman in a fancy costume is fixer her makeup in front of a mirror .
353180303_6a24179c50.jpg,Costumed woman applying lipstick .
3532194771_07faf20d76.jpg,A man is heading out to see with his surfboard in hand .
3532194771_07faf20d76.jpg,A man with a white surfboard is walking into the water .
3532194771_07faf20d76.jpg,A person walks into the water carrying a white surfboard .
3532194771_07faf20d76.jpg,A surfer walking into the ocean
3532194771_07faf20d76.jpg,Surfer with board marches out to sea on gray day .
3532761259_14026c1e96.jpg,A girl and a woman pose for a picture .
3532761259_14026c1e96.jpg,A woman and young woman pose with their arms around each other .
3532761259_14026c1e96.jpg,a young girl posing with another woman each smiling .
3532761259_14026c1e96.jpg,Two women smile cheerfully at the viewer .
3532761259_14026c1e96.jpg,Two women wearing red are smiling at the camera .
3532782283_341f0381a3.jpg,Three people are facing the mountains .
3532782283_341f0381a3.jpg,Three people looking toward the mountains .
3532782283_341f0381a3.jpg,Three people stand looking in the direction of some mountains .
3532782283_341f0381a3.jpg,Three people watching the clouds in the mountains .
3532782283_341f0381a3.jpg,Three young adults gaze at the approaching storm .
3533394378_1513ec90db.jpg,A man and a woman are strapped into a circular metal ride .
3533394378_1513ec90db.jpg,"A man and woman , both with red hair , enjoy a bungee-type carnival ride ."
3533394378_1513ec90db.jpg,Two people are suspended in air in a metal ball as part of a carnival type ride .
3533394378_1513ec90db.jpg,Two people in a slingshot ride .
3533394378_1513ec90db.jpg,Two people on an amusement park ride .
3534046564_4f8546e364.jpg,two black and white dogs running towards each other in the grass
3534046564_4f8546e364.jpg,Two dogs approach each other in the grass .
3534046564_4f8546e364.jpg,Two dogs are playing out in a yard .
3534046564_4f8546e364.jpg,Two dogs face off in the park .
3534046564_4f8546e364.jpg,Two dogs face off of each other on the grass .
3534183988_3763593dfb.jpg,A man dressed as a pirate is smiling for the camera in between a male and a female .
3534183988_3763593dfb.jpg,"A man in white , a man in black with a red headscarf , and a blond woman smoking ."
3534183988_3763593dfb.jpg,A man wearing a pirate hat and eyepatch smiles at the camera .
3534183988_3763593dfb.jpg,A young man with a red skull cap is smiling and looking at us .
3534183988_3763593dfb.jpg,Two men holding cups and one lady holding a cigarette .
3535084928_858544f49a.jpg,A brown dogs licks its black nose .
3535084928_858544f49a.jpg,A closeup of a dog licking his nose .
3535084928_858544f49a.jpg,A closeup of a dog with a white chest licking its nose .
3535084928_858544f49a.jpg,A dog is licking its nose in the grass .
3535084928_858544f49a.jpg,There is a dog licking its chops .
3535664885_c848c0faee.jpg,A hockey player is laying on the ice in front of the goal .
3535664885_c848c0faee.jpg,Hockey goalie attempting to block a shot by Brian Nugent
3535664885_c848c0faee.jpg,Hockey goal-keeper laying on the ice in front of net .
3535664885_c848c0faee.jpg,Hockey goaltender diving
3535664885_c848c0faee.jpg,The goalie with the blue and white jersey is sliding near the goal posts .
3537400880_8f410d747d.jpg,A girl doing the splits in the air while jumping on a trampoline .
3537400880_8f410d747d.jpg,a young woman is jumping on a trampoline
3537400880_8f410d747d.jpg,Girl in black and white top and black leggings jumping on trampoline .
3537400880_8f410d747d.jpg,"The girl is jumping on a trampoline , outdoors in a backyard ."
3537400880_8f410d747d.jpg,Young woman jumping on trampoline .
3537806062_c50d814aba.jpg,The two dogs are running on the grass .
3537806062_c50d814aba.jpg,Two brown dogs are running on the grass .
3537806062_c50d814aba.jpg,Two dogs are running together through mowed grass .
3537806062_c50d814aba.jpg,"Two dogs , one brown and one brown and white , running in a yard ."
3537806062_c50d814aba.jpg,Two dogs play together in the yard .
3539767254_c598b8e6c7.jpg,A gondola is steered through the canals with other boats around .
3539767254_c598b8e6c7.jpg,A man is steering a gondola with people in it down a river with buildings all around .
3539767254_c598b8e6c7.jpg,a man rowing a ganilla down a watery path
3539767254_c598b8e6c7.jpg,Man in a gondola in a canal .
3539767254_c598b8e6c7.jpg,The gondola is poling his boat in the canal .
3544312930_3a0b8d70c1.jpg,A girl looking away while holding a jacket .
3544312930_3a0b8d70c1.jpg,A woman carrying a purse and a pink jacket is standing .
3544312930_3a0b8d70c1.jpg,A woman in a blue shirt looks unhappy .
3544312930_3a0b8d70c1.jpg,A young lady looking disgusted wearing a blue shirt .
3544312930_3a0b8d70c1.jpg,The woman in the blue top is holding a pink jacket in her arms
354642192_3b7666a2dd.jpg,A person floats in water near rocks and a waterfall .
354642192_3b7666a2dd.jpg,a person swimming in a pretty lake with a waterfall in the background
354642192_3b7666a2dd.jpg,A person swimming in water nearby rocks and a small waterfall .
354642192_3b7666a2dd.jpg,A person swims in a body of water with a waterfall .
354642192_3b7666a2dd.jpg,A person swims in a pool by a waterfall .
3547000169_40191e02ca.jpg,Three men are sitting inside of a store while the green neon lights flash on them from outside .
3547000169_40191e02ca.jpg,Three men seated looking through glass accented by green light
3547000169_40191e02ca.jpg,Three men sit at the counter in a restaurant .
3547000169_40191e02ca.jpg,Three men sit down in a building illuminated with green light .
3547000169_40191e02ca.jpg,Three men sitting behind a window ringed with green neon lights .
3547499166_67fb4af4ea.jpg,The three people are dancing on a wood floor in kitchen clothing .
3547499166_67fb4af4ea.jpg,Three dancers dancing in housekeeping clothes .
3547499166_67fb4af4ea.jpg,Three people dance together to prepare for a show
3547499166_67fb4af4ea.jpg,Two girls and a boy perform a dance .
3547499166_67fb4af4ea.jpg,Two girls dressed like waitresses dance along with a man dressed as a chef .
3547600292_6f8aac7f2e.jpg,A bird with a bug in its mouth .
3547600292_6f8aac7f2e.jpg,A black and yellow bird is eating a worm while resting on the grassy ground .
3547600292_6f8aac7f2e.jpg,A black and orange bird in the grass
3547600292_6f8aac7f2e.jpg,A black bird with a yellow beak standing in green grass .
3547600292_6f8aac7f2e.jpg,A brown bird is standing still in a grassy field .
3549277110_24d4064ccd.jpg,The two children are in the bed with comic books .
3549277110_24d4064ccd.jpg,two boys reading superhero books
3549277110_24d4064ccd.jpg,Two boys read spiderman and xmen comic books .
3549277110_24d4064ccd.jpg,Two children read in bed .
3549277110_24d4064ccd.jpg,Two young boys read comic books in bed .
35506150_cbdb630f4f.jpg,A man in a red jacket is sitting on a bench whilst cooking a meal .
35506150_cbdb630f4f.jpg,"A man is sitting on a bench , cooking some food ."
35506150_cbdb630f4f.jpg,A man sits on a bench .
35506150_cbdb630f4f.jpg,A man wearing a red jacket is sitting on a wooden bench and is cooking something in a small pot .
35506150_cbdb630f4f.jpg,a man wearing a red jacket sitting on a bench next to various camping items
3551447084_becc6a4666.jpg,A dirt bike racer takes offf as others watch .
3551447084_becc6a4666.jpg,A motocross rider is traveling along a dirt path with people watching .
3551447084_becc6a4666.jpg,A person on a dirt bike is riding up a hill while people watch on the side .
3551447084_becc6a4666.jpg,A person riding a dirt bike .
3551447084_becc6a4666.jpg,Person riding dirt bike on track while others stand by track
3556485995_9cd40269e9.jpg,Two cricket players holding their sticks in the air .
3556485995_9cd40269e9.jpg,Two field hockey players with their sticks in the air
3556485995_9cd40269e9.jpg,two men each carrying a stick playing a sport competition
3556485995_9cd40269e9.jpg,Two men playing hockey .
3556485995_9cd40269e9.jpg,Two men play lacrosse or field hockey .
3556571710_19cee6f5bd.jpg,Four people posing for a photo in front of a pond .
3556571710_19cee6f5bd.jpg,Four young people stand near a bike with two flags on it .
3556571710_19cee6f5bd.jpg,"This is a picture of three young men , dressed in suits with one on a bike , and of a young lady wearing a white dress ."
3556571710_19cee6f5bd.jpg,Three boys in suits and sashes and a girl in a dress in sash in a field .
3556571710_19cee6f5bd.jpg,Three smartly dressed man and woman are standing beside a bicycle on the grass .
3557148230_7fc843e5de.jpg,A boy standing on a tricycle .
3557148230_7fc843e5de.jpg,A little baby on a tricycle seems to not be wearing any clothes .
3557148230_7fc843e5de.jpg,A toddler looking behind him while standing on a red tricycle .
3557148230_7fc843e5de.jpg,The child stand on the seat of his trike in the park .
3557148230_7fc843e5de.jpg,The small child is standing on a tricycle .
3559374748_f18c7caa55.jpg,a blue and grey race car driving on a dirt track .
3559374748_f18c7caa55.jpg,A person driving a drag racer on dirt .
3559374748_f18c7caa55.jpg,A person is in a race car on a track with a lot debri .
3559374748_f18c7caa55.jpg,A race car driver is driving his car through the mud .
3559374748_f18c7caa55.jpg,The blue and gray vehicle is racing through the gravel .
3559781965_d4ec00e506.jpg,A big tan dog wearing a muzzle running in green grass .
3559781965_d4ec00e506.jpg,A brown dog wears a blue muzzle as it runs in the grass .
3559781965_d4ec00e506.jpg,A brown dog with a blue muzzle is running on green grass .
3559781965_d4ec00e506.jpg,A brown greyhound is wearing a blue muzzle and blue collar .
3559781965_d4ec00e506.jpg,The brown dog with the blue muzzle is in the field .
3560081723_62da0035bd.jpg,A man driving a four-wheeler off-road .
3560081723_62da0035bd.jpg,A man riding an ATV makes a jump over a dirt road .
3560081723_62da0035bd.jpg,A racer on an ATV leaves the ground in a jump .
3560081723_62da0035bd.jpg,person wearing a helmet on a four wheeled bike in air
3560081723_62da0035bd.jpg,The man does a trick on the fourwheeler .
356143774_ef3e93eede.jpg,A pair of long necked birds swimming .
356143774_ef3e93eede.jpg,Two swans glide on river .
356143774_ef3e93eede.jpg,Two swans swimming in the water .
356143774_ef3e93eede.jpg,Two swans swimming near the shore .
356143774_ef3e93eede.jpg,Two white swans in the lake .
3561734666_344f260cce.jpg,A ball player on the dirt mound pitching .
3561734666_344f260cce.jpg,a baseball player trows the ball .
3561734666_344f260cce.jpg,A pitcher throws the ball .
3561734666_344f260cce.jpg,Baseball player throwing the baseball .
3561734666_344f260cce.jpg,The man is pitching a baseball on a dirt mound .
3562169000_6aa7f1043d.jpg,a blue race car almost crashing into a wall of tires
3562169000_6aa7f1043d.jpg,A blue race car on the side of the track .
3562169000_6aa7f1043d.jpg,A blue race car slides off of the track with its back tires .
3562169000_6aa7f1043d.jpg,A blue race car slides off the racetrack and hits white median bumpers with its rear .
3562169000_6aa7f1043d.jpg,A nascar driver trying to keep his car on the course
3563668905_689ed479c5.jpg,A biker wearing a helmet .
3563668905_689ed479c5.jpg,A guy on a bike goes through dirt .
3563668905_689ed479c5.jpg,A guy riding a BMX bicycle along a trail .
3563668905_689ed479c5.jpg,A painting of a man riding a mountain bike on a mountain trail .
3563668905_689ed479c5.jpg,A person is riding a bike on a dirt road .
3563673070_71fa0903ed.jpg,A kayaker in a red kayak paddles as an orange kayak approaches from behind .
3563673070_71fa0903ed.jpg,A man in a red kayak in the water .
3563673070_71fa0903ed.jpg,A man in a red kayak paddles through blue water .
3563673070_71fa0903ed.jpg,a man paddling a red kayak
3563673070_71fa0903ed.jpg,"Man paddles red kayak , orange kayak in background ."
3565021218_d2bc1aa644.jpg,A little girl in a yellow dress lays on a wooden floor surrounded by flowers .
3565021218_d2bc1aa644.jpg,a young girl in a bright yellow dress surrounded by yellow flowers
3565021218_d2bc1aa644.jpg,a young girl wearing yellow lays on the ground .
3565021218_d2bc1aa644.jpg,The girl with a yellow dress and sandals on is surrounded by yellow flowers .
3565021218_d2bc1aa644.jpg,The small girl in the yellow dress laid on the bedspread surrounded by flowers .
3565749152_7924d15b04.jpg,A dog catches a Frisbee in the front yard .
3565749152_7924d15b04.jpg,"A dog playing Frisbee in the front yard , next to a car ."
3565749152_7924d15b04.jpg,A white dog catches a red Frisbee in the grass .
3565749152_7924d15b04.jpg,a white dog jumping in the air to catch a red Frisbee .
3565749152_7924d15b04.jpg,The dog leaps to catch the Frisbee in its mouth .
3568065409_1c381aa854.jpg,A boy holding a lightsaber jumps in the middle of the street .
3568065409_1c381aa854.jpg,A boy holding a stick jumping Ont he street .
3568065409_1c381aa854.jpg,a boy in shorts and white shirt is jumping whilst holding a pink stick in front of a large tree surrounded by sacks .
3568065409_1c381aa854.jpg,A small boy in a white shirt is jumping with a sword in his hand .
3568065409_1c381aa854.jpg,A young boy jumps in the street while holding a stick .
3572267708_9d8a81d4a4.jpg,Girls dance in colorful outfits .
3572267708_9d8a81d4a4.jpg,"The girls , standing in a spotlight , are dressed in multi-colored outfits ."
3572267708_9d8a81d4a4.jpg,Three girls in colorful outfits are dancing under a stage light .
3572267708_9d8a81d4a4.jpg,Three young girls in bright colored clothing are performing in a play .
3572267708_9d8a81d4a4.jpg,Women in multi-colored outfits are performing on a low light stage .
3572346664_e1e6c77f11.jpg,A girl in a sweater is blocking the suns rays .
3572346664_e1e6c77f11.jpg,A person outlined by the sun
3572346664_e1e6c77f11.jpg,The sun is under someone 's nose .
3572346664_e1e6c77f11.jpg,The woman 's face falls into silhouette as she stands in front of the sun .
3572346664_e1e6c77f11.jpg,The woman stands outdoors in front of the sun .
3574244361_715ac347cd.jpg,A child on a swing .
3574244361_715ac347cd.jpg,A girl swinging hard enough to get herself vertical .
3574244361_715ac347cd.jpg,A little girl with a white shirt and brown hair is swinging almost completely upside down in a park .
3574244361_715ac347cd.jpg,A young child swings in a park setting .
3574244361_715ac347cd.jpg,A young girl upside down on a swing set
3576259024_9c05b163aa.jpg,A man in blue jumping a dirt bike .
3576259024_9c05b163aa.jpg,"A man on a dirt bike , airborne ."
3576259024_9c05b163aa.jpg,A man on a motorcycle is jumping over a dirt hill in front of spectators .
3576259024_9c05b163aa.jpg,A motocross rider wearing a blue uniform flies through the air .
3576259024_9c05b163aa.jpg,A person in blue on a bike in midair .
357725852_6f55cb9abc.jpg,"The two people are on the end of the dock with a boat behind them , and they are surrounded by water ."
357725852_6f55cb9abc.jpg,Two people are looking out into the water at the end of a wooden jetty .
357725852_6f55cb9abc.jpg,Two people are standing at the end of a wooden dock .
357725852_6f55cb9abc.jpg,"Two people stand on a dock , looking out onto a lake ."
357725852_6f55cb9abc.jpg,Two people stand on a dock looking out to a great lake .
3578068665_87bdacef6a.jpg,A white car and a yellow car race down the track .
3578068665_87bdacef6a.jpg,a white race car racing a yellow car .
3578068665_87bdacef6a.jpg,A yellow and white car driving on a track next to each other while spectators and cars can be seen in the background .
3578068665_87bdacef6a.jpg,Two cars race down a track .
3578068665_87bdacef6a.jpg,Two race cars on a road in front of a grassy parking area .
3578372039_57473f473c.jpg,A person skateboarding down the sidewalk wearing mostly black .
3578372039_57473f473c.jpg,A young man riding a skateboard and carrying large bags .
3578372039_57473f473c.jpg,A young man with a large black portfolio is skateboarding on the sidewalk .
3578372039_57473f473c.jpg,The man is carrying several cases while riding a skateboard .
3578372039_57473f473c.jpg,The person on a skateboard is carrying several bags of different sizes and shapes .
3578477508_b7d839da16.jpg,A boy wearing skates sliding down concrete railing of steps near a pole .
3578477508_b7d839da16.jpg,A man is rollerblading down a wall beside some steps .
3578477508_b7d839da16.jpg,A man is roller-skating down the wall next to some white steps .
3578477508_b7d839da16.jpg,A man on Rollerblades grinding down a concrete handrail .
3578477508_b7d839da16.jpg,A young man navigates a sloped wall with inline skates .
3581538034_783b7d0d09.jpg,A dog being held by a harness on a waterboard over splashing water with a tube structure in the background .
3581538034_783b7d0d09.jpg,A man dropping from a rope into the ocean on a board .
3581538034_783b7d0d09.jpg,A man is suspended above water while holding a large ski that is shaped like a skateboard .
3581538034_783b7d0d09.jpg,A water boarder being towed during a jump .
3581538034_783b7d0d09.jpg,"Waterskier jumps off the water 's surface , unknown structure in background ."
3581818450_546c89ca38.jpg,A big light brown dog runs on the green grass .
3581818450_546c89ca38.jpg,A brown dog is running through green grass .
3581818450_546c89ca38.jpg,A yellow dog running across a lush green lawn .
3581818450_546c89ca38.jpg,A yellow dog runs through green grass .
3581818450_546c89ca38.jpg,Long haired dog running on a lawn
3582685410_05315a15b8.jpg,two woman climbing rocks around the ocean
3582685410_05315a15b8.jpg,Two women are climbing over rocks near to the ocean .
3582685410_05315a15b8.jpg,Two women climb on top of rocks in front of the ocean .
3582685410_05315a15b8.jpg,Two women in bathing suit on large rocks at the ocean .
3582685410_05315a15b8.jpg,Two women in bathing suits climb rock piles by the ocean .
3583065748_7d149a865c.jpg,A black and a black dog are running .
3583065748_7d149a865c.jpg,A black and white dog chases a bigger dog across the grass .
3583065748_7d149a865c.jpg,One dog chases another in the grass .
3583065748_7d149a865c.jpg,Two brindle dogs running in the grass .
3583065748_7d149a865c.jpg,Two dogs run through the grass .
3583293892_c96af8cd98.jpg,A baseball pitcher in a red and white uniform throws the ball while his teammate watches .
3583293892_c96af8cd98.jpg,A baseball pitcher on the mound leaning into his pitch .
3583293892_c96af8cd98.jpg,A pitcher throwing a ball at a baseball game
3583293892_c96af8cd98.jpg,A pitcher with a red shirt is throwing a ball and his teammate is waiting to catch near a base .
3583293892_c96af8cd98.jpg,"Baseball is being played by two men in red jerseys by a "" pepco "" sign ."
3583516290_1c87a13770.jpg,A crowd scene with people in yellow and white native clothing .
3583516290_1c87a13770.jpg,A group of people dressed in festive outfits is gathered outside building .
3583516290_1c87a13770.jpg,many woman wearing yellow stand in the street .
3583516290_1c87a13770.jpg,People dressed in bright costumes of white and yellow feathers
3583516290_1c87a13770.jpg,People wearing colorful costumes and headresses march through the streets .
3584406900_039f30b34c.jpg,A group of children are playing on swings .
3584406900_039f30b34c.jpg,A shirtless man is standing next to two children balancing on a swing .
3584406900_039f30b34c.jpg,A topless man passes four children who are playing on a swing .
3584406900_039f30b34c.jpg,Kids are playing on a swing set as a man with no shirt on walks by .
3584406900_039f30b34c.jpg,Two boys swing standing up on a yellow swing set
3585487286_ef9a8d4c56.jpg,Two collies are barking as they play on the edge of the ocean
3585487286_ef9a8d4c56.jpg,Two dogs are jumping on an empty beach with waves .
3585487286_ef9a8d4c56.jpg,Two dogs playing on the beach .
3585487286_ef9a8d4c56.jpg,Two white and brown dogs barking on the shoreline while waves roll in behind them .
3585487286_ef9a8d4c56.jpg,two white dogs are running and jumping along a beach with the ocean behind them .
3587596696_9c5964c94d.jpg,"A Frisbee team huddles around a Frisbee , each holding a part of it ."
3587596696_9c5964c94d.jpg,A group of people hold a Frisbee with their fingers .
3587596696_9c5964c94d.jpg,A group of people put two of their fingers on a Frisbee .
3587596696_9c5964c94d.jpg,people put their hands on a Frisbee .
3587596696_9c5964c94d.jpg,several young children with their fingertips on the egde of a white Frisbee
3587781729_bd21ce7b11.jpg,This picture shows a blond-haired boy and brown-haired boy smiling while swinging on a tire swing .
3587781729_bd21ce7b11.jpg,Two children are laughing and playing in a tire swing at a park .
3587781729_bd21ce7b11.jpg,Two child share a swing in a playground .
3587781729_bd21ce7b11.jpg,Two kids are swinging together on a tire swing .
3587781729_bd21ce7b11.jpg,Two kids enjoy a tire swing .
3590654365_fd4819f48b.jpg,A bull is tossing a rider off him while several other cowboys try to restrain it .
3590654365_fd4819f48b.jpg,A man is being thrown off a bull during a rodeo .
3590654365_fd4819f48b.jpg,Four men in a rodeo with a bull bucking
3590654365_fd4819f48b.jpg,Man in purple shirt falls off bulls head .
3590654365_fd4819f48b.jpg,Three people wrestle with a bull at a rodeo .
359082432_c1fd5aa2d6.jpg,A lab dog is standing on a fallen tree trunk with a guy in the background .
359082432_c1fd5aa2d6.jpg,A man and a dog are standing on a tree that has fallen over to the ground .
359082432_c1fd5aa2d6.jpg,A man watches his yellow dog hunt for something from on top of a fallen tree .
359082432_c1fd5aa2d6.jpg,A man watching his dog standing on a dead tree trunk .
359082432_c1fd5aa2d6.jpg,a tan dog climbing over a bare tree trunk with a man standing in the background
3591458156_f1a9a33918.jpg,A cowboy gets kicked off a horse that is bucking
3591458156_f1a9a33918.jpg,"A cowboy is thrown from the horse he was riding , while the judge stands by with his hand on a yellow flag ."
3591458156_f1a9a33918.jpg,A man at a rodeo is thrown off a horse .
3591458156_f1a9a33918.jpg,The horse is kicking up its hind legs at the cowboy whist another man stands ad watches .
3591458156_f1a9a33918.jpg,Two men in western attire with a brown horse kicking into the air .
3591462960_86045906bd.jpg,A man is roping a bull in a rodeo while others in cowboy hats watch .
3591462960_86045906bd.jpg,A man is up in the air with one hand on a bull .
3591462960_86045906bd.jpg,A rodeo rider gets tossed up into the air by a black bull as fellow cowboys look on .
3591462960_86045906bd.jpg,man getting thrown in the air while bull riding
3591462960_86045906bd.jpg,The man in black is flying off the full in front of a red fence .
3593392955_a4125087f6.jpg,A black and tan dog is running with a white and gray dog along dirt .
3593392955_a4125087f6.jpg,The two dogs are running into the woods .
3593392955_a4125087f6.jpg,Two dogs run down a dirt path in the forest .
3593392955_a4125087f6.jpg,Two dogs running away from the camera in the woods .
3593392955_a4125087f6.jpg,Two dogs run on a dirt area near a forest .
3594822096_e1144b85d6.jpg,A biker moving quickly past trees .
3594822096_e1144b85d6.jpg,A guy is on his bicycle .
3594822096_e1144b85d6.jpg,A man rides his bike through the woods .
3594822096_e1144b85d6.jpg,A man with a shaved head riding a mountain bike .
3594822096_e1144b85d6.jpg,The man has a goatee and wear black gloves while riding a bike .
3595412126_4020d4643b.jpg,two asian girl with pink jackets standing by a tree
3595412126_4020d4643b.jpg,Two girls in pink coats drink from soda bottles and lean on a tree .
3595412126_4020d4643b.jpg,Two girls in pink jackets stand by a tree with water bottles .
3595412126_4020d4643b.jpg,"Two girls stand by a tree , one holds a bottle cap ."
3595412126_4020d4643b.jpg,Two young girls in purple are leaning against a large tree .
3596428453_8cfdec4869.jpg,A jogger wears a robot hat .
3596428453_8cfdec4869.jpg,A man jogs in a long distant race in a robot costume .
3596428453_8cfdec4869.jpg,A man wearing no shirt and a backpack runs with a box on his head .
3596428453_8cfdec4869.jpg,A man with no shirt and a robot head runs in a race .
3596428453_8cfdec4869.jpg,The shirtless male marathon runner is wearing a backpack and a silver robot looking helmet on his head .
3597924257_d0da3c5fe6.jpg,A brown and white dog runs in a field of yellow flowers .
3597924257_d0da3c5fe6.jpg,A brown dog running at a lean across a lawn .
3597924257_d0da3c5fe6.jpg,A brown dog runs through a field of grass spotted with yellow flowers
3597924257_d0da3c5fe6.jpg,The brown dog runs through the field .
3597924257_d0da3c5fe6.jpg,The tan and white dog is running in the field .
3601533527_6c2439113c.jpg,A man is partially silhouetted and leaning against a dark object .
3601533527_6c2439113c.jpg,A man leaning on a pole .
3601533527_6c2439113c.jpg,A man wearing a baseball cap leaning against a post .
3601533527_6c2439113c.jpg,The man is leaning against a tree .
3601533527_6c2439113c.jpg,The man is standing outside next to a wooden phone pole .
3601569729_bf4bf82768.jpg,A group of race horses run down a track carrying jockeys .
3601569729_bf4bf82768.jpg,A horse race .
3601569729_bf4bf82768.jpg,Jockeys on horses during a race .
3601569729_bf4bf82768.jpg,The horses race on the dirt track while their riders urge them on .
3601569729_bf4bf82768.jpg,"There are riders and horses in a horse race , going around a track ."
3603064161_a8f3b6455d.jpg,A child uses a camera as another child looks on .
3603064161_a8f3b6455d.jpg,A little girl is standing next to another little girl who is taking a photograph .
3603064161_a8f3b6455d.jpg,A small boy and small girl setting up a camera
3603064161_a8f3b6455d.jpg,Child taking a picture while sister leans on the wall .
3603064161_a8f3b6455d.jpg,One child behind a camera on a tripod with one child in a beige shirt and black shorts standing against the wall .
3603116579_4a28a932e2.jpg,A baseball pitcher with Shelton on his shirt throws the ball .
3603116579_4a28a932e2.jpg,"A baseball player in a black and orange shirt , and with a glove on , pitches the ball ."
3603116579_4a28a932e2.jpg,A male dressed in a sports outfit tries to catch a baseball .
3603116579_4a28a932e2.jpg,A man playing baseball .
3603116579_4a28a932e2.jpg,The baseball player is running after the ball .
3604314527_5077cd9d43.jpg,A blue motorcycle and sidecar is being raced on a wet track .
3604314527_5077cd9d43.jpg,A man races in a small vehicle while another man hangs off the back .
3604314527_5077cd9d43.jpg,a racer in a blue car towing a man in a black suit on the street
3604314527_5077cd9d43.jpg,Racing on wet road while man hangs on back .
3604314527_5077cd9d43.jpg,Two people on a blue motorcycle .
3604384383_db6805d1b9.jpg,A man and a woman about to kiss each other .
3604384383_db6805d1b9.jpg,A woman in blue and a man in red are about to kiss with foliage nearby .
3604384383_db6805d1b9.jpg,A woman is leaning back into a man 's arms as they look each other in the face .
3604384383_db6805d1b9.jpg,Guy Kisses girl
3604384383_db6805d1b9.jpg,The blond man is dancing with a woman outside .
3604496023_c1f546423e.jpg,A man dressed in blue standing in front of a colorful fruit and vegetable stand
3604496023_c1f546423e.jpg,"People in a colorful , outdoor market with fruits , vegetables and flowers ."
3604496023_c1f546423e.jpg,Person in blue stand by flowers in open air market while another person with a cane walks the path
3604496023_c1f546423e.jpg,Several people shopping at an outdoors market .
3604496023_c1f546423e.jpg,Shoppers in a fruit and vegetables market looking around .
3604928725_58147c87cd.jpg,A child floating on a blue raft while a woman holds on to him while a black dog swims nearby .
3604928725_58147c87cd.jpg,Black dog swims behind two people on an inflatable blue raft .
3604928725_58147c87cd.jpg,Two people and a dog play in the water using a blue inflatable toy .
3604928725_58147c87cd.jpg,Two people swimming in water with a black dog trailing behind them .
3604928725_58147c87cd.jpg,Two people swimming on a floating while a black dog follows .
3606084228_6286a52875.jpg,A bicyclist jumps their bike while a crowd spread across a hillside watches .
3606084228_6286a52875.jpg,A dirt biker competes while onlookers watch .
3606084228_6286a52875.jpg,A man in a white jacket and helmet does tricks on his bike .
3606084228_6286a52875.jpg,A man is performing a midair stunt on a dirt bike while people in the background watch .
3606084228_6286a52875.jpg,A mountain bike racer jumps his bike as spectators watch .
360723732_23199af4bf.jpg,A black and white dog has a red toy in his mouth and is jumping .
360723732_23199af4bf.jpg,A dog is standing on its hind legs with its paws outstretched whilst carrying a red object in its mouth .
360723732_23199af4bf.jpg,A dog with a red object in its mouth is hurrying down a smooth path near grass and another dog .
360723732_23199af4bf.jpg,A dog with a red toy in its mouth .
360723732_23199af4bf.jpg,dog with something red in mouth
3607489370_92683861f7.jpg,A BMX racer comes down a hill ; everything around him is a blur
3607489370_92683861f7.jpg,A dirt biker rides down a trail .
3607489370_92683861f7.jpg,A man in blue is riding a bicycle on a track .
3607489370_92683861f7.jpg,A mountain biker is giong down a hill on his bike .
3607489370_92683861f7.jpg,A mountain biker on a blue mountain bike gets air time .
361092202_3d70144ebd.jpg,A hiker discovers a feature in an otherwise barren landscape .
361092202_3d70144ebd.jpg,A hiker passes a white rock formation in the middle of an empty desert .
361092202_3d70144ebd.jpg,A man hiking with a large backpack and two poles near a collection of pointy white rocks .
361092202_3d70144ebd.jpg,A man with a backpack looks upon white objects on the ground .
361092202_3d70144ebd.jpg,Person hiking up a rocky slope with white objects in front of them .
361183669_52be9662b9.jpg,people are getting ready to set sail on a boat
361183669_52be9662b9.jpg,People on a boat carrying equipment .
361183669_52be9662b9.jpg,Three men prepare to set sail on a sailboat .
361183669_52be9662b9.jpg,Three people are organizing diving equipment on the deck of a boat .
361183669_52be9662b9.jpg,Three people riding on a blue and white boat .
3612485097_b706d950ed.jpg,A black man leans over as a white man jumps on his back backwards .
3612485097_b706d950ed.jpg,A man holding up another with his back .
3612485097_b706d950ed.jpg,A man in midair with his back touching that of another man hunched over
3612485097_b706d950ed.jpg,one man in a hat flips over another mans back in the grass .
3612485097_b706d950ed.jpg,Two people play outdoors .
3613005134_bb7f304da1.jpg,An opposing wrestler is jumping off the top ropes onto another wrestler .
3613005134_bb7f304da1.jpg,A wrestler is jumping off of the ring to hit his competitor .
3613005134_bb7f304da1.jpg,A wrestler is ready to jump on another wrestler outside the ring .
3613005134_bb7f304da1.jpg,One professional wrestler leaps onto another outside the ring .
3613005134_bb7f304da1.jpg,Two men are wrestling .
3613705104_46d854134e.jpg,A boy skateboards off a ramp covered in graffiti .
3613705104_46d854134e.jpg,A male skateboarder is skating in a vandalized skate park .
3613705104_46d854134e.jpg,"A man does a jump on a skateboard , surrounded by graffiti ."
3613705104_46d854134e.jpg,A man does a skating trick off of graffiti-filled stairs .
3613705104_46d854134e.jpg,A skateboarder skates down stairs covered in graffiti .
3616808182_fb4eaec778.jpg,A biker in protective gear is riding through a countryside with cliffs .
3616808182_fb4eaec778.jpg,Cyclist biking down a steep path .
3616808182_fb4eaec778.jpg,Extreme downhill mountain biking .
3616808182_fb4eaec778.jpg,The biker is riding down a grassy mountainside .
3616808182_fb4eaec778.jpg,The man with the full face mask is riding down a grassy hill
3616846215_d61881b60f.jpg,A man and two women are inside a greenhouse holding gardening tools .
3616846215_d61881b60f.jpg,People tend a greenhouse with garden tools .
3616846215_d61881b60f.jpg,Three people in a green house .
3616846215_d61881b60f.jpg,Three young adults work in a greenhouse
3616846215_d61881b60f.jpg,Two women and a man smile at the camera with rakes in their hands standing in an unfinished greenhouse .
3618908551_7fd2de5710.jpg,a boy in a blue t-shirt is airborne on a skateboard in a skate park .
3618908551_7fd2de5710.jpg,A boy riding a skateboard on a skateboarding ramp
3618908551_7fd2de5710.jpg,A kid in a blue shirt and blue shoes attempts a trick on a skateboard above the lip of a bowl .
3618908551_7fd2de5710.jpg,A skateboarder riding inside a swimming pool .
3618908551_7fd2de5710.jpg,a young man wearing a blue shirt skateboarding on a graffitied wall
3618932839_acd7d2c2ea.jpg,A black and white dog jumping over a hurdle .
3618932839_acd7d2c2ea.jpg,A dog jumps over a hurdle while a person runs beside it .
3618932839_acd7d2c2ea.jpg,"A dog leaps over a hurdle , followed by its trainer ."
3618932839_acd7d2c2ea.jpg,A woman in blue running next to a black and white dog as it jumps over an obstacle .
3618932839_acd7d2c2ea.jpg,The dog attempts to leap over the post .
3619232550_0b1e1fd4e4.jpg,a band in the studio
3619232550_0b1e1fd4e4.jpg,A group of musicians are recording music .
3619232550_0b1e1fd4e4.jpg,Three men posing with instruments .
3619232550_0b1e1fd4e4.jpg,Three musicians are posing for a photograph in a soundproof studio booth .
3619232550_0b1e1fd4e4.jpg,Three musicians in a recording studio .
3619630328_2d0865b6f4.jpg,"a brown and white dog jumping over a red , yellow and white pole"
3619630328_2d0865b6f4.jpg,A dog is jumping over a gate .
3619630328_2d0865b6f4.jpg,A dog jumping over a hurdle .
3619630328_2d0865b6f4.jpg,A dog jumps over a hurdle .
3619630328_2d0865b6f4.jpg,Large brown dog jumps over red hurdle
3623302162_099f983d58.jpg,A dog is attempting a turn by a nearby picnic bench and metal object .
3623302162_099f983d58.jpg,A white dog running next to a bench .
3623302162_099f983d58.jpg,The big white dog is running in the grass .
3623302162_099f983d58.jpg,The white dog is running around in the grass .
3623302162_099f983d58.jpg,White dog with collar running in fenced in grassy area
3624327440_bef4f33f32.jpg,A man dressed in black is surfing on a large blue wave .
3624327440_bef4f33f32.jpg,A man rides a surfboard through rough white and blue water .
3624327440_bef4f33f32.jpg,A surfer catches a nice wave in the ocean and tries to pull himself up .
3624327440_bef4f33f32.jpg,A surfer is riding a wave .
3624327440_bef4f33f32.jpg,A surfer rides the waves .
3625049113_554d82c2a1.jpg,A man on inline-skates at a skate park
3625049113_554d82c2a1.jpg,A man rollerblading on a ramp
3625049113_554d82c2a1.jpg,A rollerblader is performing a trick on a ramp .
3625049113_554d82c2a1.jpg,A young man does tricks on a ramp .
3625049113_554d82c2a1.jpg,Fisheye view of a man in Rollerblades grinding at the top of a ramp .
3625957413_e475943aa3.jpg,A black and white dog is running along side a small brown or white dog in the grass .
3625957413_e475943aa3.jpg,A black dog chasing a brown one .
3625957413_e475943aa3.jpg,The dogs run in the green field .
3625957413_e475943aa3.jpg,Two dogs running through a field .
3625957413_e475943aa3.jpg,Two dogs run through a field .
3627679667_0e3de9fc90.jpg,A blond girl rides the waves .
3627679667_0e3de9fc90.jpg,A person in a black wetsuit is surfing a small wave on a beige surfboard .
3627679667_0e3de9fc90.jpg,A woman is attempting to ride a small wave .
3627679667_0e3de9fc90.jpg,Person surfboards on a wave .
3627679667_0e3de9fc90.jpg,The lady is surfing and riding a wave .
3628103548_2708abcda2.jpg,a band performs .
3628103548_2708abcda2.jpg,A blonde woman stands behind a microphone .
3628103548_2708abcda2.jpg,An old woman singing and playing music .
3628103548_2708abcda2.jpg,A woman playing guitar and singing in the foreground and three others performing behind her .
3628103548_2708abcda2.jpg,A woman singing and playing an acoustic guitar and three people accompanying her .
3628698119_5566769777.jpg,A black dog is in action on a grassy area .
3628698119_5566769777.jpg,A black dog is jumping up on its back legs while standing on the grass .
3628698119_5566769777.jpg,a black lab jumps into the air .
3628698119_5566769777.jpg,A dog rears up on its hind legs in a yard .
3628698119_5566769777.jpg,The black dog is pouncing on something in the yard .
3629664676_36bcefe6b7.jpg,A black dog pulling a green rope
3629664676_36bcefe6b7.jpg,a black dog pulling on a green rope in the grass
3629664676_36bcefe6b7.jpg,A black dog tugs on a rope .
3629664676_36bcefe6b7.jpg,A dog pulling a rope .
3629664676_36bcefe6b7.jpg,The black dog is tugging at a green rope .
3630102841_b4c3e00b2c.jpg,a group of people wear black tophats .
3630102841_b4c3e00b2c.jpg,"A group of people , most of them wearing hats , are standing around ."
3630102841_b4c3e00b2c.jpg,A man wearing a black hat is smiling on a street as other men and woman walk past .
3630102841_b4c3e00b2c.jpg,Men in black hats are standing in a crowd of people .
3630102841_b4c3e00b2c.jpg,Men wearing hats walk on the street .
3630641436_8f9ac5b9b2.jpg,Three dogs are running in the water on the beach .
3630641436_8f9ac5b9b2.jpg,Three dogs entering the ocean .
3630641436_8f9ac5b9b2.jpg,Three dogs rush to chase a ball thrown into the surf .
3630641436_8f9ac5b9b2.jpg,Three dogs walking away on the waters edge of the shore .
3630641436_8f9ac5b9b2.jpg,Three large dogs are playing in the water at the beach .
3631136463_53ff624b82.jpg,The brown and black dogs are carrying a big log in the meadow .
3631136463_53ff624b82.jpg,Two dark colored dogs are walking through the grass both holding a large stick .
3631136463_53ff624b82.jpg,Two dogs retreiving a large stick of wood
3631136463_53ff624b82.jpg,Two dogs share a toy in a field of vegetation .
3631136463_53ff624b82.jpg,Two dogs walking through tall grass carrying a tree branch in their mouths .
3631344685_ed0f3e091b.jpg,a baseball player just taking a swing at a stadium .
3631344685_ed0f3e091b.jpg,A baseball player swings the bat as a catcher and umpire watch .
3631344685_ed0f3e091b.jpg,A batsman is about to swing for a baseball whilst the catcher and referee wait behind him .
3631344685_ed0f3e091b.jpg,An ump in black watches a baseball game .
3631344685_ed0f3e091b.jpg,The baseball player takes a swing .
3631810528_7233c0f421.jpg,A man sits next to a woman on a bus .
3631810528_7233c0f421.jpg,The back of two people sitting on one seat in a bus .
3631810528_7233c0f421.jpg,Two people are sitting on a tram during the nighttime .
3631810528_7233c0f421.jpg,Two people are sitting on the bus at nighttime .
3631810528_7233c0f421.jpg,two people being photographed from behind sitting on a bus
3635177305_bfbe1fc348.jpg,children smiling with facepaintings
3635177305_bfbe1fc348.jpg,Three children are wearing face paint and smiling .
3635177305_bfbe1fc348.jpg,Three children wearing face paint pose together .
3635177305_bfbe1fc348.jpg,Three children with animal face pain at outdoor event .
3635177305_bfbe1fc348.jpg,Three kids that have their faces painted
3636247381_65ccf8f106.jpg,A baseball is being thrown at a volleyball net .
3636247381_65ccf8f106.jpg,A boy whose head has been replaced by a baseball .
3636247381_65ccf8f106.jpg,A Child hits a baseball into a net .
3636247381_65ccf8f106.jpg,A child is throwing a baseball into a net .
3636247381_65ccf8f106.jpg,A young boy with a baseball obscuring his face through a net .
3636418958_f038130bb2.jpg,A girl in hot pink leotard is leaping through the air .
3636418958_f038130bb2.jpg,A gymnast vaults through the air .
3636418958_f038130bb2.jpg,a young girl wearing a pink leotard jump in midair
3636418958_f038130bb2.jpg,Group of gymnast look on as a girl in a red bodysuit completes a stunt .
3636418958_f038130bb2.jpg,The gymnast is wearing a red outfit and jumping .
3637966641_1b108a35ba.jpg,A Little League team tries to catch a runner sliding into a base in an afternoon game .
3637966641_1b108a35ba.jpg,A young baseball player sliding into a base while a dust cloud rises and the other team moves around him .
3637966641_1b108a35ba.jpg,"Boys playing baseball , cars parked in the background ."
3637966641_1b108a35ba.jpg,Five little boys are playing baseball .
3637966641_1b108a35ba.jpg,Kids playing ball in the park .
3638178504_be1ff246bd.jpg,A little girl is looking at the two horses on the other side of the fence .
3638178504_be1ff246bd.jpg,A small child staring at a horse and a pony .
3638178504_be1ff246bd.jpg,Two horses are looking at a small child .
3638178504_be1ff246bd.jpg,Two horses look over a fence at a child wearing a red sweatshirt .
3638178504_be1ff246bd.jpg,Two horse stare at a young child with crumbling structures nearby .
3638631362_af29bbff01.jpg,"A man holding up a big , yellow tent ."
3638631362_af29bbff01.jpg,A man holding up a yellow tent .
3638631362_af29bbff01.jpg,A man holds a tent on a mountain campsite .
3638631362_af29bbff01.jpg,A person is picking up a yellow tent by his or herself in the great outdoors .
3638631362_af29bbff01.jpg,The man holds his tent up over his head .
3638783120_f600ceb19d.jpg,A man swings a golf club while the person to his left waves an arm .
3638783120_f600ceb19d.jpg,Man teeing off on a golf course with a large building in the background .
3638783120_f600ceb19d.jpg,"Two men are standing on a golf course with a large , ornate building in the background ."
3638783120_f600ceb19d.jpg,Two people are on a golf course playing golf .
3638783120_f600ceb19d.jpg,Two people are playing golf on a golf course .
3638783842_af08dbb518.jpg,Two bald drag queens in red dresses
3638783842_af08dbb518.jpg,Two bald ladies are wearing red dresses .
3638783842_af08dbb518.jpg,Two bald ladies in red dresses and matching jewelry laugh .
3638783842_af08dbb518.jpg,Two bald people in red clothes
3638783842_af08dbb518.jpg,"Two formally dressed , bald older women"
3639684919_cb6fbf5638.jpg,A bride in a white dress is holding a purple bouquet whilst standing next to her groom .
3639684919_cb6fbf5638.jpg,A couple pose on their wedding day .
3639684919_cb6fbf5638.jpg,A man and woman in a dark suit and formal white dress smile for a picture .
3639684919_cb6fbf5638.jpg,A wedding photo of a bride with purple flowers and her groom .
3639684919_cb6fbf5638.jpg,A young couple in wedding outfits poses for a picture .
3640407952_bb38fb9d55.jpg,A man doing a skateboard trick on a skateboard ramp
3640407952_bb38fb9d55.jpg,A man in a red shirt make a skateboard jump on a ramp with graffiti .
3640407952_bb38fb9d55.jpg,a skateboarder is performing stunt on a graffiti covered skateboard ramp .
3640407952_bb38fb9d55.jpg,A skateboarder on a ramp .
3640407952_bb38fb9d55.jpg,Man skateboarding off of a ramp .
3640417354_b0b3e4aec9.jpg,"A girl crouched up over a swing at the park , spinning around ."
3640417354_b0b3e4aec9.jpg,A girl is kneeling on a swing at the park .
3640417354_b0b3e4aec9.jpg,A girl with a red shirt and long brown hair is laying across a twisted swing with sand underneath .
3640417354_b0b3e4aec9.jpg,A young girl in a red shirt swings face down on the swings .
3640417354_b0b3e4aec9.jpg,Girl is playing at park on a swing .
3642220260_3aa8a52670.jpg,A black dog on a rocky beach .
3642220260_3aa8a52670.jpg,A black dog walks along an ocean front .
3642220260_3aa8a52670.jpg,A black dog walks on the beach near the rocks .
3642220260_3aa8a52670.jpg,a black dog walks on the sand .
3642220260_3aa8a52670.jpg,Black dog walking on the beach after swimming in the ocean .
3643074723_94d42b7a0c.jpg,"A boy laying on a sitting swing , face down , wearing a hat backwards ."
3643074723_94d42b7a0c.jpg,"a boy laying on his stomach , on a swing"
3643074723_94d42b7a0c.jpg,a boy plays on the swing .
3643074723_94d42b7a0c.jpg,A child in sunglasses lays on his belly on a red swing set .
3643074723_94d42b7a0c.jpg,A young boy plays on a swing .
3647446816_bd4383c828.jpg,A girl playing softball slides into home plate
3647446816_bd4383c828.jpg,A girl slides in for a homerun .
3647446816_bd4383c828.jpg,A runner is safe at home plate at a youth softball game .
3647446816_bd4383c828.jpg,Two girls are playing softball and one is sliding to the home plate .
3647446816_bd4383c828.jpg,"Two girls play softball , one slides into plate as other fails to catch ball ."
3647750811_395fbd397e.jpg,a black and white dog is wearing a red collar whilst walking on the grass .
3647750811_395fbd397e.jpg,A dog is running awkwardly .
3647750811_395fbd397e.jpg,A multicolor dog in a red collar crouching on the grass .
3647750811_395fbd397e.jpg,"Black , brown and white dog crouches on three legs in the grass ."
3647750811_395fbd397e.jpg,"The dog with the red collar is white , black , and brown ."
3648988742_888a16f600.jpg,A girl holding a camera .
3648988742_888a16f600.jpg,"A little girl in a pink , floppy hat takes a photograph with a big camera ."
3648988742_888a16f600.jpg,A little girl in a pink hat holds a camera to her face .
3648988742_888a16f600.jpg,a young girl wearing a pink hat holding a camera up to her face .
3648988742_888a16f600.jpg,Young girl in pink hat taking pictures .
3650111717_346804ec2f.jpg,A dog is jumping in the air with flowers in his mouth on a very windy day .
3650111717_346804ec2f.jpg,"A small , wet dog leaps to catch a stick ."
3650111717_346804ec2f.jpg,A wet dog catches seaweed in his mouth .
3650111717_346804ec2f.jpg,A white and brown dog is playing in the dirt with a toy .
3650111717_346804ec2f.jpg,The dog takes a leap on the beach to retrieve an unknown item .
3652150541_8fb5a3a5d1.jpg,A woman applies face paint while a boy with a Mohawk holds a mirror .
3652150541_8fb5a3a5d1.jpg,A woman painting her face while a child with a Mohawk holds a mirror .
3652150541_8fb5a3a5d1.jpg,A woman painting on makeup .
3652150541_8fb5a3a5d1.jpg,A woman paints her face while a boy with a Mohawk holds her mirror .
3652150541_8fb5a3a5d1.jpg,Child with Mohawk haircut holding mirror for woman putting on face paint .
3652764505_87139e71f8.jpg,A blue building has smoke pouring out while a firetruck sits in front of it .
3652764505_87139e71f8.jpg,A blue building on fire with black smoke pouring out with a firetruck on the scene .
3652764505_87139e71f8.jpg,A large blue building has black smoke billowing out and a fire engine sits in front .
3652764505_87139e71f8.jpg,A man runs as a firetruck arrives to a fire .
3652764505_87139e71f8.jpg,A red truck is parked next to a burning blue building while a man in a green vest runs toward it .
3653764864_225958c9c1.jpg,A number of people ascending a zig-zag ramp with bright blue railings .
3653764864_225958c9c1.jpg,People are walking up a zigzag patterned ramp in front of a building .
3653764864_225958c9c1.jpg,People are walking up a blue railed walk-way .
3653764864_225958c9c1.jpg,Several people walking up a ramp with a blue handrail .
3653764864_225958c9c1.jpg,Six people are walking up a blue ramp
3654103642_075f8af4f4.jpg,A brown dog and a white dog run along an ocean shoreline
3654103642_075f8af4f4.jpg,A white dog and a brown dog run alongside each other at the beach .
3654103642_075f8af4f4.jpg,Two dogs are running on a beach .
3654103642_075f8af4f4.jpg,Two dogs chase along the beach .
3654103642_075f8af4f4.jpg,Two dogs one white and one brown are running together on a beach .
3654338683_13b2f95a9a.jpg,A dog runs through a grassy field of yellow flowers .
3654338683_13b2f95a9a.jpg,a dog runs through the long grass .
3654338683_13b2f95a9a.jpg,A golden retriever runs through a field of yellow flowers .
3654338683_13b2f95a9a.jpg,A white dog runs through a field of yellow flowers .
3654338683_13b2f95a9a.jpg,White dog running through a field of yellow flowers .
3656225270_cdf89e3240.jpg,A girl hangs over the seat of a swing in a playground .
3656225270_cdf89e3240.jpg,A girl in a red shirt is swinging on her stomach .
3656225270_cdf89e3240.jpg,A girl in red rides on her stomach in a playground swing above a sandy surface .
3656225270_cdf89e3240.jpg,A girl is playing on a swing .
3656225270_cdf89e3240.jpg,A little girl in red is swinging on her stomach on a playground swing .
365759754_6cf7068c9a.jpg,A black dog carries a white toy in his mouth and walks on the snowy field .
365759754_6cf7068c9a.jpg,A black dog is running through the snow with something in its mouth .
365759754_6cf7068c9a.jpg,A black dog retrieves in the snow .
365759754_6cf7068c9a.jpg,A black lab in the snow is holding something in its mouth .
365759754_6cf7068c9a.jpg,the black dog carries an object in the snow .
3658016590_f761e72dc3.jpg,A brown horse is in a wierd pose while galloping outside .
3658016590_f761e72dc3.jpg,A brown horse jumps through its paddock .
3658016590_f761e72dc3.jpg,A horse bucking wildly
3658016590_f761e72dc3.jpg,A large brown horse is running in a grassy area .
3658016590_f761e72dc3.jpg,Rear end view of a galloping horse out in the field .
3660361818_e05367693f.jpg,A skateboarder flies through the air over the staircase of a sleek contemporary building .
3660361818_e05367693f.jpg,A skateboarder leaps of steps outside a corporate building .
3660361818_e05367693f.jpg,People sitting on steps with large buildings in the background
3660361818_e05367693f.jpg,Skateboarders are doing tricks on a staircase next to mirror buildings .
3660361818_e05367693f.jpg,Someone skateboarding over steps surrounded by buildings .
3661659196_6ed90f96c0.jpg,A girl in a green sweatshirt sitting down and a girl in a dress leaning on blue lockers .
3661659196_6ed90f96c0.jpg,A girl is on a stool while another girl is reading and leaning on some lockers
3661659196_6ed90f96c0.jpg,Two girls are in a school hallway .
3661659196_6ed90f96c0.jpg,Two teenage girls conversing next to lockers .
3661659196_6ed90f96c0.jpg,Two teenage girls hang out in a school hallway by blue lockers .
3665169936_01ae94c9fd.jpg,A man in beige pants does a trick on a bicycle .
3665169936_01ae94c9fd.jpg,A person is doing a trick on a bicycle with grass and sky as the background .
3665169936_01ae94c9fd.jpg,A person on a bmx bike .
3665169936_01ae94c9fd.jpg,A person stunt riding on a BMX type of bicycle .
3665169936_01ae94c9fd.jpg,This person is doing a trick on his bicycle .
3665987581_5e6b0a65f2.jpg,A brown and white corgi trailing a leash chasing sheep .
3665987581_5e6b0a65f2.jpg,A dog chasing livestock on sand .
3665987581_5e6b0a65f2.jpg,A short brown and white dog chasing sheep .
3665987581_5e6b0a65f2.jpg,a small tan dog herding some sheep
3665987581_5e6b0a65f2.jpg,"Brown and white dog , running on sand with livestock animals partially out of frame ."
3666188047_e81e1d97a7.jpg,A boy rides a game machine .
3666188047_e81e1d97a7.jpg,A child in a yellow shirt is playing a red arcade ride .
3666188047_e81e1d97a7.jpg,A child rides a mechanical ride .
3666188047_e81e1d97a7.jpg,A small boy is playing a racing arcade game .
3666188047_e81e1d97a7.jpg,a young man playing a motorcycle video game .
3667404919_b273df57e4.jpg,A dirt biker rounding a bend on a downhill course .
3667404919_b273df57e4.jpg,A man in a white uniform rides a motocross bike down a forest trail .
3667404919_b273df57e4.jpg,A person on a bike and wearing a helmet rides through a wooded area .
3667404919_b273df57e4.jpg,"BMX rider , riding downhill on forest path ."
3667404919_b273df57e4.jpg,The motorbiker is biking on an off road trail
3667908724_65c7d112f2.jpg,A girl dances on a stage .
3667908724_65c7d112f2.jpg,A girl dancing onstage .
3667908724_65c7d112f2.jpg,A girl in white dances .
3667908724_65c7d112f2.jpg,A young girl in a white dance outfit and black shoes is dancing in front of music equipment
3667908724_65c7d112f2.jpg,The blonde girl is dancing onstage in front of the sound equipment .
3668259129_e073af1533.jpg,A boy skateboarding .
3668259129_e073af1533.jpg,A person does a trick with a skateboard .
3668259129_e073af1533.jpg,A skateboarder doing a jump .
3668259129_e073af1533.jpg,A skateboarder performs a trick .
3668259129_e073af1533.jpg,The guy is wearing a blue shirt and doing an ollie .
3669564923_8fcb1a6eff.jpg,The girls are both eating and the girl wearing the color red has cake icing on her upper lip .
3669564923_8fcb1a6eff.jpg,Two girls are eating cake and one has blue icing on her face .
3669564923_8fcb1a6eff.jpg,Two girls play with their food for the camera .
3669564923_8fcb1a6eff.jpg,Two little girls are eating and making a mess .
3669564923_8fcb1a6eff.jpg,Two young girls having fun while eating .
3670075789_92ea9a183a.jpg,A child is sliding into a small pool .
3670075789_92ea9a183a.jpg,A girl in a child 's swimming pool .
3670075789_92ea9a183a.jpg,a little girl is sliding down a short slide into an inflatable paddling pool .
3670075789_92ea9a183a.jpg,Girl splashing in kiddie pool
3670075789_92ea9a183a.jpg,The dark-haired girl is sliding into a white kiddie pool .
3670907052_c827593564.jpg,A BMX rider in a red and black outfit is jumping on his motorcycle .
3670907052_c827593564.jpg,A dirt biker flies through the air .
3670907052_c827593564.jpg,A guy in red on a bike in midair .
3670907052_c827593564.jpg,A man in a red outfit jumps his motocross bike down the hill .
3670907052_c827593564.jpg,Someone in red on a bike is moving in midair .
3673970325_4e025069e9.jpg,A girl in a white shirt kneeling down lighting a candle .
3673970325_4e025069e9.jpg,A girl is amid many candle lanterns .
3673970325_4e025069e9.jpg,A girl kneels down by a rows of candles .
3673970325_4e025069e9.jpg,A young girl kneels beside rows of candles while others walk by .
3673970325_4e025069e9.jpg,young girl kneels on a grassy field filled with candles
3676561090_9828a9f6d0.jpg,A dog rolls in the grass .
3676561090_9828a9f6d0.jpg,A small white dog rolls over on the grass .
3676561090_9828a9f6d0.jpg,A tan dog rolls in the grass .
3676561090_9828a9f6d0.jpg,The grey dog is rolling on its back on the grass .
3676561090_9828a9f6d0.jpg,The yellow dog wears a blue dog tag and rolls on a green field .
3677329561_fa3e1fdcf9.jpg,A dog is being washed by two little girls .
3677329561_fa3e1fdcf9.jpg,two girls giving a large dog a bath
3677329561_fa3e1fdcf9.jpg,Two little girls in summer clothes are washing a brown dog .
3677329561_fa3e1fdcf9.jpg,Two young blonde girls are washing a golden retriever .
3677329561_fa3e1fdcf9.jpg,Two young girls bathing a golden retriever outside .
3678100844_e3a9802471.jpg,A lady with sunglasses on her head and a green sweatshirt is looking off camera .
3678100844_e3a9802471.jpg,A smiling lady in a green jacket at a public gathering .
3678100844_e3a9802471.jpg,A woman in a green jacket and black sunglasses outside in a crowd .
3678100844_e3a9802471.jpg,A woman with dark hair is wearing a green sweater .
3678100844_e3a9802471.jpg,Woman with green sweater and sunglasses smiling
3682277595_55f8b16975.jpg,A brown and white dog trots across shallow water with his mouth open .
3682277595_55f8b16975.jpg,A brown spotted dog walks in shallow water .
3682277595_55f8b16975.jpg,A greyhound walks in the rain through a large puddle .
3682277595_55f8b16975.jpg,A white and brown dog is walking through the water .
3682277595_55f8b16975.jpg,The dog walks through the water .
3683185795_704f445bf4.jpg,A girl and a boy watch a dog try to climb a tree .
3683185795_704f445bf4.jpg,Boy and girl look on a puppy climbs tree
3683185795_704f445bf4.jpg,The dog that the two children are walking is looking up at a tree .
3683185795_704f445bf4.jpg,The two children watch the small yellow dog on the tree .
3683185795_704f445bf4.jpg,Two children are with a dog on leash who is standing against a tree .
3684562647_28dc325522.jpg,A bus is carrying people while decorated with banners in the colors of the rainbow .
3684562647_28dc325522.jpg,A group of people on a bus with colorful flags wave at the people below .
3684562647_28dc325522.jpg,People are waving from a bus covered in rainbow flags .
3684562647_28dc325522.jpg,People in a tall bus wave while holding colorful flags .
3684562647_28dc325522.jpg,People riding on a tour bus in a parade wave to the bystanders .
3685328542_ab999b83bb.jpg,A dark man in a white and green feathered mask with green jewelry and pants .
3685328542_ab999b83bb.jpg,A man in a costume participates in a parade .
3685328542_ab999b83bb.jpg,A man in a green and silver Mardi Gras costume in a parade .
3685328542_ab999b83bb.jpg,"A man is wearing a mask , green beads and green pants ."
3685328542_ab999b83bb.jpg,Man dresses up in Hawaiian garb at a local parade .
3686924335_3c51e8834a.jpg,a dog gets sprayed by a hose .
3686924335_3c51e8834a.jpg,A dog is being sprayed with water .
3686924335_3c51e8834a.jpg,A dog jumping through the air getting hit by water .
3686924335_3c51e8834a.jpg,An animal is hosed down by a brick wall .
3686924335_3c51e8834a.jpg,Leaping dog sprayed by off screen person with hose .
3687062281_e62f70baf3.jpg,A man and a woman are sitting at a small metal table .
3687062281_e62f70baf3.jpg,A man and a woman sitting on each side of a small metal table .
3687062281_e62f70baf3.jpg,Two older people drinking coffee outside .
3687062281_e62f70baf3.jpg,Two older people sit at an outdoor cafe table .
3687062281_e62f70baf3.jpg,Two people sit at a table outside against a wall and make faces .
3687996279_05b5a2a706.jpg,A man in a uniform smiling and waving at the camera .
3687996279_05b5a2a706.jpg,A man in a uniform waves while holding a banner during an event .
3687996279_05b5a2a706.jpg,A man in uniform waves and smiles at camera
3687996279_05b5a2a706.jpg,A police officer waves at a street fair .
3687996279_05b5a2a706.jpg,"The man in a black uniform and hat , holding part of a banner , is waving ."
3688839836_ba5e4c24fc.jpg,A woman is holding out a peace sign during a parade .
3688839836_ba5e4c24fc.jpg,A woman wearing a red scarf raises her hand as she walks in a parade .
3688839836_ba5e4c24fc.jpg,People in orange shirts marching down street with Unified In Pride sign
3688839836_ba5e4c24fc.jpg,The woman in the red shirt is holding up a peace sign with her fingers with a red banner behind her .
3688839836_ba5e4c24fc.jpg,The woman is flashing a peace sign .
3690189273_927d42ff43.jpg,A female runner in a race
3690189273_927d42ff43.jpg,A woman athlete wearing orange and black is running whilst carrying an orange beverage bottle .
3690189273_927d42ff43.jpg,A woman in an orange top and black shorts is running .
3690189273_927d42ff43.jpg,A woman is running a race carrying a plastic bottle .
3690189273_927d42ff43.jpg,A woman jogger .
3690348036_a01f243fb0.jpg,A bmx biker is in midair attempting a trick .
3690348036_a01f243fb0.jpg,A boy does a trick on a bike in the woods .
3690348036_a01f243fb0.jpg,A person is in the air with a trick bike .
3690348036_a01f243fb0.jpg,"A person riding a bike , doing a very high jump ."
3690348036_a01f243fb0.jpg,The young man is performing a bicycle trick high in the air .
3690431163_1d81e19549.jpg,A cop is standing next to a person dressed like a clown .
3690431163_1d81e19549.jpg,A female police officer stands next to a woman dressed as the Joker in Batman .
3690431163_1d81e19549.jpg,A man with face makeup and a red piece of fabric hanging from her mouth is being escorted by a police officer .
3690431163_1d81e19549.jpg,A policewoman standing next to a person wearing bright red glasses .
3690431163_1d81e19549.jpg,"Policewoman , with person streaked with colors and with red cloth in mouth ."
369047365_35476becc9.jpg,A couple enjoying the high plains with their dogs .
369047365_35476becc9.jpg,A man is taking a photo of another man and his two dogs on some grassy hills
369047365_35476becc9.jpg,Dog training on the mountain
369047365_35476becc9.jpg,The man wearing the white shirt takes a picture of the man in the blue shirt with the two dogs .
369047365_35476becc9.jpg,two men take a hike with two dogs .
3692746368_ab7d97ab31.jpg,two people are dragging a yellow raft into a river .
3692746368_ab7d97ab31.jpg,Two people are in a pond pulling a life raft .
3692746368_ab7d97ab31.jpg,Two people are pushing a yellow dinghy through a stream as a man is running towards them .
3692746368_ab7d97ab31.jpg,Two people in brown hats pull a yellow tube in a small pond surrounded by greenery .
3692746368_ab7d97ab31.jpg,Two people trudge through the water with their raft .
3692836015_d11180727b.jpg,A group of people in green shirts push a cannon in a parade .
3692836015_d11180727b.jpg,People in matching outfits next to a canon .
3692836015_d11180727b.jpg,Several people dressed in like jerseys roll an old cannon during a competition .
3692836015_d11180727b.jpg,Six men are pushing a large wooden wheel along the ground in front of an audience .
3692836015_d11180727b.jpg,Young adults wearing uniforms wheel a contraption .
3692892751_f6574e2700.jpg,A man does a trick on his skateboard in front of a crowd .
3692892751_f6574e2700.jpg,A skateboarder without a shirt grabs his board in the air .
3692892751_f6574e2700.jpg,A young man shocks the audience with his skateboard tricks .
3692892751_f6574e2700.jpg,Man with no shirt and tatoos on back airborne with skateboard in hand .
3692892751_f6574e2700.jpg,The skateboarder performs a jump in front of a crowd of spectators .
3695949492_27ca3892fd.jpg,Two dogs holding opposite ends of a toy with their mouths swimming .
3695949492_27ca3892fd.jpg,Two grey dogs are carrying a stick in the water .
3695949492_27ca3892fd.jpg,Two grey dogs swimming in a lake to retrieve a white toy .
3695949492_27ca3892fd.jpg,Two identical brown dogs side by side holding something white in both their mouths .
3695949492_27ca3892fd.jpg,Two similar brown dogs share holding a white toy while swimming .
3697359692_8a5cdbe4fe.jpg,A boy is sitting in a car seat in the backseat of a car .
3697359692_8a5cdbe4fe.jpg,A boy making a face while sitting in his car seat
3697359692_8a5cdbe4fe.jpg,A boy sitting in a car making a surprised face
3697359692_8a5cdbe4fe.jpg,A young boy is buckled into a car seat making a silly face .
3697359692_8a5cdbe4fe.jpg,The young boy with a silly face is buckled in a car seat .
3698607223_22fe09763a.jpg,A man in shorts skis down a hill .
3698607223_22fe09763a.jpg,A man in summer clothing skiing on thin snow .
3698607223_22fe09763a.jpg,A skier is skiing down the snow wearing a white shirt and black shorts .
3698607223_22fe09763a.jpg,People in summer clothing racing down a snowy hill .
3698607223_22fe09763a.jpg,Skiers are competing .
3699522388_2333f01f40.jpg,"A bald man in a black wetsuit flips leaps in the air on a surfboard , holds on to a waterskiing handle"
3699522388_2333f01f40.jpg,A man doing a trick on a wakeboard
3699522388_2333f01f40.jpg,A person waterskiing in a river with a large wall in the background .
3699522388_2333f01f40.jpg,A wakeboarder soars through the air .
3699522388_2333f01f40.jpg,Male performing water sports acrobatics while being pulled by a boat .
3700004668_99c3e3f55b.jpg,A boy with his mouth wide open dressed in a yellow life jacket and goggles in water with a man next to him .
3700004668_99c3e3f55b.jpg,A father and child enjoy the water .
3700004668_99c3e3f55b.jpg,A man and child wearing a yellow life vest look up from the water .
3700004668_99c3e3f55b.jpg,An open mouthed child in goggles and a yellow life vest poses with a smiling man .
3700004668_99c3e3f55b.jpg,Man and boy wearing life jacket in water posing for a picture
3701226275_952547ba0f.jpg,A boy is posing with a metal ladle in each hand .
3701226275_952547ba0f.jpg,A boy with a yellow shirt and light brown shorts is posing with a long dipping spoon in each hand .
3701226275_952547ba0f.jpg,A man in orange holds soup ladles and makes a funny face .
3701226275_952547ba0f.jpg,A young man holds a hammer shaped object in the air with one hand and a similar shaped object in the other while making a funny expression .
3701226275_952547ba0f.jpg,A young man in an orange shirt brandishes two ladles .
3703413486_3c682732a0.jpg,A boy sticks an aligator puppet out of a camper van window .
3703413486_3c682732a0.jpg,Two boys looking out the window of an RV .
3703413486_3c682732a0.jpg,Two boys peer out the window of a RV while one holds a stuffed toy .
3703413486_3c682732a0.jpg,Two children peek out the window of an RV with a pet snake .
3703413486_3c682732a0.jpg,Two young boys lean out the window of a white RV with their stuffed toy snake .
3705976184_53ae07e898.jpg,A lady and her large brown and black dog out for a run in a grassy place
3705976184_53ae07e898.jpg,a woman and her black and brown dog running through a field in the woods
3705976184_53ae07e898.jpg,A woman in a white shirt is running with a dog in the grass .
3705976184_53ae07e898.jpg,A woman is running with a dog in a grassy field with trees in the background .
3705976184_53ae07e898.jpg,A woman running through a grassy area with a brown and black dog .
370614351_98b8a166b9.jpg,A man with a Mohawk with his arms in the air .
370614351_98b8a166b9.jpg,A man with multicolored hair wearing a weird outfit
370614351_98b8a166b9.jpg,A person in a kilt and a sports jersey and a Mohawk is in a store .
370614351_98b8a166b9.jpg,Punk rocker buys computer ink in the big-box store .
370614351_98b8a166b9.jpg,The man with the eccentric clothing and hair poses in a store .
3706653103_e777a825e4.jpg,a bicyclist wearing a helmet jumping a trick on his back tire
3706653103_e777a825e4.jpg,A guy on his bike doing a truck on a rocky beach .
3706653103_e777a825e4.jpg,A man is performing a trick on a bicycle at a rocky beach .
3706653103_e777a825e4.jpg,A man on a white bike doing tricks on rocky ground .
3706653103_e777a825e4.jpg,A man pops a wheelie on a bike on a rocky beach .
370713359_7560808550.jpg,An empty seat at a Mexican themed restaurant .
370713359_7560808550.jpg,A red colored diner features dark red chairs .
370713359_7560808550.jpg,"Crowded Mexican restaurant , empty chair in foreground ."
370713359_7560808550.jpg,Many people sit in a Mexican restaurant .
370713359_7560808550.jpg,People are sitting in a cheery Mexican restaurant .
3707738261_777075e885.jpg,A girl in a pink coat plays in the leaves .
3707738261_777075e885.jpg,A girl in a pink coat throws leaves in the air .
3707738261_777075e885.jpg,A little girl in a pink jacket throwing some leafs up in the air .
3707738261_777075e885.jpg,A little girl in a pink jacket throws leaves over her head in front of a fence .
3707738261_777075e885.jpg,A young girl in a pink coat throwing leaves into the air .
3708172446_4034ddc5f6.jpg,Couple sitting on bench in front of a water fountain .
3708172446_4034ddc5f6.jpg,The old men are sitting on a bench .
3708172446_4034ddc5f6.jpg,Two men are sitting on a bench looking at a water fountain
3708172446_4034ddc5f6.jpg,Two men sit on a bench in front of a three tier fountain .
3708172446_4034ddc5f6.jpg,Two people sit on a park bench looking at a fountain .
3708244207_0d3a2b2f92.jpg,"A dock over water with a palm tree at the end and five boats , during twilight ."
3708244207_0d3a2b2f92.jpg,"A man stands on a dock near several boats , while 2 other men are on one of the boats ."
3708244207_0d3a2b2f92.jpg,Boats docked at a pier which has three men and a lone palm tree .
3708244207_0d3a2b2f92.jpg,Boats parked at a marina at sunset .
3708244207_0d3a2b2f92.jpg,There are three people on the dock by the boats .
3710050559_f6f12760fe.jpg,A baby boy cries while sitting in the grass at the park .
3710050559_f6f12760fe.jpg,a boy cries in the grass .
3710050559_f6f12760fe.jpg,a little boy crying on the grass
3710050559_f6f12760fe.jpg,A little boy in shorts and sandals is sitting in the grass .
3710050559_f6f12760fe.jpg,A little boy wearing a hat and sandals sits on the grass .
3710468717_c051d96a5f.jpg,Two children and a black dog are playing out in the snow .
3710468717_c051d96a5f.jpg,Two children and a dog play in the snow with a woods behind them .
3710468717_c051d96a5f.jpg,Two children and a dog running around in snow .
3710468717_c051d96a5f.jpg,two children and their dog play in the snow .
3710468717_c051d96a5f.jpg,Two kids and a dog play in the snow .
3710674892_857b8056f7.jpg,A boy holds a green apple in his mouth .
3710674892_857b8056f7.jpg,A boy wearing a life jacket has an apple in his mouth .
3710674892_857b8056f7.jpg,A child is holding an apple in his mouth
3710674892_857b8056f7.jpg,A young child in a life jacket eats a green apple .
3710674892_857b8056f7.jpg,child with a green apple in his mouth is wearing a red life jacket
3712742641_641282803e.jpg,A black and white dog is swimming in a lake .
3712742641_641282803e.jpg,A black and white dog is swimming in a large green lake .
3712742641_641282803e.jpg,A dog swimming in a pond .
3712742641_641282803e.jpg,A dog treads through dark green water .
3712742641_641282803e.jpg,The black and white dog is swimming in the river .
3712923460_1b20ebb131.jpg,a bunch of people in camo pants run .
3712923460_1b20ebb131.jpg,A group of men and woman wearing army pants and a white shirt are running .
3712923460_1b20ebb131.jpg,A group of men in camouflage pants and white t-shirts are running in a drill yard .
3712923460_1b20ebb131.jpg,A group of people in army pants running .
3712923460_1b20ebb131.jpg,A group of people wearing army clothes run together down the street .
3713882697_6dd30c7505.jpg,"A fat woman wearing a blue tank top and a backpack , eating a chili cheese dog"
3713882697_6dd30c7505.jpg,An obese woman holding a chili dog in her right hand .
3713882697_6dd30c7505.jpg,A woman holding a giant hot dog covered with mustard .
3713882697_6dd30c7505.jpg,A woman in a blue shirt with a backpack eating a hot dog .
3713882697_6dd30c7505.jpg,A woman in a blue tank top eats a chili cheese hot dog .
3715469645_6d1dc019b3.jpg,Two females are standing next to each other and appear to be unexcited .
3715469645_6d1dc019b3.jpg,Two girls are standing by a wooden wall looking off to their left .
3715469645_6d1dc019b3.jpg,Two women with black hair stand in front of plywood .
3715469645_6d1dc019b3.jpg,Two young women are leaning up against a wooden wall .
3715469645_6d1dc019b3.jpg,"Two young women , one with folded arms , look off screen ."
3715559023_70c41b31c7.jpg,A girl is sitting on a rock next to a waterfall .
3715559023_70c41b31c7.jpg,An onlooker sits on the shore of a pool overlooked by massive waterfalls .
3715559023_70c41b31c7.jpg,A person sits on a rock at the edge of a large waterfall .
3715559023_70c41b31c7.jpg,A person sitting on a rock by a fall .
3715559023_70c41b31c7.jpg,A woman is sitting on a rock next to a large waterfall .
3716244806_97d5a1fb61.jpg,A family sitting on rocks posing for the camera .
3716244806_97d5a1fb61.jpg,The couple have children sitting in their laps on the rocky hillside .
3716244806_97d5a1fb61.jpg,The four people sit on a pile of rocks .
3716244806_97d5a1fb61.jpg,Two adults and two children pose on a pile of rocks .
3716244806_97d5a1fb61.jpg,Two adults and two children sitting on rocks for a picture
3718007650_e5930b4509.jpg,A girl with a black dress and big white bow stands with her back to the camera .
3718007650_e5930b4509.jpg,many people gather outside .
3718007650_e5930b4509.jpg,People stand outside watching something .
3718007650_e5930b4509.jpg,People with costumes are gathered in a wooded area looking the same direction .
3718007650_e5930b4509.jpg,The back of a woman in costume ; little girl looks at her
3722507770_0d6cb7420e.jpg,A boy and his bike leaps into the air .
3722507770_0d6cb7420e.jpg,A boy does tricks on a bicycle while in a park .
3722507770_0d6cb7420e.jpg,A boy doing a trick on a bike
3722507770_0d6cb7420e.jpg,A boy is doing tricks on his bike as he flies in the air .
3722507770_0d6cb7420e.jpg,This young biker has his arms out as he tries this trick .
3724581378_41049da264.jpg,A man surfing .
3724581378_41049da264.jpg,A person surfs in the ocean .
3724581378_41049da264.jpg,A surfer catching a large wave in the ocean .
3724581378_41049da264.jpg,Surfer riding a wave
3724581378_41049da264.jpg,Surfer wearing a wetsuit at the crest of a wave .
3726019124_f302b3d48a.jpg,A bike in a field and two kites
3726019124_f302b3d48a.jpg,A kid is riding a bike in an open field .
3726019124_f302b3d48a.jpg,A landscape picture of a motorcyclist and a person flying kites .
3726019124_f302b3d48a.jpg,Kites attached to wheeled devices in a field
3726019124_f302b3d48a.jpg,two people fly kites in a field
3726590391_bc6e729bb6.jpg,An elderly woman is crying while sitting in a window .
3726590391_bc6e729bb6.jpg,An elderly woman is sitting by a window reading .
3726590391_bc6e729bb6.jpg,A woman reads a book in front of a window .
3726590391_bc6e729bb6.jpg,A woman with her head down and her hand to her mouth sitting beside someone reading .
3726590391_bc6e729bb6.jpg,There is an old woman in front of a window .
3726629271_7639634703.jpg,Four dogs are playing and jumping in the air outside .
3726629271_7639634703.jpg,Four dogs jumping in the air in a field .
3726629271_7639634703.jpg,"Four dogs look at an object in the sky , one jumping to reach it ."
3726629271_7639634703.jpg,"Four dogs watch an unseen object , two of them leaping in the air ."
3726629271_7639634703.jpg,Two dogs on hind legs and two seated dogs are looking at something in the air .
373219198_149af371d9.jpg,A dog standing in a rocky area .
373219198_149af371d9.jpg,A small brown dog stands on a driveway near wooden poles with his tongue sticking out .
373219198_149af371d9.jpg,"Orange dog looks over shoulder , near posts in rural area ."
373219198_149af371d9.jpg,The golden dog is standing by logs in a parking lot .
373219198_149af371d9.jpg,The light brown dog is in an uncrowded parking lot
3737539561_d1dc161040.jpg,There are two kids in swimmies playing outside next to some trees .
3737539561_d1dc161040.jpg,Two boys with long blond hair are climbing on a hillside .
3737539561_d1dc161040.jpg,Two boys with water wings climb a tree .
3737539561_d1dc161040.jpg,Two children posing for a picture wearing water wings and sitting on a rock .
3737539561_d1dc161040.jpg,Two little boys are sitting on a clump of dirt .
375171241_0302ad8481.jpg,Many people wearing silver leotards are riding bikes on the street .
375171241_0302ad8481.jpg,Several men in silver suits are riding bicycles across a street .
375171241_0302ad8481.jpg,Three people in reflective clothing riding bikes .
375171241_0302ad8481.jpg,Three people in reflective white on bikes .
375171241_0302ad8481.jpg,Three people in silver suits are riding bikes in the city .
375392855_54d46ed5c8.jpg,A woman in a yellow and black outfit is skiing .
375392855_54d46ed5c8.jpg,A woman skier in yellow and black races down the slope in front of the snow-covered trees .
375392855_54d46ed5c8.jpg,A woman skiing down a slope .
375392855_54d46ed5c8.jpg,A woman snow skiing in a yellow jacket and black pants .
375392855_54d46ed5c8.jpg,The woman in the yellow jacket is riding on snow skates .
379006645_b9a2886b51.jpg,A black and brown dog is running between two cement barriers with snow .
379006645_b9a2886b51.jpg,a dog runs down the cold aisle .
379006645_b9a2886b51.jpg,Black and tan small dog walking with perked ears .
379006645_b9a2886b51.jpg,"The black and brown dog walks toward the camera , in an enclosed , snowy area ."
379006645_b9a2886b51.jpg,The brown and black dog is running through a snowy street .
380041023_0dfd712ef1.jpg,A brown and black dog runs through the leaves .
380041023_0dfd712ef1.jpg,A brown dog is running .
380041023_0dfd712ef1.jpg,A brown dog with a red collar jumping across a leafy lawn .
380041023_0dfd712ef1.jpg,A dog with a brindle-colored coat is running across the yard .
380041023_0dfd712ef1.jpg,The brown dog is wearing a red collar .
384465575_31294122c0.jpg,A man and a woman are biking on a sunny day .
384465575_31294122c0.jpg,Man and woman cyclists ride pass signs on rural road .
384465575_31294122c0.jpg,Two bicyclists ride down a hill .
384465575_31294122c0.jpg,Two friends bike down a hill .
384465575_31294122c0.jpg,Two people are riding their bicycles on a dirt road
384577800_fc325af410.jpg,A brown dog carries an object in its mouth on a snowy hillside .
384577800_fc325af410.jpg,A collie running through the snow .
384577800_fc325af410.jpg,A Sheltie dog carries a white-colored toy in its mouth as it walks across the snow .
384577800_fc325af410.jpg,Dog with a toy in the snow .
384577800_fc325af410.jpg,The dog wades through deep snow with something in its mouth .
385835044_4aa11f6990.jpg,A girl wearing a brown jacket and blue jeans has on some white headphones and is walking .
385835044_4aa11f6990.jpg,A girl wearing earphones walks past a traffic cone .
385835044_4aa11f6990.jpg,"A woman in black and red listens to an Ipod , walks down the street"
385835044_4aa11f6990.jpg,A woman wearing headphones is walking past a road cone .
385835044_4aa11f6990.jpg,A woman wearing headphones walks down the street .
386655611_1329495f97.jpg,A black dog carries a huge stick in its mouth .
386655611_1329495f97.jpg,A black dog is carrying a huge stick whilst walking in the snow .
386655611_1329495f97.jpg,"A dog carries a huge , snow covered stick ."
386655611_1329495f97.jpg,A dog carries a very large tree branch in the snow .
386655611_1329495f97.jpg,The brown and white dog carries a very large stick across the snow .
386656845_4e77c3e3da.jpg,A black dog and a brown dog are standing next to each other in the snow .
386656845_4e77c3e3da.jpg,A little tan dog is in confrontation with a large black dog in the snow .
386656845_4e77c3e3da.jpg,A scruffy golden dog meeting a black Doberman in the snow .
386656845_4e77c3e3da.jpg,Two dogs in the snow .
386656845_4e77c3e3da.jpg,Two dogs standing in snow .
387078972_514a38dc33.jpg,A dog walking along the side of a house in the snow .
387078972_514a38dc33.jpg,A white dog is walking by a building in the snow .
387078972_514a38dc33.jpg,A white dog next to a basement window .
387078972_514a38dc33.jpg,a white dog walking on some rocks along a house in the snow .
387078972_514a38dc33.jpg,A white dog walks in the snow
389643437_9a9830a3ba.jpg,A girl in a white cap eats a slice of fruit next to a girl in a blue cap who is eating chocolate .
389643437_9a9830a3ba.jpg,One young girl eats fruit while another eats chocolate .
389643437_9a9830a3ba.jpg,Two children taking in a snack .
389643437_9a9830a3ba.jpg,Two girls sitting in the grass wearing hats eat snacks .
389643437_9a9830a3ba.jpg,Two girls with baseball caps are eating a snack outside .
390671130_09fdccd52f.jpg,A black and white dog stands on the grass with a baseball in his mouth
390671130_09fdccd52f.jpg,A closeup of a small black and white dog with a baseball in its mouth .
390671130_09fdccd52f.jpg,Black and white dog holding a baseball in mouth .
390671130_09fdccd52f.jpg,"Brown and white dog with baseball in mouth , field and building ."
390671130_09fdccd52f.jpg,brown and white dog with a baseball in its mouth .
390986651_c801db91a0.jpg,A person peaks their head out of a tent set up in a snowy field .
390986651_c801db91a0.jpg,A woman emerges from her snow covered tent .
390986651_c801db91a0.jpg,a woman sticking her head out of her tent on the side of a snowy moutnain .
390986651_c801db91a0.jpg,A woman wearing glasses and a hat pokes her head through the door of a tent on a snowy day .
390986651_c801db91a0.jpg,The camper opens up to see snow all around .
393987665_91d28f0ed0.jpg,A woman at an outdoor food stand .
393987665_91d28f0ed0.jpg,A woman makes a purchase at an outdoor vendor .
393987665_91d28f0ed0.jpg,The woman in the red jacket looks as if she was buying something from the open air vendor .
393987665_91d28f0ed0.jpg,The woman is purchasing a product
393987665_91d28f0ed0.jpg,Woman in red coat buying something from a street vendor .
396360611_941e5849a3.jpg,a man stands alone on the rocks .
396360611_941e5849a3.jpg,A man stands on a rocky cliff overlooking a body of water .
396360611_941e5849a3.jpg,A person is standing on jagged rocks above the water below .
396360611_941e5849a3.jpg,A person with a backpack stands on a rocky bank beside a body of water .
396360611_941e5849a3.jpg,Person standing on rocky edge of water with hilly land in background .
397286183_745abbf40d.jpg,A man in a blue jacket widely opens his big blue eyes as a man behind him closes his eyes as he covers his mouth .
397286183_745abbf40d.jpg,A man wearing a blue jacket looks at the camera .
397286183_745abbf40d.jpg,A startled man wearing a blue jacket is looking at the camera .
397286183_745abbf40d.jpg,A wide eyed guy in a blue jacket is holding a beer and standing next to a guy holding his nose .
397286183_745abbf40d.jpg,Man in blue is posing for the camera .
397601572_9587a39291.jpg,The back of two men 's heads riding on a train .
397601572_9587a39291.jpg,The backs of the heads of two men that are plugging their ears while riding the subway .
397601572_9587a39291.jpg,Two guys are sharing headphones and are listening to music on a subway .
397601572_9587a39291.jpg,"Two men on a busy subway , seen from behind ,"
397601572_9587a39291.jpg,Two people sitting together on a subway listening to earphones .
400562847_e15aba0aac.jpg,A brown dog carries something in his mouth while walking through snow .
400562847_e15aba0aac.jpg,A dark-colored dog walking across snow with something in its mouth .
400562847_e15aba0aac.jpg,A dog carries an object in the snow .
400562847_e15aba0aac.jpg,A dog walks through the snow while blindfolded carrying something in his mouth .
400562847_e15aba0aac.jpg,The brown dog has an object in his mouth .
400851260_5911898657.jpg,A man is shoveling snow during a sunrise .
400851260_5911898657.jpg,A man stands in the snow as the sun sets .
400851260_5911898657.jpg,A mist overshadows a man in winter gear and the winter landscape in front of him .
400851260_5911898657.jpg,A person stands in a snowy area looking down .
400851260_5911898657.jpg,Man walking through the deep snow at dusk .
405537503_f66ecc5073.jpg,A blond climber with a white shirt is scaling a stone cliff .
405537503_f66ecc5073.jpg,a lone man climbing the side of a large rock wall .
405537503_f66ecc5073.jpg,A person climbing a rock face .
405537503_f66ecc5073.jpg,a rock climber
405537503_f66ecc5073.jpg,A young man is climbing up a rock face with one rope dangling down .
408233586_f2c1be3ce1.jpg,A brown and black dog fetching a tennis ball in a lake .
408233586_f2c1be3ce1.jpg,A dog in water with its head cocked to the side looking at a ball .
408233586_f2c1be3ce1.jpg,A dog is running through the water chasing after a ball .
408233586_f2c1be3ce1.jpg,A dog is shaking off water in a lake as a red and green tennis ball floats by .
408233586_f2c1be3ce1.jpg,A dog playing with a ball in water
408748500_e8dc8c0c4f.jpg,a boy wears a red coat .
408748500_e8dc8c0c4f.jpg,A child in a red coat stands near a funny decoration .
408748500_e8dc8c0c4f.jpg,A child wearing a coat looks back at someone .
408748500_e8dc8c0c4f.jpg,The boy is dressed in a red coat and stands next to a statue .
408748500_e8dc8c0c4f.jpg,The girl in the red jacket is next to a picture of a funny face .
410413536_11f1127c46.jpg,A man kneels on a dock while a dog jumps in the water next to him .
410413536_11f1127c46.jpg,A man on a narrow dock plays with his dog that is jumping out of the water .
410413536_11f1127c46.jpg,A woman kneeling on a dock throws a ball to a dog that is jumping in the water .
410413536_11f1127c46.jpg,A woman kneels at the edge of a dock reaching toward a dog leaping nearby in the water .
410413536_11f1127c46.jpg,Dog leaps from water while woman kneels on the dock playing with him
417577408_eb571658c1.jpg,A dog is running and jumping through the woods
417577408_eb571658c1.jpg,A dog races through the woods .
417577408_eb571658c1.jpg,A dog running in the woods .
417577408_eb571658c1.jpg,A dog running quickly through the woods .
417577408_eb571658c1.jpg,a dog runs through the woods .
418796494_bdb441de42.jpg,A dachshund puppy jumps on a bed .
418796494_bdb441de42.jpg,A puppy jumps on a bed with purple sheets .
418796494_bdb441de42.jpg,A puppy on a bed with blue sheets and pillow .
418796494_bdb441de42.jpg,A small black and brown puppy is looking up
418796494_bdb441de42.jpg,The dog is on the bed .
420355149_f2076770df.jpg,A child in a green cap sits at a boats controls .
420355149_f2076770df.jpg,"A little kid dressed in blue , playing in a boat ,"
420355149_f2076770df.jpg,A small child in a cap is sitting on a large seat with hands through a steering wheel .
420355149_f2076770df.jpg,A small child in a pretend car .
420355149_f2076770df.jpg,The boy has his arms through the steering wheel
421153376_d1d325568f.jpg,A dog is jumping through the water .
421153376_d1d325568f.jpg,A dog is splashing water into the air as it runs through a wet field of grass .
421153376_d1d325568f.jpg,A medium sized dog running through puddles
421153376_d1d325568f.jpg,Dog carry leash in mouth runs through marsh .
421153376_d1d325568f.jpg,White dog with leash running through water
421808539_57abee6d55.jpg,A brown dog walks through snow .
421808539_57abee6d55.jpg,A brown puppy walking through the snow .
421808539_57abee6d55.jpg,A dog looks curious at adventures lying ahead in the snow .
421808539_57abee6d55.jpg,A dog walking in the snow
421808539_57abee6d55.jpg,A yellow puppy walking through the snow .
424506167_01f365726b.jpg,A large and small dog interact in a grassy field .
424506167_01f365726b.jpg,A small brown jumps in the air as a big brown dog watches .
424506167_01f365726b.jpg,"A small dog stands next to a larger dog , out in a field ."
424506167_01f365726b.jpg,Two dogs standing in the field .
424506167_01f365726b.jpg,Two dogs stand side by side in the yard .
425088533_a460dc4617.jpg,A little boy in a red sweater is climbing a tree .
425088533_a460dc4617.jpg,A little boy in red is climbing a tree .
425088533_a460dc4617.jpg,A small child in a tree .
425088533_a460dc4617.jpg,A toddler in a red sweatshirt and grey sweatpants in the branches of a tree
425088533_a460dc4617.jpg,A young boy in a red shirt plays in a tree .
426805536_d1d5e68c17.jpg,A bearded man reads while sitting on a wall in a park .
426805536_d1d5e68c17.jpg,a man reads his paper on the bench .
426805536_d1d5e68c17.jpg,A man wearing a red shirt sits on a cement bench and reads the paper .
426805536_d1d5e68c17.jpg,An old man sits outside reading a newspaper .
426805536_d1d5e68c17.jpg,An old man with a white beard is reading .
427082246_5bf1c3676f.jpg,a man in a yellow shirt training a black poodle
427082246_5bf1c3676f.jpg,A man in a yellow sweatshirt and black pants plays with a black poodle .
427082246_5bf1c3676f.jpg,A man wearing a yellow shirt is playing with his black poodle .
427082246_5bf1c3676f.jpg,a man wearing a yellow sweater playing with a black dog in a grassy field
427082246_5bf1c3676f.jpg,Man in yellow jacket teaching his black dog to do a trick .
427557693_1108566fd2.jpg,Two adults walking in the street in a suburban area
427557693_1108566fd2.jpg,Two distant boys walking down snowy street in urban area .
427557693_1108566fd2.jpg,Two people walking across a street .
427557693_1108566fd2.jpg,Two people walking on a street with barren trees .
427557693_1108566fd2.jpg,Two people walking on the street with lots of bare trees around and snow on the ground .
427936315_0b8f7b8d23.jpg,A brown dog is chasing a red Frisbee across a grassy field .
427936315_0b8f7b8d23.jpg,A dog leaps in the air to catch a red Frisbee .
427936315_0b8f7b8d23.jpg,a dog runs for a red Frisbee .
427936315_0b8f7b8d23.jpg,A dog surrounded by trees runs to catch a Frisbee .
427936315_0b8f7b8d23.jpg,The large brown dog is running through the grass to catch a red Frisbee .
429270993_294ba8e64c.jpg,A man in camouflage pants and a backwards cap carrying a toolbox and a backpack .
429270993_294ba8e64c.jpg,A man wearing urban combat pants is walking down the street carrying a toolbox .
429270993_294ba8e64c.jpg,Man carrying a tool box on a sidewalk
429270993_294ba8e64c.jpg,Man is carrying a tool box down the sidewalk .
429270993_294ba8e64c.jpg,Young man in camo pants carries a large metal box walks along the sidewalk .
430803349_a66c91f64e.jpg,A brown dog holding a buoy in its mouth in the water
430803349_a66c91f64e.jpg,A dog carries an object in the water .
430803349_a66c91f64e.jpg,A dog running through water with a white toy in its mouth .
430803349_a66c91f64e.jpg,The black dog is in the water with a white object in its mouth .
430803349_a66c91f64e.jpg,The black dog retreived the white toy in the water .
436009777_440c7679a1.jpg,A couple are sitting on a rock in front of a street .
436009777_440c7679a1.jpg,A man and a woman sit on a rock beside a street .
436009777_440c7679a1.jpg,Two people sit on a large rock near a city street .
436009777_440c7679a1.jpg,Two people sitting on a rock in a city park .
436009777_440c7679a1.jpg,Two people talk while sitting on a big rock .
436015762_8d0bae90c3.jpg,A man prepares to enter the red building .
436015762_8d0bae90c3.jpg,a man walking around the corner of a red building .
436015762_8d0bae90c3.jpg,A man walks past a red building with a fake rocket attached to it .
436015762_8d0bae90c3.jpg,A man walks under a building with a large rocket shaped sculpture .
436015762_8d0bae90c3.jpg,A person walking by a red building with a jet on top of it .
439037721_cdf1fc7358.jpg,Two men sitting on the bank of a lake with an ice chest .
439037721_cdf1fc7358.jpg,Two people having a picnic by a lake .
439037721_cdf1fc7358.jpg,Two people having a picnic by the shore .
439037721_cdf1fc7358.jpg,Two people sitting on grass in front of a lake looking at the sky .
439037721_cdf1fc7358.jpg,Two people with hats looking at a lake while sitting on a yellow-grassed hill .
439049388_3dcee2d30b.jpg,"People , possibly fishermen , with their boats in shadow on shore at an orangesunset"
439049388_3dcee2d30b.jpg,A man in an orange vest is standing next to a yellow canoe .
439049388_3dcee2d30b.jpg,People tend canoes at the edge of a body of water during a dimly lit time of day .
439049388_3dcee2d30b.jpg,The men are getting their kayaks secured on the beach for the night .
439049388_3dcee2d30b.jpg,Two men standing on the shore beside their kayaks at dusk .
440737340_5af34ca9cf.jpg,A black man with a red mask is carrying a box .
440737340_5af34ca9cf.jpg,A man in a domino mask carries an amplifier up a hill .
440737340_5af34ca9cf.jpg,A man with a mask carrying a black speaker
440737340_5af34ca9cf.jpg,A masked man in bright clothing carrying a large box .
440737340_5af34ca9cf.jpg,Black man lifting black box is watched by black dog .
441212506_fcc321ac28.jpg,The black dog runs with a ball with two smaller dogs behind it .
441212506_fcc321ac28.jpg,"Three dogs playing in a field , one with a ball in its mouth ."
441212506_fcc321ac28.jpg,Three dogs race towards the viewer over a lawn .
441212506_fcc321ac28.jpg,"Three dogs running in grass , one carrying a tennis ball in mouth ."
441212506_fcc321ac28.jpg,Two small dogs follow a larger dog with a tennis ball
444881000_bba92e585c.jpg,A group of college students walk in nice weather .
444881000_bba92e585c.jpg,"A group of people walk in the park , while some talk on phones ."
444881000_bba92e585c.jpg,A group of students are walking through the campus .
444881000_bba92e585c.jpg,A group of young people walking with two talking on cellphones .
444881000_bba92e585c.jpg,several young people walking casually around
446138054_d40c66d5f0.jpg,A man in an orange hat jumping .
446138054_d40c66d5f0.jpg,A man jumps in the middle of a rocky desert .
446138054_d40c66d5f0.jpg,A man wearing a white shirt and an orange shirt jumped into the air .
446138054_d40c66d5f0.jpg,Man in khaki pants does elaborate kick in desert
446138054_d40c66d5f0.jpg,Man jumping with a rock formation in background .
446291803_2fd4641b99.jpg,These woman are watching people play tennis from a bench .
446291803_2fd4641b99.jpg,Two individuals watch a tennis match .
446291803_2fd4641b99.jpg,Two people sit on a park bench while watching a neighborhood tennis match .
446291803_2fd4641b99.jpg,Two people with red scarves on their heads are watching tennis .
446291803_2fd4641b99.jpg,Two women sitting on a bench in front of a tennis court near a building complex .
448658518_eec0b648a6.jpg,A large man dressed in black on a street corner by a red brick building .
448658518_eec0b648a6.jpg,A man dressed in black is waiting at a crosswalk .
448658518_eec0b648a6.jpg,A man dressed in black stands at a street corner near a crossing light .
448658518_eec0b648a6.jpg,"A man stands at a traffic light , waiting to cross the street ."
448658518_eec0b648a6.jpg,Man in black waits at crossing signal near large brick building .
452345346_afe1248586.jpg,A brown and white dog chews on a tire .
452345346_afe1248586.jpg,A brown and white dog with pointy ears stands outside in sand holding a small tire in its mouth .
452345346_afe1248586.jpg,"a brown , black and white dog holding a tire in its mouth while standing on sand"
452345346_afe1248586.jpg,A bull terrier terrorizes an old tire in the sand .
452345346_afe1248586.jpg,"A dog standing in sand , holding a tire in his mouth ."
456299217_b2802efbc2.jpg,A girl sits outside at a large fountain .
456299217_b2802efbc2.jpg,A woman and two others are sitting nearby a decorative water fountain .
456299217_b2802efbc2.jpg,A woman sits on a wall next to a large conical fountain .
456299217_b2802efbc2.jpg,A young woman sits near a fountain .
456299217_b2802efbc2.jpg,Woman in black poses near a pyramid fountain .
458213442_12c59e61a0.jpg,A black and white dog is jumping over a hurdle .
458213442_12c59e61a0.jpg,A black and white dog jumps over a bar in an agility test .
458213442_12c59e61a0.jpg,A dog jumps over a hurdle on a grass field .
458213442_12c59e61a0.jpg,A dog leaps over a bar on an obstacle course
458213442_12c59e61a0.jpg,The black and white dog jumps over an obstacle .
459814265_d48ba48978.jpg,"A big , shaggy dog runs in a field of dandylions ."
459814265_d48ba48978.jpg,a dog running in a field of daisies
459814265_d48ba48978.jpg,"a dog sitting in the grass , with his tongue out"
459814265_d48ba48978.jpg,A long haired dog frolics in a meadow of yellow flowers .
459814265_d48ba48978.jpg,A shaggy dog plays in a field of grass and yellow flowers .
460478198_83039f2593.jpg,A dog chasing another dog by a lake .
460478198_83039f2593.jpg,A husky chasing a brown spoted dog at the shore .
460478198_83039f2593.jpg,"Two dogs , a spaniel and a husky , chase each other across the sand by a body of water ."
460478198_83039f2593.jpg,Two dogs chase each other near the water .
460478198_83039f2593.jpg,Two dogs playing by the shore .
460935487_75b2da7854.jpg,A black and white dog is running up a path towards some potted plants .
460935487_75b2da7854.jpg,A dog follows another dog around the corner but looks back .
460935487_75b2da7854.jpg,A dog is turns back toward the camera near some potted plants .
460935487_75b2da7854.jpg,A dog turning to look at the camera .
460935487_75b2da7854.jpg,A white and black dog in a hallway filled with potted plants .
460973814_5eacd1ced4.jpg,a group of people sitting around a table drinking tea or coffee
460973814_5eacd1ced4.jpg,"Three individuals sit at a table , smiling ."
460973814_5eacd1ced4.jpg,Three people gather around a table for beverages .
460973814_5eacd1ced4.jpg,Three people gather around the table and have their picture taken .
460973814_5eacd1ced4.jpg,Two women and a man sit at a table having coffee in a home .
461019788_bc0993dabd.jpg,A couple stands on a dock by the water hugging .
461019788_bc0993dabd.jpg,"A stone dock and a couple hugging at the end , water behind ."
461019788_bc0993dabd.jpg,Two people are hugging at the end of a stone jetty that looks out over the ocean .
461019788_bc0993dabd.jpg,Two people embrace on the end of a dock .
461019788_bc0993dabd.jpg,Two people stand on the pier looking at the ocean and embrace .
465859490_b077219424.jpg,A group of people are listening to a man with a moustache speak into a microphone .
465859490_b077219424.jpg,A lady with brown hair sitting at a table while someone speaks on a microphone in the background .
465859490_b077219424.jpg,A man holds a microphone and speaks as a group of seated people watch and one woman looks down .
465859490_b077219424.jpg,A woman at a table looking down .
465859490_b077219424.jpg,People sit a tables while a man speaks with a microphone .
467960888_6943257534.jpg,A black dog running along the edge of the ocean .
467960888_6943257534.jpg,A black dog runs along the beach .
467960888_6943257534.jpg,A black dog runs through surf on a sandy beach .
467960888_6943257534.jpg,A dog runs along the ocean surf .
467960888_6943257534.jpg,"Balck dog is running on clean sand beach , very close to surf ."
468871328_72990babd4.jpg,Two brown dogs are laying on the street next to a metal pole .
468871328_72990babd4.jpg,two dogs are chained to a pole .
468871328_72990babd4.jpg,Two dogs are tied to a tree in a city .
468871328_72990babd4.jpg,Two dogs tied to a tree .
468871328_72990babd4.jpg,Two small dogs sit near a tree .
472396131_6e97068d93.jpg,A puppy catching a bird
472396131_6e97068d93.jpg,A small white dog holds a bird in its mouth as it runs in a field .
472396131_6e97068d93.jpg,A white dog carries a gray bird in a field .
472396131_6e97068d93.jpg,A white puppy is carrying a black bird in its mouth .
472396131_6e97068d93.jpg,The dog returns with the hunter 's bird .
472535997_0dbf42b9f3.jpg,two african toddlers dressed in pink are playing in a sparsely decorated kitchen .
472535997_0dbf42b9f3.jpg,Two girls in pink dresses dance and clap .
472535997_0dbf42b9f3.jpg,Two little girls in pink are dancing .
472535997_0dbf42b9f3.jpg,Two little girls wearing pink outfits dance together .
472535997_0dbf42b9f3.jpg,Two very young girls in pink dance inside .
476760133_c33d2bd83d.jpg,A black dog is running across the grass carrying something in its mouth .
476760133_c33d2bd83d.jpg,A black dog is running outside with a toy in its mouth .
476760133_c33d2bd83d.jpg,A black dog runs along the green grass carrying a toy in its mouth .
476760133_c33d2bd83d.jpg,A black dog runs on green grass with a toy in his mouth .
476760133_c33d2bd83d.jpg,Black dog is carrying something in its mouth and running in the grass .
477768471_d7cd618fdb.jpg,A black and white dog is playing with a golf ball in the sand .
477768471_d7cd618fdb.jpg,A dog playing with a golf ball in front of a small wooden fence on the beach .
477768471_d7cd618fdb.jpg,A dog plays in the sand with a ball .
477768471_d7cd618fdb.jpg,A white dog with black spots looks at a golf ball in the sand .
477768471_d7cd618fdb.jpg,The dog eyes the ball before retrieving it .
47870024_73a4481f7d.jpg,A boy in yellow is riding a scooter on the street .
47870024_73a4481f7d.jpg,A boy on a scooter .
47870024_73a4481f7d.jpg,A boy wearing a helmet rides a scooter in a suburban neighborhood .
47870024_73a4481f7d.jpg,A child on a scooter is jumping the curb .
47870024_73a4481f7d.jpg,a young boy wearing an orange helmet riding a scooter
47871819_db55ac4699.jpg,A soccer player in blue is chasing after the player in black and white .
47871819_db55ac4699.jpg,The girl in the white strip is falling down as the girl in the blue strip challenges for the soccer ball .
47871819_db55ac4699.jpg,The girls are playing soccer .
47871819_db55ac4699.jpg,Two women in soccer uniforms playing soccer .
47871819_db55ac4699.jpg,Two young women on different teams are playing soccer on a field .
483136916_16976f4902.jpg,A beagle looking over his shoulder as he stand on a sandy slope .
483136916_16976f4902.jpg,A beagle stands in the sand and grass .
483136916_16976f4902.jpg,A dog stands in a field .
483136916_16976f4902.jpg,"Brown , black and white dog standing on a sandy slope ."
483136916_16976f4902.jpg,Dog standing in grassy sand dune .
483841513_e660391880.jpg,A girl does a handstand on a trampoline .
483841513_e660391880.jpg,A girl doing a handstand on a trampoline
483841513_e660391880.jpg,A girl doing a handstand on a trampoline .
483841513_e660391880.jpg,A girl is doing a trick on her trampoline .
483841513_e660391880.jpg,A little girl does a handstand on a trampoline
485312202_784508f2a9.jpg,A man is sitting on a bench behind a bike .
485312202_784508f2a9.jpg,A man sitting on a bench next to his bike .
485312202_784508f2a9.jpg,A man sitting on a bench with his bicycle leaning against a railing .
485312202_784508f2a9.jpg,A man sitting on a bench with his bike parked at the rail .
485312202_784508f2a9.jpg,Man sitting on a bench next to a bike .
486712504_36be449055.jpg,A dog is jumping across an obstacle .
486712504_36be449055.jpg,A dog jumps over a red and blue hurdle .
486712504_36be449055.jpg,A dog leaps over a red and blue jump .
486712504_36be449055.jpg,A Golden Retreiver jumps over an obstacle .
486712504_36be449055.jpg,a tan dog jumping over a red and blue toy
488408004_a1e26d4886.jpg,A child in formal clothing is walking along the edge of a stony area that is littered in places .
488408004_a1e26d4886.jpg,A little boy with a blue jacket is making a sour face at the camera .
488408004_a1e26d4886.jpg,A young boy wearing a light blue jacket walks across the brick patio .
488408004_a1e26d4886.jpg,A young boy with a blue coat makes a funny face as he walks towards the grass .
488408004_a1e26d4886.jpg,"The young boy is walking wearing a blue jacket , a black sweater and white collared shirt ."
492341908_1ef53be265.jpg,Two girls are riding a 4 wheeler .
492341908_1ef53be265.jpg,Two girls are sitting on an ATV on the sand in front of a bridge .
492341908_1ef53be265.jpg,Two girls riding an ATV .
492341908_1ef53be265.jpg,Two kids are posing on a black ATV that is on top of sand .
492341908_1ef53be265.jpg,Two young girls drive an ATV .
493542985_c85ad29ebe.jpg,A girl is rowing in a lake .
493542985_c85ad29ebe.jpg,a girl sits on a skinny canoe .
493542985_c85ad29ebe.jpg,A woman sits in a rowing scull and looks behind her at a dock .
493542985_c85ad29ebe.jpg,A woman sitting in a rowboat
493542985_c85ad29ebe.jpg,Girl in a thin rowboat leaving the dock of a lake .
494221578_027f51cdf4.jpg,A girl in a pink jacket is going headfirst down a red slide .
494221578_027f51cdf4.jpg,A girl slides on a red slide
494221578_027f51cdf4.jpg,A small girl sliding headfirst down a shiny red slide .
494221578_027f51cdf4.jpg,a toddler in a pink coat is laying front down on a red slide .
494221578_027f51cdf4.jpg,Girl in pink coat is sliding down a red slide on her stomach .
494329594_6e751372a0.jpg,A black woman in a pink bikini is sitting on a towel on a lounge chair .
494329594_6e751372a0.jpg,A girl with hot pink toe nails and bathing suit is laying on a hot pink towel .
494329594_6e751372a0.jpg,A woman in a pink bikini is laying on a deck lounge chair that is covered with a pink towel .
494329594_6e751372a0.jpg,"There is a very oiled darker woman on a pink towel , lounging on a lawn chair next to her flip flops and suntan lotion ."
494329594_6e751372a0.jpg,Woman in pink is suntanning
495054019_3dee8a02f5.jpg,A white haired coach is coaching his team of young men while they run towards him .
495054019_3dee8a02f5.jpg,A white haired coach stands in front of a group of high school age boys running past him .
495054019_3dee8a02f5.jpg,Three teenage boys are running towards an older man in a white shirt .
495054019_3dee8a02f5.jpg,Three young men face an older man with a whistle .
495054019_3dee8a02f5.jpg,Three young men sprinting past their coach outside .
496110746_a93ca191ae.jpg,A child swings on a swing .
496110746_a93ca191ae.jpg,A kid is upside down on a swing .
496110746_a93ca191ae.jpg,a young child in a purple shirt hanging upside down on a swing
496110746_a93ca191ae.jpg,"Little girl , upside down on swing ."
496110746_a93ca191ae.jpg,The girl wears a purple outfit and swings upside down .
497791037_93499238d8.jpg,a boy jumping off a swing
497791037_93499238d8.jpg,A boy jumps off a swing on the swing set when its high enough .
497791037_93499238d8.jpg,A child in a white shirt coming out of a swing in midair .
497791037_93499238d8.jpg,A young boy leaps off a swing .
497791037_93499238d8.jpg,The boy wearing white is leaping from the swing .
498794783_cc2ac62b47.jpg,A girl in a dress is blowing bubbles with another girl behind her .
498794783_cc2ac62b47.jpg,Girls blow bubbles outdoors .
498794783_cc2ac62b47.jpg,There are two young girls in colorful dresses blowing bubbles .
498794783_cc2ac62b47.jpg,Two girls in colourful dresses blowing bubbles at a park .
498794783_cc2ac62b47.jpg,Two little girls wearing bright dresses are blowing bubbles with bubble wands .
498957941_f0eda42787.jpg,A boy in a blue shirt is running .
498957941_f0eda42787.jpg,A distorted image of a young boy running
498957941_f0eda42787.jpg,"A little boy running , blurry picture ."
498957941_f0eda42787.jpg,A young boy runs .
498957941_f0eda42787.jpg,Little boy running very fast .
50030244_02cd4de372.jpg,a cat sits alone in dry grass .
50030244_02cd4de372.jpg,A group of cats sit in the grass .
50030244_02cd4de372.jpg,several cats resting in a field of dry grass
50030244_02cd4de372.jpg,The cats are lazily laying in the field of dry grass .
50030244_02cd4de372.jpg,"The three cats , two white with calico accents and a gray tabby , are laying in the brown grass ."
500678178_26ce0f4417.jpg,A child lies in the hay with only a head and arm showing .
500678178_26ce0f4417.jpg,A young child is covered in straw except for the head and left arm .
500678178_26ce0f4417.jpg,Child playing and hiding underneath hay .
500678178_26ce0f4417.jpg,Girl hides in hay .
500678178_26ce0f4417.jpg,The child is playing hide and seek in the hay .
503717911_fc43cb3cf9.jpg,A dog is catching a Frisbee i its mouth .
503717911_fc43cb3cf9.jpg,A white dog catches a red disc in his mouth .
503717911_fc43cb3cf9.jpg,A white dog leaps up to grab a pink Frisbee .
503717911_fc43cb3cf9.jpg,A yellow dog catches a Frisbee in midair .
503717911_fc43cb3cf9.jpg,A yellow dog catches a red Frisbee .
505062117_a70b4e10ab.jpg,A black dog in the water with a tennis ball in his mouth .
505062117_a70b4e10ab.jpg,A black dog is swimming with a ball in its mouth .
505062117_a70b4e10ab.jpg,A black dog is swimming with a tennis ball in its mouth .
505062117_a70b4e10ab.jpg,A black dog with a ball in its mouth swims in the water .
505062117_a70b4e10ab.jpg,A dog swims in the water with a tennis ball in his mouth .
506367606_7cca2bba9b.jpg,An oriental florist arranging flowers
506367606_7cca2bba9b.jpg,A person looking to the right standing between plants in buckets and a banana box .
506367606_7cca2bba9b.jpg,A woman dressed in black standing at a green counter with barrels of flowers placed on it .
506367606_7cca2bba9b.jpg,A woman is standing at a counter that is holding buckets of flowers .
506367606_7cca2bba9b.jpg,The girl is sitting at the counter between the bucket of flowers and the cardboard boxes .
508261758_78fb8ae067.jpg,Three girls fell on top of one another and are laughing histerically .
508261758_78fb8ae067.jpg,Three girls pile on top of each other on the concrete .
508261758_78fb8ae067.jpg,Three girls playing on the ground .
508261758_78fb8ae067.jpg,"Three teenage girls rolling all over each other on the ground , laughing"
508261758_78fb8ae067.jpg,Three young girls play wrestling and laugh a lot .
509778093_21236bb64d.jpg,a brown and white dog chasing a ball on some grass .
509778093_21236bb64d.jpg,a brown and white dog has is playing with a white ball on the grass .
509778093_21236bb64d.jpg,A collie plays with a white ball in a field of green grass .
509778093_21236bb64d.jpg,A orange dog playing with a white ball on green grass .
509778093_21236bb64d.jpg,A small brown dog paws at a white ball
512634877_d7ad8c8329.jpg,A brown dog in a red harness chasing a red ball .
512634877_d7ad8c8329.jpg,A brown dog with a harness is chasing after a red ball .
512634877_d7ad8c8329.jpg,A dog in a harness chasing a red ball .
512634877_d7ad8c8329.jpg,A dog wearing a harness is playing with red ball in a grassy area .
512634877_d7ad8c8329.jpg,A pitbull dog chasing a red ball .
514036362_5f2b9b7314.jpg,A girl wearing a black top is smiling with a silver truck in the background .
514036362_5f2b9b7314.jpg,A woman in a black dress smiles in front of a silver truck .
514036362_5f2b9b7314.jpg,A woman in a black shirt smiling front of a car
514036362_5f2b9b7314.jpg,a woman wearing black stands in front of a pickup truck .
514036362_5f2b9b7314.jpg,Smiling girl in front of a white truck .
514431934_9cf78f05a9.jpg,An Ambulance is passing a man wearing a bandanna and girl .
514431934_9cf78f05a9.jpg,an ambulance drives on the street .
514431934_9cf78f05a9.jpg,A red ambulance drives down the street as two people look on .
514431934_9cf78f05a9.jpg,Two people in Seattle looking at an ambulance in the street .
514431934_9cf78f05a9.jpg,Two people stand before an ambulance .
514990193_2d2422af2c.jpg,A woman is laying on a striped couch on a grassy yard in a residential neighborhood .
514990193_2d2422af2c.jpg,A woman lays on a sofa in a yard .
514990193_2d2422af2c.jpg,A woman lies down on an old couch sitting on the grass .
514990193_2d2422af2c.jpg,Girl poses on couch on suburban lawn .
514990193_2d2422af2c.jpg,There is a couch sitting on grass with a girl in jeans and light brown hair on it .
516725192_c9cdd63878.jpg,A fisherman stands on the beach on a gray day .
516725192_c9cdd63878.jpg,A man holding a fishing pole and tackle box walking in from the ocean .
516725192_c9cdd63878.jpg,a man in a yellow cap is on the beach carrying a fishing pole .
516725192_c9cdd63878.jpg,A Man with a fishing pole standing on a beach .
516725192_c9cdd63878.jpg,A person is standing in the ocean fully clothed holding a fishing pole in one hand and a tackle box in the other .
517102724_a0f3069156.jpg,A black dog in front of a waterfall .
517102724_a0f3069156.jpg,A black dog is standing in front of a waterfall .
517102724_a0f3069156.jpg,A black dog plays around near a waterfall .
517102724_a0f3069156.jpg,Black dog prancing through the river .
517102724_a0f3069156.jpg,The large black dog is walking in the water .
519061891_320061864e.jpg,A little boy is splashing around in the water in a kiddie pool .
519061891_320061864e.jpg,A small boy in a blue shirt splashes water in a baby pool outside .
519061891_320061864e.jpg,A small boy wearing a blue shirt plays in the kiddie pool .
519061891_320061864e.jpg,a young boy paying in a small pool with water
519061891_320061864e.jpg,A young child splashes in a green and yellow wading pool
522063319_33827f1627.jpg,Two children are dressed as pirates .
522063319_33827f1627.jpg,Two children dressed as pirates
522063319_33827f1627.jpg,Two children kneeling down with pirate hats on
522063319_33827f1627.jpg,Two young boys are kneeling in the bushes wearing pirate costumes .
522063319_33827f1627.jpg,Two young boys wearing pirate hats are crouching down .
522486784_978021d537.jpg,A black dog and a brown dog close together .
522486784_978021d537.jpg,A brown dog and a black dog on a dirt path .
522486784_978021d537.jpg,One brown and one mostly black dog are either playing or fighting .
522486784_978021d537.jpg,Two dogs are playing together outside .
522486784_978021d537.jpg,"Two dogs , face to face , on a dirt road ."
524036004_6747cf909b.jpg,"A boy in blue and red trunks , with a green ball in his hand . is jumping into a pool ."
524036004_6747cf909b.jpg,A boy is jumping into the water with a ball in his hand .
524036004_6747cf909b.jpg,A boy jumps into a pool while holding a ball .
524036004_6747cf909b.jpg,boy in floral swim trunks jumps into the pool
524036004_6747cf909b.jpg,Boy in red and blue flowered trunks jumps into pool holding green ball .
524310507_51220580de.jpg,A man in a large red truck .
524310507_51220580de.jpg,A man in a red truck is staring out the driver-side window .
524310507_51220580de.jpg,A man looks mysterious in a blue shirt and a red truck for a company called Wilbert .
524310507_51220580de.jpg,A truck driver is looking out of the window of his purple truck .
524310507_51220580de.jpg,The truck driver pauses for a photo opportunity .
524698457_77ba13840a.jpg,A brown dog races on an obstacle course .
524698457_77ba13840a.jpg,A dog jumping over hurdles .
524698457_77ba13840a.jpg,A dog leaps over the bar .
524698457_77ba13840a.jpg,A long-haired dog is jumping over horizontal poles .
524698457_77ba13840a.jpg,The dog is jumping over a yellow and white fence on an obstacle course .
527968666_1fcddf81ab.jpg,"A big , furry , black dog is on a blue leash and is coming out of the water ."
527968666_1fcddf81ab.jpg,A black dog on a blue leash is walking in a stream .
527968666_1fcddf81ab.jpg,A black dog on a leash walking in water
527968666_1fcddf81ab.jpg,A wet black dog emerges from the water .
527968666_1fcddf81ab.jpg,The dog is on a leash and is walking out of the water .
528498076_43f0ef36b5.jpg,A boy jumps on a bed .
528498076_43f0ef36b5.jpg,A kid is jumping on a structure covered with soft material .
528498076_43f0ef36b5.jpg,A little boy wearing white jumps on the bed .
528498076_43f0ef36b5.jpg,A toddler in a white sports shorts set jumping on a bed
528498076_43f0ef36b5.jpg,Child in white jumping on bed
530888330_a18343e38d.jpg,A shadowy male looking at the far away hills .
530888330_a18343e38d.jpg,A silhouette of a man over a mountaintop .
530888330_a18343e38d.jpg,A silhouette of a man overlooking a large valley .
530888330_a18343e38d.jpg,Silhouette of man in front of mountain landscape
530888330_a18343e38d.jpg,The man is in silhouette while the mountain landscape is visible .
532396029_ce125bda3f.jpg,A little blonde girl splashing in a mud puddle .
532396029_ce125bda3f.jpg,"A little girl finds joy in playing in a big , sloppy area of mud !"
532396029_ce125bda3f.jpg,A little girl with blonde hair is playing and splashing in a mud puddle .
532396029_ce125bda3f.jpg,A naked little girl plays in a mud puddle .
532396029_ce125bda3f.jpg,A naked little girl splashing in a mud puddle
532457586_bddfc5251d.jpg,A shirtless man with a brown and white dog looking at a woman in jeans and a bikini top who is relaxing on a bench .
532457586_bddfc5251d.jpg,A shirtless man with a dog next to him talking to a shirtless girl slouching on a bench .
532457586_bddfc5251d.jpg,A woman in a bikini top is on the bench and a man with no shirt is talking to her .
532457586_bddfc5251d.jpg,A woman is sitting on a bench while talking to a shirtless man .
532457586_bddfc5251d.jpg,A woman with a hat is sitting on a skateboard which is on top of a bench and speaking with a shirtless man .
533483374_86c5d4c13e.jpg,A brown and white dog is standing on a beach with a tennis ball beside it .
533483374_86c5d4c13e.jpg,A dog is on the beach near a ball .
533483374_86c5d4c13e.jpg,a dog on the beach .
533483374_86c5d4c13e.jpg,The brown dog is standing next to a ball on the beach .
533483374_86c5d4c13e.jpg,The dog stands in the sand near the ocean .
533713001_2d36e93509.jpg,A group of older people are sitting outside under their marine-life-themed umbrella .
533713001_2d36e93509.jpg,A group of people are sitting around a table under a blue sunshade .
533713001_2d36e93509.jpg,A group of people sit on an outdoor patio with lots of potted plants .
533713001_2d36e93509.jpg,A group of people sitting in chairs in a circle having a conversation .
533713001_2d36e93509.jpg,Several people are sitting around a table on a patio .
534655560_dc1c335b3f.jpg,A girl in a pink hat is running past a green wheelbarrow .
534655560_dc1c335b3f.jpg,A girl runs in front of a wheelbarrow .
534655560_dc1c335b3f.jpg,"A little girl wearing a hat , playing surrounded by a wheelbarrow with wood in the background and a building ."
534655560_dc1c335b3f.jpg,A little girl wearing a pink hat is running near some garden tools .
534655560_dc1c335b3f.jpg,A young girl with a painted face runs in a backyard .
535309053_ec737abde8.jpg,A campsite has been established amidst the trees and bushes .
535309053_ec737abde8.jpg,A campsite with tents and picnic tables .
535309053_ec737abde8.jpg,A group of people camp in tents near some trees .
535309053_ec737abde8.jpg,A woman at a campground .
535309053_ec737abde8.jpg,People are camping in a group .
537359971_6e28f5e66e.jpg,two woman wearing skirts walking down the street together
537359971_6e28f5e66e.jpg,Two women in skirts walking across a street .
537359971_6e28f5e66e.jpg,Two women ion skirts walk across a parking lot .
537359971_6e28f5e66e.jpg,"Two women , wearing skirts and carrying purses , cross street in urban area ."
537359971_6e28f5e66e.jpg,Two women with purses walk in an urban location .
537479916_c033897fac.jpg,A black dog finishes running down a blue and orange ramp .
537479916_c033897fac.jpg,A black dog has just run down a blue and red ramp on an obstacle course .
537479916_c033897fac.jpg,A dog and person doing an agility course .
537479916_c033897fac.jpg,a dog runs dog a ramp .
537479916_c033897fac.jpg,A dog runs down a ramp past its trainer .
537532165_e4b7c0e61a.jpg,A child playing on the monkey bars at a playground with an adult present .
537532165_e4b7c0e61a.jpg,a girl hangs on the bars .
537532165_e4b7c0e61a.jpg,A kid hangs upside down on the monkey bars at a playground .
537532165_e4b7c0e61a.jpg,a young children hanging upside at the playground
537532165_e4b7c0e61a.jpg,girl hanging upside down on blue monkey bars
539493431_744eb1abaa.jpg,A man is playing with a fire baton in the day light .
539493431_744eb1abaa.jpg,A man juggling fire .
539493431_744eb1abaa.jpg,A man stands near a playground .
539493431_744eb1abaa.jpg,Man throws flames outside .
539493431_744eb1abaa.jpg,The guy is holding a black stick in front of a playground .
539705321_99406e5820.jpg,A kid in red falls as he struggles with a kid in white to get to a soccer ball .
539705321_99406e5820.jpg,Children chasing the ball in a soccer game .
539705321_99406e5820.jpg,Little boys running and chasing a soccer ball .
539705321_99406e5820.jpg,The boy with the red soccer suit is falling down while the boy in the white shirt has his eyes on the ball .
539705321_99406e5820.jpg,"Two teams of children , one in red and the other in white , are playing soccer ."
539761097_5c6c70425b.jpg,A baby sits with a big sleeping dog .
539761097_5c6c70425b.jpg,A boy toddler climbs on a big white sleeping dog .
539761097_5c6c70425b.jpg,A little boy is petting a very large sleeping dog .
539761097_5c6c70425b.jpg,A little child is sitting next to a beige colored dog .
539761097_5c6c70425b.jpg,A young boy plays with a sleeping tan dog .
540604040_bec822c144.jpg,A girl sliding down a pole
540604040_bec822c144.jpg,A small child with a ponytail dressed in jean shorts and a pink and brown shirt climbs on a pole near wooden playground equipment .
540604040_bec822c144.jpg,A young asian girl is sliding down a pole on outdoor playground equipment .
540604040_bec822c144.jpg,A young girl slides down a bar in a play structure .
540604040_bec822c144.jpg,A young girl sliding down a black pole .
540721368_12ac732c6c.jpg,A girl blows a whistle .
540721368_12ac732c6c.jpg,A little girl in a yellow dress with red flowers blows a whistle .
540721368_12ac732c6c.jpg,A little girl with a yellow dress blows the whistle .
540721368_12ac732c6c.jpg,A small girl blows a whistle .
540721368_12ac732c6c.jpg,A young girl in a yellow flowered sundress holds something in her right hand to her mouth .
540873795_ae62ae6f60.jpg,A bearded man in white clothes is sitting on a long bench .
540873795_ae62ae6f60.jpg,A man dressed in white sitting on a bench .
540873795_ae62ae6f60.jpg,A man in a white outfit on a bench
540873795_ae62ae6f60.jpg,A man wearing white sits on a wooden bench against a white wall .
540873795_ae62ae6f60.jpg,an middle eastern man in a white robe is sitting on a wooden bench with his shoes off .
541046380_513e295384.jpg,An exited girl in a bright pink shirt is observed by another girl in a light pink shirt .
541046380_513e295384.jpg,Two children in pink shirts in front of a store with a bear on the sign and on the window .
541046380_513e295384.jpg,Two girls are standing outside of build-a-bear .
541046380_513e295384.jpg,Two little girls in front of the Build a Bear workshop .
541046380_513e295384.jpg,Two young girls play together in a mall .
544301311_5e7d69a517.jpg,The women sit outside on the steps reading and drinking .
544301311_5e7d69a517.jpg,Two girls sit by a doorway on the steps .
544301311_5e7d69a517.jpg,Two women in period dress sitting in a doorway .
544301311_5e7d69a517.jpg,"Two women in traditional European dress sit on a stoop , one drinking , the other reading ."
544301311_5e7d69a517.jpg,Two women with white head garb and long dresses sitting in front of a door on steps reading and drinking a beverage .
544576742_283b65fa0d.jpg,A rock climber repels off a rocky wall .
544576742_283b65fa0d.jpg,A woman climbing a rock cliff .
544576742_283b65fa0d.jpg,A woman in jeans rock climbing .
544576742_283b65fa0d.jpg,The woman is holding onto a huge rock and has red string around her .
544576742_283b65fa0d.jpg,Woman goes rock climbing .
551403320_dfdcf9fc3b.jpg,A climber traverses a rope ladder between cliffs .
551403320_dfdcf9fc3b.jpg,a long woman wearing a white helment crossing a chain linked bridge
551403320_dfdcf9fc3b.jpg,A man is crossing a mountain pass on a metal bridge .
551403320_dfdcf9fc3b.jpg,A woman is walking across a step ladder bridge between two mountains .
551403320_dfdcf9fc3b.jpg,A woman traverses a wire bridge across a rocky canyon .
554774472_b5d165ff69.jpg,The children play in the pool .
554774472_b5d165ff69.jpg,Two children are playing in an outdoor swimming pool .
554774472_b5d165ff69.jpg,Two children playing in a swimming pool .
554774472_b5d165ff69.jpg,Two children play in the water of an above-ground pool .
554774472_b5d165ff69.jpg,Two little girls playing in the pool .
557721978_dfde31bc02.jpg,A girl jumping in a puddle .
557721978_dfde31bc02.jpg,A small girl jumps in a puddle .
557721978_dfde31bc02.jpg,Girl playing in a puddle with her bare feet .
557721978_dfde31bc02.jpg,Little girl jumping in water puddle
557721978_dfde31bc02.jpg,Young girl in red skirt jumping in water on a flooded street .
562588230_edb2c071c8.jpg,A child is jumping into an inflatable swimming pool .
562588230_edb2c071c8.jpg,A girl plays in an inflatable pool .
562588230_edb2c071c8.jpg,A girl plays in a small pool .
562588230_edb2c071c8.jpg,A little girl plays in a blow up pool .
562588230_edb2c071c8.jpg,A small girl in a bathing suit jumps above a kiddie pool .
566384456_97da3c7bd6.jpg,a man gives a fish to a boy .
566384456_97da3c7bd6.jpg,A man shows a fish to a child .
566384456_97da3c7bd6.jpg,A man wearing a white hat holds a fish up for a small child wearing a life vest .
566384456_97da3c7bd6.jpg,Older man showing fish to young child .
566384456_97da3c7bd6.jpg,The man wearing the cap is handing a freshly caught fish to the boy in the purple hat .
57422853_b5f6366081.jpg,A hiker in a tent on a mountain .
57422853_b5f6366081.jpg,A hiker pokes his head out of a tent high in the mountains .
57422853_b5f6366081.jpg,A man sits in his tent on a mountain .
57422853_b5f6366081.jpg,A person sticks their head out of a tent at the top of a mountain .
57422853_b5f6366081.jpg,Someone is peaking out of a dome tent pitched near a snowy mountain .
576075451_5e0f6facb3.jpg,a black and white dog jumping in the air surrounded by snow
576075451_5e0f6facb3.jpg,Black and white dog jumping up in the snow .
576075451_5e0f6facb3.jpg,Dog jumping in the snow near a tree .
576075451_5e0f6facb3.jpg,Shaggy little dog jumps in the snow .
576075451_5e0f6facb3.jpg,The white and black dog leaped into the air and off the snowy ground .
581419370_30485f3580.jpg,The hikers take a tandem leap while crossing the bridge .
581419370_30485f3580.jpg,two guys jumping up while crossing a bridge
581419370_30485f3580.jpg,Two men are jumping in the air whilst crossing a wooden bridge .
581419370_30485f3580.jpg,Two people are jumping on a bridge in the mountains .
581419370_30485f3580.jpg,Two young men jump on a bridge .
582788646_dc40748639.jpg,A blond boy wearing water wings bends down at the beach .
582788646_dc40748639.jpg,A blond haired child with blue and red floaties playing in the ocean .
582788646_dc40748639.jpg,A child in red and blue floaties looking down at the water .
582788646_dc40748639.jpg,Boy with floaties with his feet in the sand on the beach .
582788646_dc40748639.jpg,Small child with blue floaties on bending over at the beach .
599366440_a238e805cf.jpg,A black and white dog has pinned a brown dog to the ground in front of a wishing well .
599366440_a238e805cf.jpg,A white dog is trying to play with a brown dog .
599366440_a238e805cf.jpg,A white spotted dog plays with a brown dog on the green grass .
599366440_a238e805cf.jpg,Two dogs play together on the grass in front of a small stone well .
599366440_a238e805cf.jpg,Two dogs wrestling on a green lawn .
608257195_6ec6f48e37.jpg,A boy dressed in an orange shirt and a helmet is riding a dirt bike in the woods .
608257195_6ec6f48e37.jpg,A boy wearing a helmet on a bicycle in a wooded area .
608257195_6ec6f48e37.jpg,A boy with a helmet mountain bikes through the woods .
608257195_6ec6f48e37.jpg,"A child is posing on his mountain bike , and wearing a helmet ."
608257195_6ec6f48e37.jpg,Helmeted boy bicyclist on path in the woods .
609681901_66809d2dc1.jpg,Two girls play outside with chalk .
609681901_66809d2dc1.jpg,Two little girls are sitting on pavement playing a game with candy .
609681901_66809d2dc1.jpg,Two little girls play with sidewalk chalk .
609681901_66809d2dc1.jpg,"Two little girls sit in front of the flower garden , playing with chalk ."
609681901_66809d2dc1.jpg,two young girls sitting on a sidewalk coloring on it with chalk
61209225_8512e1dad5.jpg,A civil war reenactment with cannon teams firing cannons .
61209225_8512e1dad5.jpg,A Group of men firing an old fashion cannon .
61209225_8512e1dad5.jpg,A recreation of some battle .
61209225_8512e1dad5.jpg,sveral men participating in a civil war reenactment
61209225_8512e1dad5.jpg,War reenactors fire a cannon .
616177206_0e16c33f6b.jpg,A black policeman is smiling at a larger woman
616177206_0e16c33f6b.jpg,A policeman grins at a woman wearing beads on a crowded street
616177206_0e16c33f6b.jpg,A policeman hugging a woman on the street .
616177206_0e16c33f6b.jpg,A police officer has his arm around a woman on the street .
616177206_0e16c33f6b.jpg,A woman chats with a smiling police officer .
617038406_4092ee91dd.jpg,A group of people gathering around a bag of groceries .
617038406_4092ee91dd.jpg,Children look at a statue of a woman carrying a grocery bag .
617038406_4092ee91dd.jpg,Children standing next to the statue of an old woman holding full paper bags .
617038406_4092ee91dd.jpg,Kids looking in an old woman 's grocery paper bag .
617038406_4092ee91dd.jpg,The woman is holding a grocery bag as several children look into it .
632608471_a70461f123.jpg,A group of little girls perform a recital onstage dressed in all white .
632608471_a70461f123.jpg,Eleven girls in white tutus stand and pose onstage .
632608471_a70461f123.jpg,Group of ballerinas in white tutus get ready to dance
632608471_a70461f123.jpg,"The little ballerinas are all wearing white bows , dresses and leggings ."
632608471_a70461f123.jpg,Young girl ballerinas in white tutus on a stage .
642987597_03b21a1437.jpg,A girl in a tree .
642987597_03b21a1437.jpg,A girl in a tree smiles .
642987597_03b21a1437.jpg,A little brown haired girl up in a tree .
642987597_03b21a1437.jpg,The smiling girl has climbed a tree .
642987597_03b21a1437.jpg,"Young girl with long , dark hair , in a tree ."
652542470_60e858da64.jpg,A girl prepares herself for the swim meet .
652542470_60e858da64.jpg,A young girl wearing a bathing suit and goggles sits and waits .
652542470_60e858da64.jpg,A young swimmer sits in a bathing suit and waits for the next race .
652542470_60e858da64.jpg,Kid sits wearing swim gear .
652542470_60e858da64.jpg,Young girl in a competitive swimming outfit .
654130822_4aeb1f1273.jpg,A close shot of a young swimmer sitting on the edge of a pool in front of others .
654130822_4aeb1f1273.jpg,A swimmer with goggles on looking towards something out of view .
654130822_4aeb1f1273.jpg,A young girl dressed in swimwear and goggles
654130822_4aeb1f1273.jpg,A young girl in her swimsuit is getting ready to compete .
654130822_4aeb1f1273.jpg,The swimmer is wearing goggles and looking into the distance .
661755629_602ea4cf09.jpg,A black and brown dog with a red ball overhead plays in the grass .
661755629_602ea4cf09.jpg,A little dog is looking at a red ball .
661755629_602ea4cf09.jpg,a little furry dog playing with a red ball in a forest
661755629_602ea4cf09.jpg,A small dog tries to catch a red ball .
661755629_602ea4cf09.jpg,This tiny dog is about to jump in the air to catch a red ball .
661757041_61e131e913.jpg,A little dog is attempting to catch a red ball .
661757041_61e131e913.jpg,A small black and brown long haired dog prepares to catch a red ball in the grass .
661757041_61e131e913.jpg,A small dog is about to catch a red ball while in the grass .
661757041_61e131e913.jpg,A small dog tries to catch a red ball .
661757041_61e131e913.jpg,Dog catching red ball in a field .
662606040_8cc8cd9f1b.jpg,A brown and black dog running to fetch a red ball .
662606040_8cc8cd9f1b.jpg,A dog and a red ball in the air .
662606040_8cc8cd9f1b.jpg,A small dog is running behind a red ball thrown towards bushes .
662606040_8cc8cd9f1b.jpg,A small dog plays on the green grass .
662606040_8cc8cd9f1b.jpg,"A small dog runs after a red ball , though a leafy outdoor area ."
689776124_07f560a920.jpg,A black dog is happily running through the grass .
689776124_07f560a920.jpg,A black dog running toward the camera .
689776124_07f560a920.jpg,a black dog runs with its tongue out .
689776124_07f560a920.jpg,A dark dog with its tongue hanging out runs through the grass .
689776124_07f560a920.jpg,A dog plays in the grass .
691770760_48ce80a674.jpg,A brown dog leaping from a dock into the water .
691770760_48ce80a674.jpg,A dog is distance jumping into a pool of water while spectators are watching .
691770760_48ce80a674.jpg,A tan dog leaps into the water .
691770760_48ce80a674.jpg,"Dog leaps into pool marked for distance , man and woman watch in background ."
691770760_48ce80a674.jpg,Two people watch a dog run along a blue cloth with numbers on it .
693450725_8ad72389e6.jpg,A closeup of a brown dog in front of a building .
693450725_8ad72389e6.jpg,A dog in the grass in front of a building .
693450725_8ad72389e6.jpg,A dog lies in the grass next to a mansion .
693450725_8ad72389e6.jpg,A little dog on a field in front of a building ; taken from the dog 's perspective .
693450725_8ad72389e6.jpg,A small brown dog stands in the grass next to an ornate building .
697582336_601462e052.jpg,A black and brown dog running across the grass .
697582336_601462e052.jpg,A black and brown dog runs in the grass while hanging its tongue out .
697582336_601462e052.jpg,A black dog runs on green grass towards the camera .
697582336_601462e052.jpg,a brown and black dog on the grass
697582336_601462e052.jpg,The German shepherd runs happily in the park .
697778778_b52090709d.jpg,Three climbers on rocks near waterfall .
697778778_b52090709d.jpg,Three men climb a natural waterfall rock face .
697778778_b52090709d.jpg,Three men in matching outfits climb a rock wall next to a waterfall .
697778778_b52090709d.jpg,Three people are climbing rocks near a small waterfall .
697778778_b52090709d.jpg,Three people rock climbing in matching clothes beside a small waterfall .
700884207_d3ec546494.jpg,A baby is dressed up in pink gear and staring while an adult holds her steady .
700884207_d3ec546494.jpg,A small baby wearing sunglasses sits on an adult 's lap .
700884207_d3ec546494.jpg,A woman holds a fat baby with sunglasses and a denim hat .
700884207_d3ec546494.jpg,A woman is holding onto a baby wearing who is wearing sunglasses .
700884207_d3ec546494.jpg,The baby in a blue jean hat and sunglasses looks at the camera while being held .
707972553_36816e53a2.jpg,A child in a straw hat stands on stones at a beach .
707972553_36816e53a2.jpg,A kid wearing a hat and wet pants stands on a rock at the beach .
707972553_36816e53a2.jpg,A small child wearing a hat is playing on rocks at the edge of a body of water .
707972553_36816e53a2.jpg,"Child wearing a hat steps on rocks on shore , water in background ."
707972553_36816e53a2.jpg,Lady with straw hat covering face and head standing on a rock in front of the ocean wearing red sandals .
709373049_15b8b6457a.jpg,A little girl plays with the tire swing at the playground .
709373049_15b8b6457a.jpg,A young girl at a park is jumping off a tire swing while it is swinging into the air .
709373049_15b8b6457a.jpg,A young girl swinging off a tire swing
709373049_15b8b6457a.jpg,Girl in red outfit jumping out of tire swing
709373049_15b8b6457a.jpg,Little girl in red dress plays on outdoor tire swing .
710878348_323082babd.jpg,A boy jumping in the air on the beach .
710878348_323082babd.jpg,A boy with swimming trunks and goggles jumping on the sand by the beach
710878348_323082babd.jpg,A kid with sunglasses in jumping on the beach .
710878348_323082babd.jpg,A young boy jumping in the air at the beach .
710878348_323082babd.jpg,Boy in swim trunks jumping on beach
72218201_e0e9c7d65b.jpg,A group of children run a footrace in the snow .
72218201_e0e9c7d65b.jpg,A group of young boys race on a snowy day .
72218201_e0e9c7d65b.jpg,School kids racing in the snow .
72218201_e0e9c7d65b.jpg,The children are running in the snow with fences in the background .
72218201_e0e9c7d65b.jpg,The young runners are racing through the snow .
724702877_f2a938766b.jpg,A dog has jumped in the air to catch a tennis ball .
724702877_f2a938766b.jpg,A small brown dog jumping up to catch a tennis ball .
724702877_f2a938766b.jpg,A small brown dog jumps and catches a tennis ball
724702877_f2a938766b.jpg,A small dog jumping with a ball in its mouth .
724702877_f2a938766b.jpg,Small dog catches a tennis ball in its mouth indoors .
733172023_5810350af6.jpg,A girl in an orange tank top stands outside a cafe .
733172023_5810350af6.jpg,a girl standing outside of a clothing shop
733172023_5810350af6.jpg,"A woman stands near chairs and tables , outside a store ."
733172023_5810350af6.jpg,A woman stands outside near a dress shop .
733172023_5810350af6.jpg,There is a sidewalk with a rack of dresses and a girl in jeans and a red shirt .
733752482_ee01a419e5.jpg,a brown and white dog is running on the grass .
733752482_ee01a419e5.jpg,A brown and white dog is walking through a grassy field .
733752482_ee01a419e5.jpg,A brown and white dog running with his tongue hanging out .
733752482_ee01a419e5.jpg,A closeup of a brown dog with his tongue out .
733752482_ee01a419e5.jpg,A puppy plays in a field .
742073622_1206be8f7f.jpg,A boy stands in the road wearing a big red hat .
742073622_1206be8f7f.jpg,A boy wearing a red hat is standing in the middle of the road .
742073622_1206be8f7f.jpg,A little child stands in the middle of the street wearing a large red hat while people sit on the grass .
742073622_1206be8f7f.jpg,A small boy wearing a red hat is standing in a street .
742073622_1206be8f7f.jpg,A small child with a funny red hat stands in the road .
745966757_6d16dfad8f.jpg,A young girl has on rollerblades and looks ready to give it a try .
745966757_6d16dfad8f.jpg,A young girl on Rollerblades .
745966757_6d16dfad8f.jpg,A young girl with rollerblades and green foliage in the background .
745966757_6d16dfad8f.jpg,The girl is wearing a blue striped shirt and Rollerblades .
745966757_6d16dfad8f.jpg,The young girl is rollerblading outside near green bushes .
747242766_afdc9cb2ba.jpg,A brown dog with very floppy ears runs through a field of emerald grass .
747242766_afdc9cb2ba.jpg,A fluffy dog in grass .
747242766_afdc9cb2ba.jpg,A spaniel runs through the grass .
747242766_afdc9cb2ba.jpg,Brown and white dog runs at camera over grass .
747242766_afdc9cb2ba.jpg,The dog has his tongue sticking out and walking in the grass .
750196276_c3258c6f1b.jpg,A boy runs near some steps .
750196276_c3258c6f1b.jpg,A little boy is running on some concrete steps .
750196276_c3258c6f1b.jpg,A young boy in a green shirt and green sweat pants running on a concrete floor .
750196276_c3258c6f1b.jpg,A young boy runs down a cement stairway .
750196276_c3258c6f1b.jpg,The small boy is running and smiling .
756004341_1a816df714.jpg,"Two children in a yard wearing sunglasses , with a play structure behind them ."
756004341_1a816df714.jpg,Two children in orange sunglasses .
756004341_1a816df714.jpg,Two children wearing sunglasses sit outside of a plastic tent .
756004341_1a816df714.jpg,Two little girls sitting in the grass wearing sunglasses .
756004341_1a816df714.jpg,Two young children wearing sunglasses
756521713_5d3da56a54.jpg,A seated woman with short hair and a camera throws a Frisbee to a brown dog .
756521713_5d3da56a54.jpg,A woman is throwing a red Frisbee toward a brown dog .
756521713_5d3da56a54.jpg,A woman who is sitting in a field listening to music throws a frisbree for her brown dog .
756521713_5d3da56a54.jpg,The woman wearing the pink jacket has thrown a Frisbee for the dog to catch .
756521713_5d3da56a54.jpg,Woman with camera is throwing a Frisbee for her brown dog to catch .
757133580_ba974ef649.jpg,A child at the top of a fake rock wall .
757133580_ba974ef649.jpg,A child climbs a rock wall .
757133580_ba974ef649.jpg,A child wearing a green shirt is bungee climbing .
757133580_ba974ef649.jpg,A young boy in a green shirt is strapped in a harness climbing a rock wall .
757133580_ba974ef649.jpg,A young boy is rock climbing while suspended in a harness .
757332692_6866ae545c.jpg,A smiling woman punching a dog .
757332692_6866ae545c.jpg,A tan dog licks a girls hand while laying down .
757332692_6866ae545c.jpg,A woman dressed in green is playing with her tan dog .
757332692_6866ae545c.jpg,The girl with the green scarf and the white dog appear to be playing .
757332692_6866ae545c.jpg,The light brown dog with white spots is nibbling on the girls hand .
760138567_762d9022d4.jpg,A child jumping from a slide into a pool .
760138567_762d9022d4.jpg,A girl goes down a yellow slide into a pool .
760138567_762d9022d4.jpg,A girl is jumping into a pool with two slides behind her .
760138567_762d9022d4.jpg,A little girl jumps from the yellow ladder into the swimming pool .
760138567_762d9022d4.jpg,A young girl in a blue bathing suit jumps off of a yellow slide into the water .
769260947_02bc973d76.jpg,A dog stands shoulder deep in muddy water .
769260947_02bc973d76.jpg,A dog with white fur is moving through deep murky water .
769260947_02bc973d76.jpg,A light tan dog swimming through swampy water .
769260947_02bc973d76.jpg,A white dog is standing in mud up to its neck
769260947_02bc973d76.jpg,A white dog is wading in natural water with algae .
781118358_19087c9ec0.jpg,A curly-haired boy jumps up on a bed .
781118358_19087c9ec0.jpg,A little boy jumping on the bed
781118358_19087c9ec0.jpg,"A little boy with brown curly hair , wearing a red shirt , is jumping on a white bed ."
781118358_19087c9ec0.jpg,A young boy in a red shirt jumps on a bed .
781118358_19087c9ec0.jpg,The young boy in the red and blue outfit is poised in midair .
781387473_208ba152b3.jpg,A girl in a pink shirt on a carnival ride with a huge stuffed animal .
781387473_208ba152b3.jpg,A girl sits on a ride with a stuffed animal next to her above a carnival .
781387473_208ba152b3.jpg,A little girl and her stuffed monkey seated on a ride above the fairgrounds .
781387473_208ba152b3.jpg,A little girl sits on a Farris wheel seat next to a giant stuffed animal .
781387473_208ba152b3.jpg,Girl and large stuffed animal riding an amuseument ride over a fair .
783353797_fdf91bdf4c.jpg,A girl is on the sidewalk looking at a white van in the street .
783353797_fdf91bdf4c.jpg,A woman in white is pointed at by a sign on the road saying look right .
783353797_fdf91bdf4c.jpg,"A woman standing in front of the words "" Look Right "" painted on a street ."
783353797_fdf91bdf4c.jpg,The little girl in a white dress stands by a street with white words written on it .
783353797_fdf91bdf4c.jpg,"The words "" Look Right "" with an arrow painted on a city street , with a female in the foreground ."
795081510_53fd17d101.jpg,"A couple hold each other , standing on a ferry , looking out at a ferry ."
795081510_53fd17d101.jpg,A couple standing on the deck of a boat watching the water .
795081510_53fd17d101.jpg,A man embraces a woman as they look over the railing out over the water at a ship .
795081510_53fd17d101.jpg,Couple overlooking a metal rail with water and a boat int he background .
795081510_53fd17d101.jpg,The couple is together looking at the large ship in the ocean .
799486353_f665d7b0f0.jpg,A child is waiting on the beach holding a boogie board .
799486353_f665d7b0f0.jpg,A girl looks out into the ocean as she stands on the sand with her yellow boogie board .
799486353_f665d7b0f0.jpg,A young girl holding a boogie board at the beach
799486353_f665d7b0f0.jpg,A young girl standing on the beach with her body board looks out on the ocean .
799486353_f665d7b0f0.jpg,A young woman holding a surfboard contemplates the ocean .
811662356_f9a632b63c.jpg,A child stands near a fence .
811662356_f9a632b63c.jpg,A small child touches a wooden fence .
811662356_f9a632b63c.jpg,A toddler boy stands by a wooden fence .
811662356_f9a632b63c.jpg,A toddler in a white t-shirt is touching the wooden fence .
811662356_f9a632b63c.jpg,Blond boy touching wooden wall .
823675317_b5fbdb17b3.jpg,a boy in blue carries a bucket .
823675317_b5fbdb17b3.jpg,A boy in blue swim trunks carries a blue bucket down a crowded beach .
823675317_b5fbdb17b3.jpg,A child walks on the beach with a bucket .
823675317_b5fbdb17b3.jpg,The boy in the blue shorts is carrying a bucket on the beach .
823675317_b5fbdb17b3.jpg,Young boy in blue shorts at the beach .
824923476_d85edce294.jpg,A black and white dog following behind some spotted geese .
824923476_d85edce294.jpg,A black and white dog stalks a flock of five geese .
824923476_d85edce294.jpg,A flock of brown and white geese are walking through grass with a black and white dog nearby .
824923476_d85edce294.jpg,A group of ducks in a field .
824923476_d85edce294.jpg,The black dog is crouching down in the field behind the ducks .
836828001_af98d16256.jpg,A child in the bathtub with water coming out of his mouth .
836828001_af98d16256.jpg,A child spitting out water .
836828001_af98d16256.jpg,A small boy in the bathtub spits water .
836828001_af98d16256.jpg,A young child in a bathtub spitting water
836828001_af98d16256.jpg,Young boy in a bathtub spits out water .
842960985_91daf0d6ec.jpg,A man in a beige trench coat is walking in the rain .
842960985_91daf0d6ec.jpg,A man in a tan trench coat and blue jeans walks with a black umbrella open over his head .
842960985_91daf0d6ec.jpg,A man in a trench coat is walking with an umbrella .
842960985_91daf0d6ec.jpg,"A man with white hair , a long trench coat and an umbrella walks past a parking meter ."
842960985_91daf0d6ec.jpg,Man walking with his umbrella in a bleak street .
848293676_98e73c52c1.jpg,A boy in a red suit jumps into a pool .
848293676_98e73c52c1.jpg,A boy in red shorts is jumping into a swimming pool with a red chair beside it .
848293676_98e73c52c1.jpg,A small boy in red shorts leaping into a swimming pool .
848293676_98e73c52c1.jpg,A small boy jumps into a swimming pool .
848293676_98e73c52c1.jpg,A young boy in red swim trunks is jumping into a pool .
854333409_38bc1da9dc.jpg,"The dog on the right has a red object in his mouth , and the other dog has biting it ."
854333409_38bc1da9dc.jpg,Two black dogs playing with orange object run across grass .
854333409_38bc1da9dc.jpg,Two black dogs play with a toy .
854333409_38bc1da9dc.jpg,"Two black labs run , one carrying an orange dog toy ."
854333409_38bc1da9dc.jpg,Two dark dogs run together and one holds something in its mouth .
857914283_270d7d1c87.jpg,Two blonde boys are playing on a bed .
857914283_270d7d1c87.jpg,two boys fight .
857914283_270d7d1c87.jpg,"Two boys with blonde hair , wearing stripped shirts on a bed ."
857914283_270d7d1c87.jpg,Two little blond boys play on a bed in a room with wood paneling .
857914283_270d7d1c87.jpg,Two little boys are playing together on the bed .
862054277_34b5a6f401.jpg,"A little girl in a swimsuit and braids is in front of the water , in the grass , with her arms crossed in front of her chest"
862054277_34b5a6f401.jpg,A young girl in a bathing suit and pigtails crosses her arms .
862054277_34b5a6f401.jpg,A young girl in a pink swimsuit .
862054277_34b5a6f401.jpg,A young girl sitting in the grass near a lake .
862054277_34b5a6f401.jpg,Ypoung girl with arms crossed over her heart wearing a bikini setting in tall grass in front of a body of water .
864290968_eccb46d5ab.jpg,A bearded man sits at a bus window .
864290968_eccb46d5ab.jpg,A man with a grey beard is sitting by a window .
864290968_eccb46d5ab.jpg,An elder man with a long grey beard riding on the bus .
864290968_eccb46d5ab.jpg,bearded man rides a bus
864290968_eccb46d5ab.jpg,The man with the beard is sitting in a bus staring forward .
866841633_05d273b96d.jpg,A man wearing a orange vest is canoeing in the blue water .
866841633_05d273b96d.jpg,A person paddles a boat while another has fallen into the water .
866841633_05d273b96d.jpg,One person kayaks as another kayer sinks their boat .
866841633_05d273b96d.jpg,Two kayakers ; one paddling and one in the water .
866841633_05d273b96d.jpg,Two small canoes are out in the middle of the water .
874665322_9ad05c4065.jpg,A brown dog is playing outside in a grassy area .
874665322_9ad05c4065.jpg,A brown dog wearing a blue harness jumps over the grassy field .
874665322_9ad05c4065.jpg,A brown dog with a blue bandanna is jumping over grass .
874665322_9ad05c4065.jpg,A dog is jumping in the grass .
874665322_9ad05c4065.jpg,A dog runs through the grass .
881725588_efabbcd96a.jpg,A group of girls and two are pulling on some type of yarn item in a girls bag .
881725588_efabbcd96a.jpg,"In a crowd , two other people finger the fringe of a knit garment hanging on a woman 's shoulder ."
881725588_efabbcd96a.jpg,The girls are braiding .
881725588_efabbcd96a.jpg,Two women pull on another coat .
881725588_efabbcd96a.jpg,Women pull on yarn-like strings of another woman 's plaid bag .
883040210_3c4a10f030.jpg,A climber is sillhouetted against the sky and rocks as he hangs by a rope from another rock .
883040210_3c4a10f030.jpg,A person hangs from a safety rope as he climbs down a large cliff .
883040210_3c4a10f030.jpg,A person is abseiling down a rock face attached to a rope .
883040210_3c4a10f030.jpg,A person jumping down a rope on a cliff .
883040210_3c4a10f030.jpg,The man repels down the side of a cliff .
887108308_2da97f15ef.jpg,A child walks while holding an adult 's hand .
887108308_2da97f15ef.jpg,A man holds a child 's hand as they walk .
887108308_2da97f15ef.jpg,A woman walks hand-in-hand with a little boy who looks like he 's pulling out a wedgie
887108308_2da97f15ef.jpg,A young boy has his hand in the back of his pants as he walks .
887108308_2da97f15ef.jpg,The man is walking with a young child outside .
90011335_cfdf9674c2.jpg,"A boat is on the water , with mountains in the background ."
90011335_cfdf9674c2.jpg,A boat on the water .
90011335_cfdf9674c2.jpg,A lone boat sitting in the water .
90011335_cfdf9674c2.jpg,A white boat on glassy water with mountains in the background .
90011335_cfdf9674c2.jpg,This is a boat on the water with mountains in the background .
905355838_3a43fdfd4e.jpg,A baseball player standing on the field
905355838_3a43fdfd4e.jpg,a baseball player stands and faces the crowd .
905355838_3a43fdfd4e.jpg,A baseball player wearing a number 19 shirt looks at the outfield .
905355838_3a43fdfd4e.jpg,A male ballplayer wearing a white and blue uniform playing in front of a large crowd .
905355838_3a43fdfd4e.jpg,Baseball player looking out into a stadium crowd
917574521_74fab68514.jpg,One young girl pushing a toy while her twin sister looks on .
917574521_74fab68514.jpg,Two children wearing bright pink clothes are playing with a toy lawnmower .
917574521_74fab68514.jpg,Two girls are dressed the same and one of them is playing with a toy lawnmower .
917574521_74fab68514.jpg,"Two little girls stand against a wall , one girl has a happy face and the other girl has a sad face ."
917574521_74fab68514.jpg,Two twin girls playing with a toy in the driveway
929679367_ff8c7df2ee.jpg,A beagle is playing with a tennis ball .
929679367_ff8c7df2ee.jpg,A puppy dog is playing with a tennis ball .
929679367_ff8c7df2ee.jpg,A puppy is playing with a tennis ball on a well-kept path lined with groomed bushes .
929679367_ff8c7df2ee.jpg,A puppy plays with a tennis ball on a stone path .
929679367_ff8c7df2ee.jpg,A white-footed beagle plays with a tennis ball on a garden path .
930126921_1b94605bdc.jpg,A man in a black shirt enjoys a snack while a woman in a white shirt looks confused .
930126921_1b94605bdc.jpg,A man is eating from a paper cone while a woman stands behind him .
930126921_1b94605bdc.jpg,A man is standing in front of a woman while eating something .
930126921_1b94605bdc.jpg,One dark-skinned man is eating French Fries and blond woman is standing behind him
930126921_1b94605bdc.jpg,The man white purple and white polka-dotted shirts is eating and looking to his right while the woman behind him has a confused look on her face .
937559727_ae2613cee5.jpg,A blonde fisherman standing in the water prepares his hook .
937559727_ae2613cee5.jpg,A fisherman wearing a waterproof jumpsuit looks at something in his hand .
937559727_ae2613cee5.jpg,A man hooking a line .
937559727_ae2613cee5.jpg,A man in fishing overalls in the water .
937559727_ae2613cee5.jpg,The fisherman stands in water while looking at something small in his hands .
94232465_a135df2711.jpg,A lady ice skates while pulling a child in a buggy .
94232465_a135df2711.jpg,A mother pulls her daughter in a wagon over a snowy plain .
94232465_a135df2711.jpg,A woman pulling a wagon with a girl in it across a frozen lake
94232465_a135df2711.jpg,The girl pulls a toddler in a cart while skating on the ice .
94232465_a135df2711.jpg,The woman is ice skating and pulling the little girl in the cart across the ice .
942399470_6132d3e5d2.jpg,A bearded man is sitting on a bench wearing a fur lined jacket and hat .
942399470_6132d3e5d2.jpg,A bearded man with animal hide coat and hat .
942399470_6132d3e5d2.jpg,"A long-bearded man wearing a coat , fur vest , and broad brimmed fur-trimmed hat ."
942399470_6132d3e5d2.jpg,Man wearing animal skins sitting on a green bench .
942399470_6132d3e5d2.jpg,"The man with a long beard and moustache , wearing a hat , sits outside ."
944788251_a0bcd4b960.jpg,A boy and a dog on a dock are watching another dog swim away .
944788251_a0bcd4b960.jpg,A boy and a dog stand on a dock watching another dog .
944788251_a0bcd4b960.jpg,A boy and a large dog stand on a dock watching another dog swim in the water .
944788251_a0bcd4b960.jpg,A boy and his dog are watching an object in the water .
944788251_a0bcd4b960.jpg,a boy in a white shirt and a black dog looking at another dog in the water
946051430_8db7e4ce09.jpg,girls in swimsuits jumping into water from behind
946051430_8db7e4ce09.jpg,A group of five women and girls in bathing suits jumps into the water with their backs to the camera .
946051430_8db7e4ce09.jpg,"Five girls in swimsuits , are seen from the back , jumping into the water ."
946051430_8db7e4ce09.jpg,"Girls in swimsuits , holding hands and leaping into water ."
946051430_8db7e4ce09.jpg,The five girls wearing swimsuits jump into the water .
95728660_d47de66544.jpg,A guy is riding a bike up the side of a hill .
95728660_d47de66544.jpg,A young man bicycles towards the camera and away from beautiful mountains on a clear day .
95728660_d47de66544.jpg,Man on bike in mountains
95728660_d47de66544.jpg,Man riding a bicycle down a narrow path .
95728660_d47de66544.jpg,man riding bike on trail
957682378_46c3b07bcd.jpg,A brown dog and a black dog run into each other in the grass .
957682378_46c3b07bcd.jpg,A brown dog is grabbing the collar of a black dog .
957682378_46c3b07bcd.jpg,A dark black dog is playing with a light brown dog in a backyard .
957682378_46c3b07bcd.jpg,Two dogs are wrestling in a field .
957682378_46c3b07bcd.jpg,Two dogs are wrestling in the park .
96985174_31d4c6f06d.jpg,A hiker is walking along a path at the foot of some snowcapped mountains .
96985174_31d4c6f06d.jpg,A man walks near mountains .
96985174_31d4c6f06d.jpg,A man with ski poles stands in front of a mountain .
96985174_31d4c6f06d.jpg,The person is walking in the mountains .
96985174_31d4c6f06d.jpg,The skier is looking at the snowcapped mountains .
970641406_9a20ee636a.jpg,A group of people gather on a balcony .
970641406_9a20ee636a.jpg,A group of people standing on a balcony in a very modern setting .
970641406_9a20ee636a.jpg,a group of people standing on a small balcony of a large building
970641406_9a20ee636a.jpg,A group of people stand on a balcony .
970641406_9a20ee636a.jpg,Four people ride in an outdoor elevator .
972381743_5677b420ab.jpg,"A girl all in black and white , and carrying an umbrella , walks down the street , as others watch ."
972381743_5677b420ab.jpg,A girl dressed in black and white with mime makeup stands in the middle of a street with a white umbrella and black top hat in her hand .
972381743_5677b420ab.jpg,a performer dancing in the streets wearing an exotic outfit
972381743_5677b420ab.jpg,a woman with a shaved head dressed in black and white in a parade
972381743_5677b420ab.jpg,The lady in the street is wearing a white and black costume and is carrying a white umbrella .
977856234_0d9caee7b2.jpg,A brown dog in a pink shirt runs through a field .
977856234_0d9caee7b2.jpg,A hairy dog with a pink shirt running through a field
977856234_0d9caee7b2.jpg,A long-haired dog wearing a pink vest and running
977856234_0d9caee7b2.jpg,Brown dog in a pink sweater runs on yellow grass .
977856234_0d9caee7b2.jpg,Dog with pink jacket running in field
978580450_e862715aba.jpg,A blonde child swims .
978580450_e862715aba.jpg,A boy is swimming in open water .
978580450_e862715aba.jpg,a child submerges from the water .
978580450_e862715aba.jpg,A kid comes up from the water .
978580450_e862715aba.jpg,The small child comes up from underwater .
979383193_0a542a059d.jpg,A group of six children sit at a wooden table .
979383193_0a542a059d.jpg,A group of young asian children pose for a picture at a table .
979383193_0a542a059d.jpg,"Six children , all with black hair , sit at a table for a picture ."
979383193_0a542a059d.jpg,Six children at a table .
979383193_0a542a059d.jpg,Six small children sitting at a desk .
985067019_705fe4a4cc.jpg,A boy goes down an inflatable slide .
985067019_705fe4a4cc.jpg,A boy in red slides down an inflatable ride .
985067019_705fe4a4cc.jpg,A boy is sliding down in a red shirt .
985067019_705fe4a4cc.jpg,A child going down an inflatable slide .
985067019_705fe4a4cc.jpg,"A young boy sliding down an inflatable , is looking off camera ."
989754491_7e53fb4586.jpg,A girl in a pool wearing goggles and surrounded by other children
989754491_7e53fb4586.jpg,A girl in green goggles in a pool with three other children .
989754491_7e53fb4586.jpg,A red haired girl making a peace sign is wearing neon green glasses and floaties and playing in the pool with other kids .
989754491_7e53fb4586.jpg,A red-headed girl offers the peace sign as she swims in the pool with floaties .
989754491_7e53fb4586.jpg,A young girl with goggles and floaties poses for the camera as she plays in a pool .
997338199_7343367d7f.jpg,A person stands near golden walls .
997338199_7343367d7f.jpg,a woman behind a scrolled wall is writing
997338199_7343367d7f.jpg,A woman standing near a decorated wall writes .
997338199_7343367d7f.jpg,The walls are covered in gold and patterns .
997338199_7343367d7f.jpg,"Woman writing on a pad in room with gold , decorated walls ."
997722733_0cb5439472.jpg,A man in a pink shirt climbs a rock face
997722733_0cb5439472.jpg,A man is rock climbing high in the air .
997722733_0cb5439472.jpg,A person in a red shirt climbing up a rock face covered in assist handles .
997722733_0cb5439472.jpg,A rock climber in a red shirt .
997722733_0cb5439472.jpg,A rock climber practices on a rock climbing wall .
